2.0949659971093233,0.8791408344568146,0.6903892239660159,0.8344558429801937,0.724700117845819,0.7351947569294507,1.4920807036717174,1.7078233013048645,0.8797382973376766,1.3544487815007116,0.9969248374598336,0.9469043596875425,1.0113238586927307,0.9909844434539647,0.8291000251326064,1.038657431600197,2.147137680963857,0.9126429611997297,1.2148669187229426,1.2307084570711324,0.9157778124085338,0.8829519966203723,1.048894484248897,1.0913623203076601,0.8921689937142399,0.8074474583801161,1.0355666144452305,1.1641216640916308,0.5510493812360129,1.4990788069038259,1.1632364163458098,1.3789997871890745,0.9158667407572091,1.1589714926536288,1.2724867347526716,0.8989410109820384,1.269634030156558,1.0147161635544844,1.3013639438149485,1.5946792621849848,1.1096803063608225,1.1934444948138678,1.5755484774719937,1.513079565696992,1.012147227453604,0.8126139642055638,1.107243525982149,0.9679265056002848,1.0483509208976702,1.0341562672132882,0.8638451614462389,0.928781252454762,0.8015905546466559,0.9905338739079096,1.0879365420184834,1.0136493856414752,1.0959466924590529,-0.0562796350493443
2.073609314092961,1.014145280634954,0.6254992067353845,0.794462189504276,0.7162165979036437,0.8073375263101932,1.3314380730513942,1.7584620163846054,0.8169279330693502,1.2368712654079281,1.0303900933539216,0.9860960901917403,0.9961890152483723,0.9787102894248351,0.8403636995170862,1.004025078756852,2.0769998817704107,0.8466795191363202,1.2257914093543534,1.201970422649257,0.9157778124085338,0.8829519966203723,1.048894484248897,1.0913623203076601,0.8921689937142399,0.8074474583801161,1.0355666144452305,1.1641216640916308,0.513546527900589,1.3908333086976956,1.3455282737035268,1.4304838244905382,0.9088767282085543,1.1249078176992686,1.2180238440103706,0.8250261048172821,1.3217015781595132,1.0700684507292204,1.1741008282054812,1.5466929693229339,1.1104416396072685,1.1332630922947233,1.555024003715946,1.338614143856362,1.0062651353137126,0.756292423476265,1.097036373028485,1.0325440689083387,1.0483509208976702,1.0341562672132882,0.8638451614462389,0.928781252454762,0.8015905546466559,0.9905338739079096,1.0879365420184834,1.0136493856414752,1.149131663770652,-0.027969614300942955
1.9971503691152246,1.0134124333898447,0.585120032454314,0.7448880223681373,0.7206007742201062,0.8644575467734803,1.2046813755688548,1.685705140782399,0.829283921491278,1.3517124097556987,1.0418233889921598,0.9875289557467212,0.9323969287370761,0.9735003835917234,0.7885016963919942,1.0943075981221198,2.2754755649767633,0.8613229735876072,1.2943543072917931,1.1742543672916355,0.9157778124085338,0.8829519966203723,1.048894484248897,1.0913623203076601,0.8921689937142399,0.8074474583801161,1.0355666144452305,1.1641216640916308,0.4590487720174295,1.3949088204554965,1.4872159372103837,1.4854107725698487,0.9182263834313399,0.9988049549231542,1.0554468082145112,0.9001264927655901,1.26484016208735,1.013455722732784,1.1689860680361717,1.7154908516800575,1.106588798717247,1.0566383161907524,1.6812442151165155,1.2409148119599949,1.0066481155167581,0.7566032422344379,1.0456012799481555,1.0413406408584192,1.0483509208976702,1.0341562672132882,0.8638451614462389,0.928781252454762,0.8015905546466559,0.9905338739079096,1.0879365420184834,1.0136493856414752,1.1343460453429384,-0.05789888633527335
1.9416476061523293,0.9882769647793161,0.5165426743610074,0.823408046695412,0.7970975190787868,0.8374917804892035,1.1938378421687605,1.596892532926508,0.8139986569911473,1.3233998008529841,1.0423811705227133,1.0255546901031671,0.8770655389615875,0.9509260755666524,0.7595985547941508,1.1291224242272708,2.248791869550787,0.860324561012472,1.1812985930469064,1.2694827834254672,0.9157778124085338,0.8829519966203723,1.048894484248897,1.0913623203076601,0.8921689937142399,0.8074474583801161,1.0355666144452305,1.1641216640916308,0.41299738480877096,1.3559784914945365,1.4617234031528339,1.4038086663427154,0.8981443869527002,1.0506446850962698,1.0595196862798293,0.9751666422917451,1.145910304705689,0.9914367298338779,1.1745851826894826,1.6395085994822536,1.1008594694300955,1.0428937239247185,1.5967688285036994,1.3395302058039709,1.0796886982974923,0.759778376363412,1.03438693253726,1.0905858596111933,1.0483509208976702,1.0341562672132882,0.8638451614462389,0.928781252454762,0.8015905546466559,0.9905338739079096,1.0879365420184834,1.0136493856414752,1.1594004140065437,-0.08244954512592698
1.8760138319789903,0.9555972195994022,0.6562808940829091,0.8897460791380755,0.7300974092230079,0.838158113394475,1.1852621726093993,1.7077914010113604,0.8856520940587237,1.2030534151018824,1.0934241633024817,1.034034222632816,0.8587232199614628,0.9947957214410077,0.7684676142908916,1.1834407345390148,2.18795748845956,0.7892717171422526,1.2140761940640672,1.3053640370955655,0.9157778124085338,0.8829519966203723,1.048894484248897,1.0913623203076601,0.8921689937142399,0.8074474583801161,1.0355666144452305,1.1641216640916308,0.41289366196941263,1.3975455276908832,1.4587879191055872,1.2714701411918239,0.9563181777180002,1.0470768517808249,1.0774058361398084,0.9818550662101235,1.197106171035485,1.0674153236772908,1.2153583960267178,1.6515617226769965,1.2487887877124233,1.1227974672780985,1.5910543756549926,1.2639648848509468,1.007693648128207,0.7311890042019582,1.0865662335604402,1.090743739893498,1.0483509208976702,1.0341562672132882,0.8638451614462389,0.928781252454762,0.8015905546466559,0.9905338739079096,1.0879365420184834,1.0136493856414752,1.137503056416879,-0.05765385651942727
1.959533280958174,1.0586003556813317,0.6842099917613069,0.8142295794115969,0.6829495802444228,0.9154520150549342,1.2048588449684337,1.6819612987159371,0.787602123012243,1.1339651051196689,1.0150322065385362,0.9906737645888115,0.9688644476350818,1.1115376224604552,0.7267717225344537,1.1477275967886147,2.0473455497464443,0.7878817392731938,1.2422437586056116,1.2159637413471456,0.9157778124085338,0.8829519966203723,1.048894484248897,1.0913623203076601,0.8921689937142399,0.8074474583801161,1.0355666144452305,1.1641216640916308,0.3805938370151853,1.4868458407213005,1.3979829406501265,1.18709682844649,0.9821487744440713,1.1908425853631355,0.9271130176117434,1.0315025412861603,1.1337334590478643,0.9961741004738411,1.1407782296981772,1.6997992960159332,1.3456676001380683,1.1795112608922678,1.5008729033553356,1.33558228035284,1.0519938737860992,0.6888025311200481,1.0892098018386516,1.0104625237654405,1.0483509208976702,1.0341562672132882,0.8638451614462389,0.928781252454762,0.8015905546466559,0.9905338739079096,1.0879365420184834,1.0136493856414752,1.1520447114029817,-0.12358116335106094
1.869142476323708,0.9834985559151893,0.7203963784785755,0.8704166605123356,0.7001061742281477,0.8965250994568178,1.2797459778706044,1.5999392458287105,0.7437470149058715,1.1896161939204026,1.179989002901153,1.0626394744274297,0.9404055668539387,1.2196524536064122,0.686713156917649,1.1060630856797609,1.9278915136476964,0.8380635305783346,1.1450354977490995,1.142870431945077,0.9157778124085338,0.8829519966203723,1.048894484248897,1.0913623203076601,0.8921689937142399,0.8074474583801161,1.0355666144452305,1.1641216640916308,0.3548187036663423,1.3907487839440769,1.4279894052938789,1.1305774778462996,1.0820039812977726,1.1484913538986834,0.9974431454029055,0.9670505641131678,1.274910489071821,0.9016113132717494,1.0812321719898277,1.761450402026292,1.3067695351756008,1.199340985866317,1.3501218961864334,1.3855436573539606,0.9480436514799834,0.7145573156631589,1.1131633316531584,0.9346954986978409,1.0483509208976702,1.0341562672132882,0.8638451614462389,0.928781252454762,0.8015905546466559,0.9905338739079096,1.0879365420184834,1.0136493856414752,1.17336475830922,-0.15771189549066877
1.8638250308285205,1.0886950515934555,0.6696549756514937,0.9559558198118996,0.6946508106145973,0.8379408546132725,1.2539631131985627,1.4800932236193218,0.6878676961211213,1.2522031309760733,1.2611944618721433,0.9685739922834454,0.9401301323380912,1.2671501168813484,0.6384890979875769,1.085148618261726,1.8677256530208513,0.8179818686178344,1.1920272847015434,1.2015659283522167,0.9157778124085338,0.8829519966203723,1.048894484248897,1.0913623203076601,0.8921689937142399,0.8074474583801161,1.0355666144452305,1.1641216640916308,0.45433594816935957,1.3866338342629434,1.5027831612394533,1.07544995704227,1.013566649604896,1.218702174559795,1.0273623719709684,0.8886823806825322,1.2433393541634288,0.8332807270861865,1.1049917771910944,1.738117888971224,1.2689569174499087,1.2625626760935091,1.409559889360843,1.2894112445049823,0.8157829903465643,0.7279978885851461,1.073236251997079,0.8936243507393279,1.0483509208976702,1.0341562672132882,0.8638451614462389,0.928781252454762,0.8015905546466559,0.9905338739079096,1.0879365420184834,1.0136493856414752,1.2096930220129474,-0.12337747470458403
1.6772018165982587,1.0612584410296053,0.7778191845291229,0.8889910564350015,0.7060057556569639,0.9719321030380422,1.285848772442437,1.3464035010731148,0.6437997343638299,1.2264610555230775,1.1866764835462875,0.9659801155781257,0.8760446515996941,1.2713186103179759,0.6444360545298966,1.0513910489933074,1.8557002262652047,0.825813051198495,1.2195880877225025,1.291283454126863,0.9157778124085338,0.8829519966203723,1.048894484248897,1.0913623203076601,0.8921689937142399,0.8074474583801161,1.0355666144452305,1.1641216640916308,0.6280590012768441,1.3229254999878526,1.4435029983421688,1.0106868633138923,0.9385447603197369,1.0761338818407096,1.111999909275916,0.896911538382552,1.1709017786138243,0.801882838570367,1.000069102004261,1.6987559172207578,1.2335625260024188,1.227902849862189,1.2698472997731323,1.370126824292552,0.8200677530307172,0.7290311698241545,1.138680017030158,0.9274392004116226,1.0483509208976702,1.0341562672132882,0.8638451614462389,0.928781252454762,0.8015905546466559,0.9905338739079096,1.0879365420184834,1.0136493856414752,1.2570191108409792,-0.070865073199543
1.667704233707034,1.053179383394222,0.7825748366697219,0.8706537598482303,0.7059857511418979,0.9139029759059125,1.2747443452149012,1.3977870590494281,0.6462641411699561,1.2539253287566465,1.1253198120898442,0.8636032338143037,0.8287398154575859,1.2000198200741161,0.6192119425234405,0.9547024487512643,1.801377002681265,0.7263608165603141,1.3239833716954215,1.180423963649616,0.9157778124085338,0.8829519966203723,1.048894484248897,1.0913623203076601,0.8921689937142399,0.8074474583801161,1.0355666144452305,1.1641216640916308,0.6314580457323054,1.320452783867198,1.4355775370845558,0.9825720517827132,0.8904099194366973,1.0778618156243602,1.0981091032504098,0.8503262373624397,1.071638931866025,0.71750548193496,1.028468728909093,1.6830654963237681,1.1176660930660112,1.32617796400431,1.2526590029925113,1.3639071377672412,0.8021720278355255,0.6520936672055122,1.0479489372688044,0.8780882239920651,1.0483509208976702,1.0341562672132882,0.8638451614462389,0.928781252454762,0.8015905546466559,0.9905338739079096,1.0879365420184834,1.0136493856414752,1.322816492314216,-0.06717039494161939
1.5478883268602481,0.9825551328955131,0.7125106868827722,0.8380686267391008,0.7540902987322888,0.9210580675957273,1.2469456384394497,1.3583925111459085,0.7864627003754554,1.2310711999638349,1.1142631061504553,0.8393234272736819,0.8711337298771885,1.1455884449230618,0.5525097780536344,1.0439746309038813,1.9360232733540488,0.6794550647393593,1.2982226607848533,1.2080514114868284,0.9157778124085338,0.8829519966203723,1.048894484248897,1.0913623203076601,0.8921689937142399,0.8074474583801161,1.0355666144452305,1.1641216640916308,0.5801810471707944,1.3263565888087496,1.5019494540903497,1.1118162736341854,0.8091519107664282,1.0603821188715006,1.076180257002503,0.8407951452634385,1.0129927209937477,0.7036974140110265,1.0628741044140746,1.6582698778860065,1.112858635332741,1.1925966342738898,1.3403049025311953,1.2930609739035979,0.7604188006237709,0.7844242098384768,1.0300819389569806,0.8133959300429634,1.0483509208976702,1.0341562672132882,0.8638451614462389,0.928781252454762,0.8015905546466559,0.9905338739079096,1.0879365420184834,1.0136493856414752,1.3486433063434287,-0.1197744081733761
1.673077160103219,0.9303317798522192,0.6756587570110287,0.8331636493261607,0.7365002506557221,0.8566705979115414,1.24660989959972,1.2685558185901915,0.7382507450393542,1.3404439829528187,1.1465725635325732,0.8506374206836539,0.8353543279150608,1.1181454000173978,0.49400117066272053,0.9642995508084039,1.8893402953065368,0.658562342754055,1.3621333056834197,1.138355102874394,0.9157778124085338,0.8829519966203723,1.048894484248897,1.0913623203076601,0.8921689937142399,0.8074474583801161,1.0355666144452305,1.1641216640916308,0.5659888178076605,1.3145643777699345,1.406905269101235,1.0517961243135345,0.9516468265048228,1.0372022078290113,1.0115261123047852,0.8126929745064063,1.0274951858948593,0.6770339838085836,0.9852524966836587,1.6407143082145723,1.0058748576277687,1.1221489156480944,1.3213877099757052,1.3324524890596428,0.7913525366213756,0.8779983385575317,0.9777408821235789,0.7747030777228251,1.0483509208976702,1.0341562672132882,0.8638451614462389,0.928781252454762,0.8015905546466559,0.9905338739079096,1.0879365420184834,1.0136493856414752,1.3775343144246892,-0.1031860761139516
1.5688888182552738,1.0149367529052489,0.6733934120400562,0.8239156048127183,0.6562911029537435,0.8185542533298705,1.2372285738305802,1.236107415531161,0.9031066481070946,1.4139133553435657,1.2382300561134076,0.772073840225145,0.781953181937425,1.133240336742715,0.4639988569531039,1.0674177407694772,2.038292382821768,0.7593641451642308,1.379173103328979,1.044853946437425,0.9157778124085338,0.8829519966203723,1.048894484248897,1.0913623203076601,0.8921689937142399,0.8074474583801161,1.0355666144452305,1.1641216640916308,0.7008991651281918,1.3182349745574187,1.596727487911525,0.9630120645782013,0.9463952233027918,1.1560204122900786,1.12009523605877,0.8453690368342132,1.0249712944508687,0.6244480821600593,0.9248094385599335,1.5491012310022656,1.0901569411861651,1.0805344804709667,1.4078443025433662,1.2977575644282566,0.7155227585158109,0.8617976465611602,1.0482894598144645,0.7072446059169496,1.0483509208976702,1.0341562672132882,0.8638451614462389,0.928781252454762,0.8015905546466559,0.9905338739079096,1.0879365420184834,1.0136493856414752,1.3811851040389775,-0.06869983622384405
1.483722662109542,1.0952665645508266,0.7677756139104731,0.8181840482317091,0.6343460110744757,0.777902471061726,1.1909301209800702,1.3244717534959543,0.9240867309175831,1.52213259728644,1.2985910434383297,0.7422957296219468,0.7677376654332828,1.048789151202154,0.43476350940026554,1.0726112874022522,1.905726750172817,0.7726335302009847,1.4420434415013654,0.9791836558710586,0.9157778124085338,0.8829519966203723,1.048894484248897,1.0913623203076601,0.8921689937142399,0.8074474583801161,1.0355666144452305,1.1641216640916308,0.6736271279898673,1.3428161550238134,1.7009396077999157,0.975899034385446,1.0250518077029365,1.1821277620095565,1.0421445983150783,0.8213508416596579,1.0735108397026125,0.7198748154760931,0.8512069208006474,1.4667496518566097,1.0237724141594444,1.0204143463808972,1.3979084996629634,1.1524557954041421,0.7054905658456019,0.8659306638450565,0.9942300994762453,0.7600507897568242,1.0483509208976702,1.0341562672132882,0.8638451614462389,0.928781252454762,0.8015905546466559,0.9905338739079096,1.0879365420184834,1.0136493856414752,1.3925789674696258,0.0008606267366755924
1.5584994323661134,0.9995421203013942,0.6862770730691476,0.8150112813127875,0.6916579863083934,0.8028984618137537,1.0818229654764864,1.2885847211691666,0.8958906504830525,1.5647229297229115,1.2610279300507523,0.6936935301523557,0.7829264602941687,0.9980493721592574,0.4594962097510973,1.049443825474694,2.011877930417589,0.7772088387057614,1.5241246607641792,0.9345988124772913,0.9157778124085338,0.8829519966203723,1.048894484248897,1.0913623203076601,0.8921689937142399,0.8074474583801161,1.0355666144452305,1.1641216640916308,0.698548920129768,1.3443858562816076,1.5856999541903505,0.9016399441237164,1.107483787666129,1.2108475328705945,0.9848259778643181,0.7977805813505418,1.20057162325608,0.683589907756128,0.8473831199501739,1.5064741445785474,1.122247675529465,1.0176571370715835,1.4498203498660995,1.1162830581586491,0.6760119791414607,0.8229638190711327,1.0764468717076114,0.7851196064987243,1.0483509208976702,1.0341562672132882,0.8638451614462389,0.928781252454762,0.8015905546466559,0.9905338739079096,1.0879365420184834,1.0136493856414752,1.3889114213200295,-0.021089568941844477
1.5057576780854651,1.1206061454807026,0.8570696922824607,0.8385783613706034,0.623999469500492,0.8185412409675586,1.116859404688358,1.2188654428526913,0.8921480912575482,1.545310532319625,1.2175377043282425,0.7361019059982176,0.7301760991325452,0.9287990101883143,0.40497129639789164,1.1074624309723682,2.1308096915889907,0.8685057137939239,1.4499415671078018,1.0085688563623625,0.9157778124085338,0.8829519966203723,1.048894484248897,1.0913623203076601,0.8921689937142399,0.8074474583801161,1.0355666144452305,1.1641216640916308,0.7009305210067054,1.2882098940535356,1.521698541982245,0.8281279511389588,1.1381114064534599,1.2049834972928108,0.9447006484252956,0.9745596042859032,1.1891247009019108,0.7408236585378263,0.8682490599884839,1.4335506221782852,1.2541184437163755,1.0969914178802214,1.5613111880128638,1.081006514468889,0.6331006289928478,0.7391235000018949,1.1432539997305737,0.7223676676852114,1.0483509208976702,1.0341562672132882,0.8638451614462389,0.928781252454762,0.8015905546466559,0.9905338739079096,1.0879365420184834,1.0136493856414752,1.4042892135370675,-0.04714818415115622
1.3985417222294159,1.077979271454949,0.8970316191182788,0.864797095137858,0.6478479239123328,0.9616857951626164,1.245562863810211,1.193224481469118,1.0144564158704974,1.469425017996695,1.2127032683729544,0.7853139111522744,0.9121127118066528,0.9059200318814149,0.6117862861493115,1.0946517741781958,1.6870413861226956,0.8692275477556795,1.3243681844257669,1.0495648913257203,0.9157778124085338,0.8829519966203723,1.048894484248897,1.0913623203076601,0.8921689937142399,0.8074474583801161,1.0355666144452305,1.1641216640916308,0.9293805222769762,1.2276061050103262,1.3847284527561001,0.992742022983361,1.0980868434833404,1.2656090049294104,1.01973150578166,0.9335134729404837,1.2879758404871726,0.8916912144062216,0.8945127233028002,1.2986116824040328,1.1158494916510753,1.110336177874658,1.2713887286348162,1.1299309045765855,0.7100574258883485,0.822131543650274,1.0187585768819438,0.7525988986584721,1.0483509208976702,1.0341562672132882,0.8638451614462389,0.928781252454762,0.8015905546466559,0.9905338739079096,1.0879365420184834,1.0136493856414752,1.394459277691435,0.04345266517162405
1.6790694909368673,1.1854353167158282,0.8178332459037138,0.892498095653657,0.5679648382751813,0.7933848366812398,1.303806914126347,1.2241927475732433,0.8537700081586009,1.5063345233363135,1.17981375220897,0.7524974556135341,0.6829924103482725,0.9122201862765489,0.3590825164860257,1.1015308224052403,2.093054840121754,0.769871283575378,1.4780241252826152,1.0685784010412005,0.9157778124085338,0.8829519966203723,1.048894484248897,1.0913623203076601,0.8921689937142399,0.8074474583801161,1.0355666144452305,1.1641216640916308,0.8734713319598268,1.2101901607336831,1.4324855714260076,0.8247836721032615,1.1894176019582,1.359576188259363,0.8976069068594528,1.0349940940877012,1.2412395916865457,0.7267717733544311,0.8638472088738305,1.315200622501589,1.172706157429323,1.0465873917867439,1.506001981448535,1.0466068430801134,0.6273290420501413,0.8006323727298329,1.2890329049701124,0.7186620392747946,1.0483509208976702,1.0341562672132882,0.8638451614462389,0.928781252454762,0.8015905546466559,0.9905338739079096,1.0879365420184834,1.0136493856414752,1.3485786652080456,-0.07283722568063687
1.7290309023808927,1.1205880993570592,0.9363102814498356,0.8693551547186015,0.5839433320965748,0.8645651073888319,1.264611021834452,1.1537070559209317,0.8527543677689031,1.5209882527684428,1.2205958653556657,0.7518875260075627,0.7600403429021151,0.8756538765948295,0.3419238550734528,1.190813566272716,2.1194100540480356,0.7782592668471525,1.490813822610952,0.9911873955455784,0.9157778124085338,0.8829519966203723,1.048894484248897,1.0913623203076601,0.8921689937142399,0.8074474583801161,1.0355666144452305,1.1641216640916308,0.8768696484779716,1.2175618767229341,1.4096033919724407,0.9021744690485562,1.1637037435589104,1.4133790373930146,0.9203837975911009,1.0600533253249291,1.2838139504486192,0.6625180378096839,0.9404610919397886,1.2622839978833162,1.1591948221543626,1.1655114271410325,1.550762201603159,1.0546489711240798,0.6104610247690127,0.9056316771446979,1.2189879340920824,0.7515776936139068,1.0483509208976702,1.0341562672132882,0.8638451614462389,0.928781252454762,0.8015905546466559,0.9905338739079096,1.0879365420184834,1.0136493856414752,1.3186756535525195,-0.09385685311580447
1.8386700441669193,1.1866422259219442,0.9993535449220918,0.926600703145674,0.6238511137734882,0.9222906978708649,1.3380433851961375,1.2244919345756933,0.9134035860513872,1.6217531721373697,1.3068611142532505,0.8021189578191288,0.8094905408261996,0.9398895594473938,0.36489493043495275,1.2624953214680852,2.260978459237373,0.8268123557156905,1.5974160292675144,1.0625745748189381,0.9399423944026855,0.8466004727747349,2.449996110449597,1.0913623203076601,0.8921689937142399,0.8074474583801161,1.0355666144452305,1.1641216640916308,0.8294908956250782,1.1506365655841049,1.3272550092106035,0.8503495261973002,1.089210007109642,1.3301264810017774,0.8661440149216414,0.9920852758463694,1.2012800769784973,0.6240554987534794,0.88104023540608,1.1886041539785883,1.0965557127043146,1.0932063563128265,1.4603863213349226,0.9940965939284692,0.5749844815504492,0.8580763016869105,1.1471171655389132,0.7039450198177724,1.5359319779875296,3.276197637844735,2.1015348068307147,0.928781252454762,0.8015905546466559,0.9905338739079096,1.0879365420184834,1.0136493856414752,1.3105466746513919,-0.08893790818557669
1.8381491204082074,1.1865932362432077,0.9986287445093978,0.9335544375508956,0.6383668580356985,0.9220637059998582,1.3579985984284744,1.2398583806468644,0.9074144337979522,1.6230659547944715,1.3084061164404752,0.8023620411517824,0.8283120620945131,0.9457759142221107,0.3650342408454015,1.2671027798222683,2.2695642696316645,0.8203867840490635,1.589682022320232,1.0653333129950107,0.9413109313005278,0.8464950600807539,2.4468764384533577,1.0913623203076601,0.8921689937142399,0.8074474583801161,1.0355666144452305,1.1641216640916308,0.8212359237094502,1.151651724329643,1.3267094441555276,0.8638649179573173,1.0881622853071493,1.330369859287792,0.8694326000259659,0.9974123285015478,1.2101730716850294,0.64297598909363,0.8803399910822824,1.1841081894667285,1.0968826467578567,1.0944278037152564,1.461047382030932,1.0128193012764197,0.5764893679765298,0.8580886455365202,1.1465218508937531,0.7115755294104819,1.5463720593912587,3.2474587331038856,2.1017248995481577,0.928781252454762,0.8015905546466559,0.9905338739079096,1.0879365420184834,1.0136493856414752,1.3025718486868747,-0.0867277291673444
1.8719846649284444,1.2194986173270053,1.0108654698837911,0.9363031929233743,0.6424223254749402,0.933462331208715,1.3686946407640068,1.2842373913785543,0.9194717294057547,1.6440491059494111,1.3198011908163982,0.8189100607858208,0.8459225380987511,0.978409952074071,0.3695711093030676,1.28180483982703,2.2967255680206917,0.8196668858591384,1.6120932374570507,1.0720417530176092,0.6937641349221321,1.3386113647842186,1.6773486023134738,1.0913623203076601,0.8921689937142399,0.8074474583801161,1.0355666144452305,1.1641216640916308,0.8124020939040242,1.1301796773935708,1.3071013517181718,0.8510551962159988,1.0814150940806064,1.31082819963722,0.8575118082426998,0.9766997797396874,1.1875603095207727,0.6328554306422083,0.8728135436385881,1.160905647181383,1.0957390283101351,1.083868408518421,1.4407528167418209,0.9917514266060365,0.5913165078377693,0.8432658249734702,1.131454076231961,0.7168042909854252,2.339638976697344,2.6252847283811334,1.5845214159882177,0.928781252454762,0.8015905546466559,0.9905338739079096,1.0879365420184834,1.0136493856414752,1.3021123853587537,-0.08401203127713217
1.8197591539573998,1.1892185549066472,0.9781708658250834,0.9066310741522144,0.6208739555198389,0.9033528629453472,1.356306071384963,1.2353107897894384,0.9020498507751721,1.5904005164313484,1.2838340710384528,0.8337375775640721,0.8176392651765036,0.9555894634566127,0.3577827349214729,1.2416171359467607,2.2118927951483816,0.7984142958367618,1.571116255361961,1.0287837509490343,0.6006745007907758,0.9966426809122856,1.766630963778737,1.0913623203076601,0.8921689937142399,0.8074474583801161,1.0355666144452305,1.1641216640916308,0.8753481351672363,1.152042850950068,1.3461766225880574,0.8873668920344827,1.1119743499878436,1.3493787717971286,0.8786130003403961,1.0162722893309586,1.2215246914605873,0.6808156632193653,0.8992899970717353,1.1959678020687188,1.129132126007104,1.116130674579072,1.484277251299304,1.020247762586879,0.6062451230308602,0.8701237575583646,1.1757786333342712,0.7334650965259577,1.88511918974319,2.238364507770435,1.1999188962487108,0.928781252454762,0.8015905546466559,0.9905338739079096,1.0879365420184834,1.0136493856414752,1.300675980715378,-0.08547330939517846
1.8046779240352753,1.1903587186329183,0.967823367004496,0.8864028229080793,0.6149642606516839,0.8943218609365059,1.3493667033251342,1.211214803352298,0.8943654337507148,1.5868472791254855,1.2660896574206801,0.8196632456968592,0.809860101671528,0.9478976562457051,0.35445166598126704,1.232282077537149,2.172694624760924,0.7867239546408574,1.55895032094612,1.0188599891736743,0.7224078059701783,0.7938713291342042,1.6400748088532748,1.0913623203076601,0.8921689937142399,0.8074474583801161,1.0355666144452305,1.1641216640916308,0.8875772344484781,1.1637646061857443,1.3639004635796232,0.8932854024222084,1.1268046204696738,1.3669876109143764,0.9023459750829602,1.030883866234317,1.2492133169537152,0.6913975996249943,0.9011825271186975,1.2030521915920291,1.1446001403874342,1.1314313609906017,1.5049374479318656,1.0347763837396202,0.6096188979271295,0.8842328104858911,1.1925839509830345,0.731535223941335,1.7853599073706874,1.9241016831693498,0.9917264314629307,0.928781252454762,0.8015905546466559,0.9905338739079096,1.0879365420184834,1.0136493856414752,1.2950294656787709,-0.0844889370800606
1.8095468015992515,1.1942376423814565,0.9714049993128014,0.8815797820638906,0.6194456739630978,0.8972059606111742,1.3515798537602666,1.214296362434461,0.898902096860867,1.5762314294429471,1.2563273860245394,0.821397815652295,0.8061567453823056,0.9454205372421522,0.3556146446133757,1.2379122542381769,2.1724117472274695,0.7855410455205352,1.5570301886746682,1.0194844134901366,0.7140612361924497,0.8111189889193695,1.5991169090165145,1.0913623203076601,0.8921689937142399,0.8074474583801161,1.0355666144452305,1.1641216640916308,0.8911904752440528,1.1656435254692536,1.3658903328769998,0.892309033591665,1.1312805730373092,1.3691442777374425,0.8957364740726449,1.0204689785436678,1.2465589198828613,0.6858784244764177,0.9010187758250527,1.2049263490668773,1.1461447105692197,1.1335715868595826,1.5074964430969486,1.0300784084855683,0.6060100629561394,0.8793445077390654,1.17881563080846,0.7321098989964604,1.9485445292212047,1.7660591893949207,0.991512920813503,0.928781252454762,0.8015905546466559,0.9905338739079096,1.0879365420184834,1.0136493856414752,1.2917789925077512,-0.08479404371952046
1.8165493030159572,1.2043567716881514,0.9799040331042486,0.872995952768732,0.6257327488670368,0.9053961850336419,1.3644790023808884,1.242334966957011,0.9040243915904768,1.575532319800621,1.2690029841982506,0.8420423653248513,0.8079847496928841,0.951894517906894,0.3592920282052651,1.2671430613342063,2.189289170977291,0.7914883815443857,1.5821277133605527,1.0277589954097364,0.740896425316128,0.6211826471035272,1.483125575986089,1.0913623203076601,0.8921689937142399,0.8074474583801161,1.0355666144452305,1.1641216640916308,0.8851719078145375,1.1535766392936513,1.356976881108355,0.8925868803237609,1.1236699122716853,1.3592335287129196,0.8914100059106908,1.0088759490624812,1.2374940385614934,0.6808689985349962,0.8810072018835299,1.2141070956984275,1.1328861956844174,1.1306005382300528,1.4977252492239674,1.0325478146070715,0.6025528976446135,0.8735821629453467,1.1643733570189032,0.7278573277276816,1.768278612303692,1.7931279263892166,1.3437644694421398,0.928781252454762,0.8015905546466559,0.9905338739079096,1.0879365420184834,1.0136493856414752,1.2865197358517644,-0.07968161264647619
1.8167205278374055,1.1988201018263926,0.9838467374021984,0.8768002122394468,0.6494939950535092,0.908659722067798,1.358530640431397,1.2416254956772765,0.8965805938957081,1.5900873147825414,1.2615328969912758,0.8588022376439607,0.8196843010426607,0.9577449647246753,0.3607463542116504,1.27188954530014,2.181466043798215,0.7949131591768015,1.6057446857052344,1.0214434874062341,0.6331025707337281,0.541478910432877,1.4393387052487288,1.0913623203076601,0.8921689937142399,0.8074474583801161,1.0355666144452305,1.1641216640916308,0.8726547810765198,1.1458416728346097,1.3538996198672624,0.8916911582185368,1.1184835465685967,1.3559188478498796,0.8831004871539991,0.9989152990776469,1.2346784667434763,0.6798075071353585,0.8953980784749099,1.2071059571781606,1.1292222243970644,1.1371769672957819,1.495637858971618,1.0307744363812166,0.6005221192168172,0.8874095032091033,1.1535805828382821,0.7245145835202114,1.5518553338495802,1.6274676207535534,1.7049847288397386,0.928781252454762,0.8015905546466559,0.9905338739079096,1.0879365420184834,1.0136493856414752,1.2845039274164114,-0.07511880256077423
1.8144819676443298,1.1936115110025123,0.9824170399425112,0.8755846735558808,0.6355689801474196,0.9079068645222613,1.3666359293494637,1.235625140072411,0.9045849780854006,1.574297880275029,1.2441641506363919,0.8586421755548361,0.8218025514285525,0.9692224949667119,0.36019238399576314,1.2732393173322747,2.1685876519991423,0.7830238939070141,1.6059155043107272,1.017236459019986,0.7782544587127783,0.4798387244581694,1.2168365462762456,1.0913623203076601,0.8921689937142399,0.8074474583801161,1.0355666144452305,1.1641216640916308,0.8678035043115914,1.1375790115763502,1.3561315299621215,0.888799299194365,1.125224824153435,1.3603291725016424,0.871815144554032,1.009201194157689,1.2294616021427753,0.6784056021383952,0.8866703968975843,1.2104527230213997,1.1250473009594106,1.1466464557939064,1.4988842842222065,1.0302419302546753,0.6095474400322054,0.8880172306563868,1.1572475403751061,0.727497060709955,1.811579530945913,1.3557866331610329,1.4755569195579057,0.928781252454762,0.8015905546466559,0.9905338739079096,1.0879365420184834,1.0136493856414752,1.2856632813878746,-0.07989195608944137
1.7802731911325573,1.175328439071158,0.9627693376326882,0.8529252793463049,0.6258620592417502,0.8890719407115195,1.3272095052549344,1.203984522418092,0.8868204249571489,1.5560823066628509,1.2231336965681134,0.845004758172065,0.8052196805970097,0.9404370352145942,0.3528682936498643,1.256683908148389,2.1299127997765552,0.7631514535782975,1.561046994236424,1.0105176426628657,0.8552381697919632,0.5402340260103194,1.1918394795795741,1.0913623203076601,0.8921689937142399,0.8074474583801161,1.0355666144452305,1.1641216640916308,0.8867280804386422,1.1614288057303934,1.3854603529542928,0.9280420025692062,1.1486908271992817,1.388966553206927,0.8758926769810862,1.0394915597492076,1.2559403841536978,0.7006212623443797,0.9138795897323921,1.2365364290565406,1.1479599682512684,1.164010515266157,1.5318450963812011,1.0634310998042307,0.6140605228376023,0.9094306976124528,1.1690853084967434,0.7424207793674764,1.3875553055946546,1.2550785075571633,1.2901572124878884,0.928781252454762,0.8015905546466559,0.9905338739079096,1.0879365420184834,1.0136493856414752,1.282414952532937,-0.0790607194360229
1.824165120537213,1.1970048279591556,0.9767795859230788,0.8619652006472684,0.6705672876557501,0.9018912628158434,1.3438523986953315,1.226209300388176,0.9004415105805446,1.5818693670221093,1.2314313444235927,0.8585914264248357,0.8123387624311791,0.9509004365651386,0.35817428871004064,1.275549844391888,2.160580352798518,0.771048437339698,1.581523872811176,1.002061239831132,0.8238603709814751,0.5980183475904423,1.094663532249596,1.0913623203076601,0.8921689937142399,0.8074474583801161,1.0355666144452305,1.1641216640916308,0.8697605095964257,1.152653792122793,1.3681422010044686,0.9159157884651785,1.1394395502740036,1.3703811303634537,0.8539113979453987,1.027693009463115,1.2420465601024244,0.6902527617715907,0.907482345464488,1.207866428189277,1.1364793510813178,1.151517536165309,1.5152345721062335,1.0499926093235858,0.6074733765883462,0.9066502983070173,1.1506206342508376,0.7557949866703394,1.377531012282298,1.6799400511335558,1.3485314009684015,0.928781252454762,0.8015905546466559,0.9905338739079096,1.0879365420184834,1.0136493856414752,1.2766378332592976,-0.07349338193759494
1.7926890188368856,1.1848451968496339,0.9671894165895857,0.854943254904648,0.6677947723230233,0.8928037282241545,1.3283726944712313,1.2270105677909904,0.893653610820774,1.5585571915177374,1.1974004586015137,0.8500929789101012,0.7987424771223021,0.9385718116553983,0.3540007966209631,1.274742272375755,2.1002482985136233,0.7583982415212159,1.545524042274167,0.9965488081508102,0.8447627080894569,0.6573895543852754,1.0924224262351312,1.0913623203076601,0.8921689937142399,0.8074474583801161,1.0355666144452305,1.1641216640916308,0.8805312969935642,1.1648469837917792,1.3834302957347575,0.91124974952707,1.1449924648541574,1.3876212337415885,0.8655773479288148,1.032225424337859,1.2554110168489494,0.6847983079118551,0.9167791887471225,1.220170140310215,1.1595742612058024,1.1450481345683765,1.5333956000142357,1.0482429183534936,0.6086528892275366,0.9274742196728434,1.1636492741832911,0.7626277430465968,1.2565485758051385,1.4069409459084636,1.3639576875885244,0.928781252454762,0.8015905546466559,0.9905338739079096,1.0879365420184834,1.0136493856414752,1.2825752577321654,-0.07903310065055807
1.83448836204624,1.1728307682565715,0.9633607635985528,0.8409043376201898,0.6602261791488729,0.8889380954318032,1.3188355760874384,1.2046609852892385,0.8990318651677591,1.5687323918451046,1.1912421234572854,0.8356484620399568,0.7858934655971617,0.9526234567910983,0.353013490175542,1.256588088249538,2.079487910683604,0.7699727338095806,1.5366495287438817,0.9922134413177479,0.7356415064084331,0.6559735646561661,1.3831029528401635,1.0913623203076601,0.8921689937142399,0.8074474583801161,1.0355666144452305,1.1641216640916308,0.879648447590749,1.1700328182450208,1.3917876343853761,0.9073501960355635,1.1894494701449485,1.3981127890669922,0.8708679026521897,1.0462092507252208,1.2889812078360756,0.7043310186956445,0.9301125003024997,1.2153601633049838,1.15704119323464,1.1306589169744734,1.545337648249628,1.0413175042203877,0.6006050841668544,0.9483426557408136,1.1658131372430165,0.7661730916508608,1.1668961775973041,1.429133133835725,1.4453812508037391,0.928781252454762,0.8015905546466559,0.9905338739079096,1.0879365420184834,1.0136493856414752,1.2755991419833792,-0.08413278289913093
1.8468664999063242,1.164611486023263,0.9690634945501206,0.8575635177619255,0.6536236739327795,0.894926271881228,1.3079682597745725,1.2282807538551632,0.8993109720515029,1.6085980227342622,1.198074103002907,0.8754718427736902,0.7916641419436969,0.956753353527553,0.35483467667587143,1.2482822172130732,2.089118880463771,0.7740048559368937,1.5452780487275941,0.9999791307355136,0.6614762750789657,0.5721752684621154,1.4977812568599858,1.0913623203076601,0.8921689937142399,0.8074474583801161,1.0355666144452305,1.1641216640916308,0.8728759840989234,1.1633331867212806,1.3802175761919442,0.9016846985023325,1.1944557015601742,1.386953116932445,0.8736687823120383,1.02456153907752,1.2797259198733117,0.7189120743880015,0.9216578948601994,1.1897048858445158,1.150468759009721,1.1205365215824585,1.5326015933528108,1.0223928363686217,0.5954559819524343,0.94009979223256,1.1421022462934896,0.771217537080008,1.028408772980409,1.5710992710452212,1.676096599621775,0.928781252454762,0.8015905546466559,0.9905338739079096,1.0879365420184834,1.0136493856414752,1.2786934724611816,-0.09193532200162709
1.8156289337309526,1.164059518461814,0.9648532955220502,0.8375566582958108,0.6535976710016567,0.890867455836636,1.3034613400391533,1.219511061869206,0.891316816036969,1.6055607602047164,1.200909374993653,0.873023536603052,0.7898379875469363,0.9551533793837015,0.3529547274324701,1.244782992473281,2.0696882276648507,0.7590852039387901,1.5223002366613747,0.9947748068447831,0.6704149442418101,0.6146527737619876,1.4270658751202343,1.0913623203076601,0.8921689937142399,0.8074474583801161,1.0355666144452305,1.1641216640916308,0.8850832398505933,1.1861878857699975,1.393308682686953,0.9020432974563771,1.2005332433664162,1.3996108136383125,0.8800978164932898,1.0344880740053146,1.2770239142555246,0.7255416773329624,0.9155347722069397,1.185512379559386,1.1599222358738743,1.118465278374793,1.5471781785381145,1.0306159182240249,0.5951034182672248,0.9488047217324286,1.1654549001024666,0.7791669987035765,1.0391381086769007,1.3859590571043578,1.5673714794786668,0.928781252454762,0.8015905546466559,0.9905338739079096,1.0879365420184834,1.0136493856414752,1.274018179359039,-0.09319828426309851
1.7942118446403446,1.1523985092694022,0.9691661070286437,0.8385535395517318,0.6692951941405135,0.896256567970656,1.312311276340862,1.2226975667369389,0.8834216573087315,1.5986295062850557,1.205226899178383,0.8797774002529891,0.82063964373651,0.939538998298192,0.35388334091017,1.226667065546311,2.0742475049789557,0.7415704590510604,1.527124344140779,1.0123006891319335,0.6654829129295964,0.5217131824041505,1.5473345525188469,1.0913623203076601,0.8921689937142399,0.8074474583801161,1.0355666144452305,1.1641216640916308,0.8734568925028064,1.1491821231059205,1.3933433693111181,0.8913198630011666,1.189168614273565,1.3998485239302814,0.8649216181690217,1.0332518184067776,1.251515548906549,0.7196194014611157,0.913406190012622,1.1821012697682427,1.1846764357864694,1.1137834883718754,1.5452975178256692,1.0178624507415222,0.5949574570740688,0.9606785151245355,1.1650275989394066,0.7971432938917555,1.040537197150496,1.5864614840287612,1.5242122015806845,0.928781252454762,0.8015905546466559,0.9905338739079096,1.0879365420184834,1.0136493856414752,1.274526284259124,-0.09770150939097326
1.7806514717571094,1.1626681099896805,0.9781610284829608,0.8340417500436693,0.6668852555332967,0.9040569114198882,1.3131862708768458,1.2394851090026162,0.8763485481324907,1.6045410096313175,1.2158468709823609,0.8861564706775397,0.8192885823190009,0.9619329132874501,0.3575359043928598,1.232631880487717,2.07130663048209,0.7452242724102544,1.5365265539180932,1.0169177585828575,0.7037904528473159,0.4811018045541922,1.5408297374389703,1.0913623203076601,0.8921689937142399,0.8074474583801161,1.0355666144452305,1.1641216640916308,0.8696225102990035,1.151006783466558,1.3950664771446357,0.888718478481597,1.1705647124920153,1.4007679607402634,0.8698376292962935,1.0317768205161053,1.256419767359412,0.7096310487364716,0.9019255692257125,1.1834379200715321,1.1596241695541214,1.1100966314043221,1.547096598568424,0.9949067716960133,0.5874535601993006,0.9514750278536287,1.1735215156202818,0.8124137637757645,0.9840792370344762,1.7310976667572804,1.5313940621773443,0.928781252454762,0.8015905546466559,0.9905338739079096,1.0879365420184834,1.0136493856414752,1.264290938195064,-0.0906944416418957
1.7638838961859857,1.1554892893895852,0.9794359896563253,0.8213297094184434,0.6635870084718652,0.9059910158804575,1.33842931067022,1.2471109846294837,0.8679408772595432,1.5898110013002942,1.2317520720654005,0.887625702167256,0.8157495010094603,0.963303644717864,0.3589191099125791,1.2191775190035703,2.089588950032607,0.7502354595183747,1.5309706160209864,1.017680398581049,0.6143260851624854,0.7038191672212954,1.3615801366834945,1.0913623203076601,0.8921689937142399,0.8074474583801161,1.0355666144452305,1.1641216640916308,0.8544327047818429,1.1472391759401142,1.3981382617168827,0.8884344409784809,1.1839953921380166,1.4033277706631604,0.8752525406568683,1.01708831141138,1.272533177300932,0.6923021500351915,0.892793796488063,1.1864933305169414,1.1348305920931632,1.11379742852811,1.5495760926753746,1.0028989419750665,0.5848120622118663,0.9751626103537735,1.1626094554814679,0.8450722065734632,0.9423340211779122,1.7099578656938426,1.4921568863062988,0.928781252454762,0.8015905546466559,0.9905338739079096,1.0879365420184834,1.0136493856414752,1.26061863751233,-0.08071689211013136
1.7381207402178314,1.1809827474147152,0.9828740024584768,0.8520777510202676,0.6810824947773453,0.9087643636048578,1.3419685837997184,1.251423149335128,0.8478589071033934,1.6002727138379989,1.2590276782843692,0.907181671410559,0.8173289429023394,0.9661471870092724,0.3610160414804999,1.2189767956600814,2.096279402416251,0.7533700886758598,1.515588506654345,1.0194847885254148,0.651580629894929,0.6685569438091716,1.379452393967361,1.0913623203076601,0.8921689937142399,0.8074474583801161,1.0355666144452305,1.1641216640916308,0.8559823298743421,1.1612851905524195,1.3986758380018036,0.8788965252461723,1.2048090436166459,1.3998742012832486,0.8730002158260621,0.9943461562543997,1.2806647256299422,0.6962514696983724,0.8887741423364018,1.182927801280985,1.132035150379276,1.1138091401014407,1.5487030335125533,1.025456278631055,0.5717325592413388,0.9752452759726814,1.1622612412679445,0.8435522615414786,0.9796793968006834,1.790425751171779,1.4510806155095097,0.928781252454762,0.8015905546466559,0.9905338739079096,1.0879365420184834,1.0136493856414752,1.252558116183224,-0.07161801185291794
1.7674275621769158,1.185227427445459,0.9877937669465816,0.8568758021605464,0.6876398062740325,0.9141286100785483,1.3449233475959526,1.2510328356131468,0.866544384270556,1.5767123411610695,1.2485206830874487,0.9130390661724578,0.8085008505328931,0.9463883360200833,0.3624014165469538,1.2257828292055204,2.0840019466181268,0.7685670409042218,1.5008652118615735,0.990882430389365,0.6633444863379706,0.7609413895033363,1.3810187550682755,1.0913623203076601,0.8921689937142399,0.8074474583801161,1.0355666144452305,1.1641216640916308,0.8541229489929386,1.1640193455406878,1.4066357906801605,0.8800461015203792,1.191007572517644,1.4063799188569341,0.896823699280709,0.9963331630523843,1.2638505040616252,0.7037247067036572,0.8730726663810856,1.1864991422949753,1.1258263895909808,1.1246820541016203,1.5564534184375012,1.0281359481149899,0.5645659166231262,0.9469493891371774,1.150876049271925,0.8295820839332948,0.9941449800465313,1.8479468873292089,1.4452008110589474,0.928781252454762,0.8015905546466559,0.9905338739079096,1.0879365420184834,1.0136493856414752,1.244723035154372,-0.08210552997277663
1.766935729205672,1.173246988206585,0.9756724044633627,0.8285804284493468,0.7001433123015434,0.903446868115544,1.3097830221916869,1.226808631170589,0.8566743188034307,1.6599580182018776,1.2369146500151753,0.9030403929129208,0.8001458444347711,0.936342718555556,0.3596549406384532,1.1803156935748957,2.066171268105265,0.766060542868366,1.4962724209372773,0.9974040499153016,0.6594164131644029,0.7812748989245262,1.4996764985941913,1.0913623203076601,0.8921689937142399,0.8074474583801161,1.0355666144452305,1.1641216640916308,0.8537270976920802,1.1786651122145158,1.4104931193687362,0.8887163763672928,1.1921120519965624,1.4102976264953064,0.8974783096426157,1.018009701643835,1.2829987702888357,0.6962881908746981,0.8888290640345138,1.1626258133327771,1.1043784995437982,1.1294800552696365,1.5661417226641243,1.131820968303171,0.5574712341543994,0.9540523463727945,1.1395183251178107,0.8310356245749587,0.9884722840232183,1.8559668935275382,1.357618383070945,0.928781252454762,0.8015905546466559,0.9905338739079096,1.0879365420184834,1.0136493856414752,1.250882778457985,-0.06704669320105379
1.7449722509892056,1.1904930412493424,0.9838828731469008,0.8347870182952104,0.7066284483677348,0.9106160558326866,1.290377181014764,1.2485229932065098,0.8917410018407566,1.6859176758055967,1.224283084233939,0.9042076000681991,0.8132011079605664,0.9925238883044792,0.36473787796471896,1.2006407362815985,2.0853319405539406,0.7735950226432011,1.5036409861464535,1.0078610064190656,0.5510275380468294,0.7886577374041699,1.4334678827732676,1.0913623203076601,0.8921689937142399,0.8074474583801161,1.0355666144452305,1.1641216640916308,0.8559952942653175,1.1645499750736878,1.4049754604269584,0.8950138555285889,1.1930765470533329,1.4066569597456349,0.8890216205843627,1.006611959938117,1.2930123107218605,0.7316734350797606,0.8873976822145262,1.1630526651510718,1.0669303148137272,1.1271020212484377,1.564775783429265,1.1588302646971405,0.5582336342004361,0.9526539142246074,1.1110423122090034,0.8311292834852588,0.9590633673399218,1.8795204360309061,1.4040330238426053,0.928781252454762,0.8015905546466559,0.9905338739079096,1.0879365420184834,1.0136493856414752,1.2342970837281892,-0.050271092770256647
1.7358330793737888,1.189738623963979,0.9827751699257679,0.86756075844031,0.6787373691940892,0.9093390271018373,1.2637968177139645,1.2587227168327515,0.8910455626744337,1.6872918183405745,1.2248451174547668,0.8869844414785406,0.7926611944447249,0.9938793782370221,0.3643321970423635,1.1968259892743718,2.126509917175579,0.7741633579119684,1.5119801666592658,1.001506056951568,0.5557109572360405,0.7371197005479556,1.4282207270748446,1.0913623203076601,0.8921689937142399,0.8074474583801161,1.0355666144452305,1.1641216640916308,0.9179962435599391,1.1689794279451018,1.4081078750800902,0.8869856029404991,1.2242109751745367,1.4089471832851974,0.8922323267282729,0.9814748195488077,1.2980888520667617,0.7348868032981527,0.8919677192266737,1.148319335571315,1.0535738041545317,1.1311559241998375,1.5650585974104214,1.1747251515784956,0.5460761079296094,0.9633648711634109,1.1144434576013678,0.8160924852451106,0.9687961980947231,1.8241860012893727,1.3402448406670193,0.928781252454762,0.8015905546466559,0.9905338739079096,1.0879365420184834,1.0136493856414752,1.229516930612432,-0.05825094659414675
1.7297885251714893,1.2123210715985968,0.9756510694781596,0.8341089568757055,0.674601119568658,0.9032645415366732,1.2610814754239041,1.2478418685121038,0.8679574700928567,1.6492452011622896,1.2503542110312853,0.882781373580172,0.7890732889206781,0.9741799519078947,0.3608252332221924,1.1761725091779098,2.130130410983197,0.7578690000440345,1.4792015680698927,0.983232328696313,0.6837971651483716,0.7110753198499042,1.3923917313031333,1.0913623203076601,0.8921689937142399,0.8074474583801161,1.0355666144452305,1.1641216640916308,0.922322339342136,1.1605229713991727,1.4194306907602452,0.8865453187470651,1.2323745658226164,1.4165304365470488,0.8984484138711202,0.9853317491854496,1.2968738191320792,0.7434878034848776,0.9109980517538387,1.1529501206280384,1.058395258583325,1.1677179774856137,1.5729030449724914,1.165870922899921,0.5557869194372408,0.9949431555623371,1.0905618678776932,0.8008182389383276,0.9048856758091635,1.597896690242822,1.429697813859057,0.928781252454762,0.8015905546466559,0.9905338739079096,1.0879365420184834,1.0136493856414752,1.2353040833886257,-0.06799002575196535
1.6822099148334526,1.2235319127058117,0.9697371829636664,0.8314473295106259,0.6961431784596058,0.8983589021343685,1.2532167882308072,1.2556496861531516,0.8717725168353735,1.6524387102810003,1.2306412770945971,0.878679512461002,0.758692212493942,0.9896079031324264,0.3599694056104006,1.143931758166853,2.088286390212301,0.7451050206156403,1.4744946588732204,0.9821409829790029,0.6951468293228155,0.7163202342634903,1.460567600465789,1.0913623203076601,0.8921689937142399,0.8074474583801161,1.0355666144452305,1.1641216640916308,0.9454468463500519,1.1442761915531106,1.429736500498747,0.8939442578371799,1.2380254518297653,1.4265874018023876,0.9138944134554444,0.9886063039741934,1.3127594530375848,0.753969261895649,0.9004893490937121,1.1708170662612634,1.0880904118100434,1.1346917403974148,1.5873028106119424,1.1898390800958474,0.5502972043914217,1.003974761115183,1.0984794775643227,0.804563667304458,0.8609313853828341,1.5283647271770786,1.3243463664020008,0.928781252454762,0.8015905546466559,0.9905338739079096,1.0879365420184834,1.0136493856414752,1.2343503072475743,-0.05669101776543954
1.6904574431039279,1.2282228277413467,0.971400900934505,0.8204825580289118,0.6832030186734629,0.9003672230493487,1.3029236454395259,1.253629751464676,0.8778372035151754,1.624726651176484,1.2655178086806864,0.8762054957623705,0.7603474253851844,0.9835274852394877,0.3595696862685995,1.1213140990408093,2.125765297861565,0.7308733632345754,1.4510351053092163,0.990567788947426,0.64350916355347,0.7195195670734905,1.323547596957956,1.0913623203076601,0.8921689937142399,0.8074474583801161,1.0355666144452305,1.1641216640916308,0.92641690696945,1.1429185784630018,1.4258629067966389,0.9344248927544548,1.2234520226761556,1.4223523040893233,0.9012249018374583,1.0204631211472592,1.3085784573408046,0.730250553678427,0.8939963742506385,1.1338886005131252,1.0882294201824199,1.1112653393221696,1.5800507315564118,1.1814494331948922,0.5581073693639178,1.008561310158872,1.0638442238755372,0.8428229923131624,0.8171997077190724,1.5318653000138531,1.3102009304551865,0.928781252454762,0.8015905546466559,0.9905338739079096,1.0879365420184834,1.0136493856414752,1.237816691013264,-0.06154928408032837
1.6562387028309757,1.238446949606327,0.9786662897460082,0.8274685584972317,0.675548156089067,0.9057399174807711,1.3108923569985464,1.2730254208835008,0.8587281057396515,1.601107178719004,1.2703070171812703,0.845463402833945,0.7675500258621719,0.9808318915068163,0.3614210965667121,1.1443231262556157,2.1405061281528943,0.7169211538091327,1.4512898144140038,0.9769794299897293,0.6026082691739798,0.5821378281071349,1.3398668592692864,1.0913623203076601,0.8921689937142399,0.8074474583801161,1.0355666144452305,1.1641216640916308,0.9223143839266074,1.1517835669185972,1.4302076433793895,0.9375777818920114,1.1951806168062085,1.4254736986375791,0.8931349117871251,1.0269299283153177,1.2966376988652861,0.7233178453821729,0.8994411945723282,1.1177299769716234,1.1089826178671656,1.1009061442669341,1.5818766018395518,1.1687830558353316,0.5621716407345282,1.014358975389889,1.0256605807849177,0.8302411421967567,0.8209619304675351,1.4338943324450952,1.3243145934477074,0.928781252454762,0.8015905546466559,0.9905338739079096,1.0879365420184834,1.0136493856414752,1.2345908401596684,-0.05760223739614789
1.6258719082695334,1.2416785630189042,0.9736329931036849,0.8501757047254824,0.6839394904729668,0.9028084028139207,1.358139523008381,1.2764442297585172,0.8553261888164034,1.6171964482999295,1.2695615712637356,0.845336102144289,0.7671224295050002,0.9623271352438758,0.3602404123555181,1.174323325039837,2.1443625308787984,0.7169630980956005,1.413688751065382,0.9776866430861975,0.6295838734016325,0.5372220358940881,1.1457306534520433,1.0913623203076601,0.8921689937142399,0.8074474583801161,1.0355666144452305,1.1641216640916308,0.9296545865254391,1.124539476864845,1.4269263511972698,0.9364176128389808,1.2218940442503363,1.4237796453081066,0.903870100050457,1.0281456210683322,1.2991667510146943,0.6870418323475972,0.9008668850751845,1.1187585760628849,1.1092690329147508,1.1259033362502195,1.5793548153575439,1.2109105231697033,0.6099135460887514,1.0124346728520024,0.9788379303014931,0.8333052354236666,0.7187464795264652,1.4200946283588307,1.2117052419636525,0.928781252454762,0.8015905546466559,0.9905338739079096,1.0879365420184834,1.0136493856414752,1.2345856960934465,-0.05992672013767894
1.6087725177165861,1.254400764334357,0.9739439044824918,0.8477891534866238,0.6821084491047053,0.9013421188414358,1.355480374843565,1.3414478366096907,0.8335073135766639,1.5810375700041193,1.3187147294274069,0.8209573337685673,0.8227811315960089,0.9572491284085659,0.36065354144769246,1.1582957040377782,2.16142992998419,0.7019672506102803,1.4090930913599127,0.9495259319732421,0.6066800609975644,0.5314233012648799,1.2065479767064098,1.0913623203076601,0.8921689937142399,0.8074474583801161,1.0355666144452305,1.1641216640916308,0.9025155963023149,1.133331149834512,1.4267527746804445,0.9349953393990045,1.2218487744433233,1.418428389924469,0.8930643196227029,1.011851278405579,1.332832095856636,0.6645580746528208,0.9285242978403865,1.1256471132612516,1.0778163722025293,1.1273396616789355,1.5749535573755153,1.230463631325085,0.6014753904143346,1.0794299722526148,0.9792817638937442,0.823102268291944,0.8521714686613713,1.4209149117880577,1.214446497022364,0.928781252454762,0.8015905546466559,0.9905338739079096,1.0879365420184834,1.0136493856414752,1.2346280237422778,-0.04612177585327888
1.6238342135014017,1.292214363665756,0.9710453197589661,0.8671464246848366,0.6824576026882738,0.8982116002316799,1.3518334318386793,1.3135734317011023,0.8560599898037828,1.575810054931539,1.2843737795554793,0.8625026770261274,0.8311405663684318,0.9417552930376483,0.3584817415889874,1.1921181913663408,2.144613139283097,0.7002868075053271,1.4000604649095945,0.9630556115444767,0.6287012600741337,0.8154930565436654,1.212896715768372,1.0913623203076601,0.8921689937142399,0.8074474583801161,1.0355666144452305,1.1641216640916308,0.8758131014059657,1.1522736260763649,1.4371665163167682,0.9709339296516543,1.208285579458732,1.427293146190786,0.9165022005522836,1.0123539288248014,1.3337644292326414,0.673902519873239,0.9589659818282312,1.1360564726558644,1.0729663796590139,1.1289517311344264,1.587778356596203,1.2588318878244118,0.5800177112668643,1.0863155406960636,1.0716727433573057,0.8683436161368693,0.9582005611390841,1.402792462918304,1.2174848391636603,0.928781252454762,0.8015905546466559,0.9905338739079096,1.0879365420184834,1.0136493856414752,1.2139682559129266,-0.050370931045305274
1.6163581121789088,1.325787490959271,0.9648012046744583,0.857622957901015,0.6872090400811562,0.8922830161307943,1.3477515297853493,1.3231064153173464,0.8819709622489516,1.6047485959853987,1.3172031586168735,0.8659543506112924,0.802066668173789,0.9165783205459457,0.3565463407922204,1.15601544852311,2.102668864306716,0.6822546077886998,1.4538090597443265,0.9628348832604959,0.5927138519110978,0.927387632546473,1.2879370322439805,1.0913623203076601,0.8921689937142399,0.8074474583801161,1.0355666144452305,1.1641216640916308,0.8871430195851593,1.1697152492070957,1.4532884680284233,1.0036940311364326,1.2632351739202414,1.435649481064744,0.9545291601482736,1.0535341712747406,1.335868774679227,0.6776239294406176,0.9493880079330919,1.1371595900305012,1.0572313006780945,1.108154590985788,1.604180015414151,1.3054293269000117,0.6105947523760681,1.1262846173328733,1.0816304657209164,0.8581325769395453,0.9634727666100253,1.3111404217691864,1.1033352389231714,0.928781252454762,0.8015905546466559,0.9905338739079096,1.0879365420184834,1.0136493856414752,1.19363005193261,-0.04944370468493357
1.5979691687338935,1.3317975202023105,0.9638988880501717,0.8680337213389419,0.6865690089474004,0.8902891477351225,1.3547681109599732,1.3428575154927915,0.9231591102403509,1.6273047332399393,1.3051900464654043,0.8748390924135402,0.781712399257851,0.9395893919948984,0.35534534424729175,1.1509933596782662,2.093475209729982,0.666462897486576,1.4094929312969389,0.9555981126122652,0.6185794189624696,0.8661827725975636,1.2634847918377714,1.0913623203076601,0.8921689937142399,0.8074474583801161,1.0355666144452305,1.1641216640916308,0.8749109729777244,1.2014713417966991,1.444627003193015,1.0221188803488153,1.2575537906943923,1.4300654566348587,0.9683914341607135,1.0279691531445325,1.3400022660952056,0.6860784613373935,0.9552509710265477,1.1220390399940494,1.011335154895609,1.1170440878785777,1.5974273606270588,1.2964061958517048,0.6159063429153556,1.1129753681012728,1.0580155988388678,0.8408480879897816,0.936381706556149,1.3594309298853495,1.055772577623731,0.928781252454762,0.8015905546466559,0.9905338739079096,1.0879365420184834,1.0136493856414752,1.2041565699279262,-0.06420359663971283
1.5767607490770554,1.2996265743021782,0.9735223587227283,0.9531203524051693,0.6863394125935229,0.8992808643925215,1.3684203644910498,1.334838869932615,0.9332219715031685,1.6042495818125757,1.2711631544049753,0.8964092248404407,0.7661200190822701,0.9488356908661063,0.35889334568450393,1.1494277056880864,2.096796902143616,0.6763055762257655,1.40009694141879,0.9399627710635956,0.6229073782265204,0.9441933408162725,1.2139381076114735,1.0913623203076601,0.8921689937142399,0.8074474583801161,1.0355666144452305,1.1641216640916308,0.8867449049235148,1.1946142766275782,1.4552739273539286,1.0075787852135667,1.2487812966331466,1.4423999125711464,0.9745356181254586,1.030829403438082,1.3122896327145575,0.666441805393532,0.9627586163187802,1.1566364778316045,1.0196739161308765,1.0825104558008796,1.6099010775900706,1.2864825343684536,0.6080465004599875,1.1019547363816888,1.0228507400347902,0.9251021989506997,0.9438845469707454,1.4028538134721151,0.9746627979417583,0.928781252454762,0.8015905546466559,0.9905338739079096,1.0879365420184834,1.0136493856414752,1.1866151893212713,-0.0600175066188358
1.5745152037917676,1.311999665355104,0.9699584939367303,0.9438958717793061,0.7153215274569211,0.8992836257214075,1.4087139424290869,1.3341542525826409,0.9837106068213963,1.5993277315229792,1.2704755090512851,0.9195530418061023,0.7891979021965866,0.9397598604398997,0.3577178141070408,1.1430617563263759,2.0915247592402024,0.6337131285222226,1.4074562012988412,0.9292316030718203,0.580827799735851,0.9370915625109801,1.237031108109627,1.0913623203076601,0.8921689937142399,0.8074474583801161,1.0355666144452305,1.1641216640916308,0.8824873972389399,1.1825871466292093,1.4512262613693478,1.0202682875660745,1.2220387020952286,1.4376859398627206,0.9980734277192961,1.105523224977138,1.3158899632042904,0.664166271246946,0.9335504814668947,1.1479536771655166,0.9898018133101656,1.1037643855202266,1.6076105482908587,1.2833596565277898,0.6061493434029768,1.1773507966306083,1.0049706245783259,0.9228060043588003,0.9629434819501689,1.3795052818533606,1.011593104033935,0.928781252454762,0.8015905546466559,0.9905338739079096,1.0879365420184834,1.0136493856414752,1.1841581514048498,-0.0659051693508428
1.5751709240218197,1.2779512549267469,0.9789664746497749,0.9746442274822134,0.7220639144810331,0.9071623220317798,1.4172370767669595,1.365468016937016,0.9897872248859775,1.6096790153155252,1.295542988588798,0.9322294924552185,0.800578486950895,0.9408446264574817,0.36264733627891776,1.160540962592938,2.0710471770557124,0.6388020996838264,1.3958577337608844,0.9586545067746077,0.5408650324577885,0.9502231318526323,1.240430857633475,1.0913623203076601,0.8921689937142399,0.8074474583801161,1.0355666144452305,1.1641216640916308,0.858787137437363,1.1810115951733249,1.4545245670412095,1.0102384044821755,1.2604783440702718,1.4414163224429783,1.0007686880387119,1.0804701896899471,1.319267006493636,0.7009787882855549,0.8988992819914889,1.1823107750126358,1.0133619157179339,1.0625914023596605,1.6152352781326698,1.2821332712526357,0.63763062536418,1.1818842042208746,0.9670189387245631,0.9341220532108403,1.026009431485461,1.434712632923595,1.0155100138419608,0.928781252454762,0.8015905546466559,0.9905338739079096,1.0879365420184834,1.0136493856414752,1.1645107275538567,-0.04791444983989847
1.6332665113823057,1.26023259493,0.9723699263976459,0.9399321802222177,0.7747855506011904,0.8984207944958283,1.4207112561503141,1.3555383734037314,1.049224219482839,1.6191195028301073,1.2901454762695366,0.9204529694783185,0.7929287898925977,0.8729268789915269,0.36071469183832333,1.1963376006819044,2.094081468199927,0.6448595609774436,1.3870231848854822,0.929541722734143,0.5586912844823319,0.9455662533244631,1.3963891262724069,1.0913623203076601,0.8921689937142399,0.8074474583801161,1.0355666144452305,1.1641216640916308,0.8700172994123109,1.1781006756008745,1.4576230732938835,1.0763952528348824,1.284551800147712,1.4420077089712848,0.9705519523167205,1.0785652017745484,1.352469851937606,0.7742283439751722,0.8989338473476053,1.2049757019595668,1.0015473250364315,1.040220006342513,1.623838069270347,1.289705183131827,0.6961102386109453,1.146108870180981,0.964005530849205,0.9457237397941598,1.1110224583263881,1.4162695921656696,0.9554539307962399,0.928781252454762,0.8015905546466559,0.9905338739079096,1.0879365420184834,1.0136493856414752,1.1553648531823517,-0.05145997534480775
1.6706141758449795,1.2987438620758067,0.9722537546487069,0.9181172662401581,0.7821670323082954,0.8975609753757385,1.4011072056583596,1.3473833420434709,1.0363117054137463,1.5958746354642808,1.3316574638568743,0.9511869117781248,0.8610709919682259,0.8767192957111423,0.3606368444800477,1.1649245656657925,2.1040127739249517,0.6207243313686457,1.3967721208260133,0.9024492870656176,0.5926705639730031,0.9338586042092047,1.4070581087044887,1.0913623203076601,0.8921689937142399,0.8074474583801161,1.0355666144452305,1.1641216640916308,0.8475728632060707,1.1755269755246964,1.466296299656918,1.1109854797004557,1.3261852100571139,1.4433467675557565,1.0042089330832353,1.0887800881703338,1.3281931624167158,0.788091445521681,0.9084222034543686,1.1850755189765316,1.0054701810251203,1.0160810456745573,1.6300396318280026,1.2961773261578087,0.7637015453707844,1.1406951171345212,0.9562539395425528,0.9473455204469646,1.0628609091956163,1.4825491596112852,0.8862263505049727,0.928781252454762,0.8015905546466559,0.9905338739079096,1.0879365420184834,1.0136493856414752,1.1410519409242734,-0.04462794513738877
1.6430413280194451,1.3151635782901074,0.9614278036777076,0.8804594790124782,0.755060258090943,0.8934274833469324,1.4600826392064008,1.3545890359179764,1.0549701747628557,1.5942880521203902,1.3315955559543733,0.9673838656704785,0.8333599083997587,0.8540276557823177,0.35825570165338283,1.1169791405162608,2.1564743218140485,0.6198895520283326,1.3684498341041582,0.900671216405272,0.5341384555751079,0.9382417589700056,1.4269688496660353,1.0913623203076601,0.8921689937142399,0.8074474583801161,1.0355666144452305,1.1641216640916308,0.8246403626781359,1.133075418881376,1.4579005540962606,1.1118041882728489,1.3042827483495878,1.4351507473975327,1.0146247882278785,1.1523431372027948,1.2984571833901681,0.7891658528824745,0.882950723126284,1.163195179098123,1.011902404051311,1.0780836523205968,1.6201992198568056,1.3184489778427237,0.744017190476488,1.1057996290187457,0.9758363805802511,0.9583682186936,1.1043008125524312,1.507068295305278,0.8939051382727434,0.928781252454762,0.8015905546466559,0.9905338739079096,1.0879365420184834,1.0136493856414752,1.15877453892049,-0.03794598891824561
1.5886228985108575,1.2771831019495257,0.9296781461230201,0.850934510334816,0.7282511323624373,0.8728416274409031,1.4102096581588863,1.308254278296948,1.0217169495182947,1.5489688814204852,1.287496271479007,0.9370431198149054,0.807977456795557,0.8297959880131393,0.3446592186173958,1.079089519126653,2.0785483318186997,0.5994012199817186,1.3251840714924545,0.8680483286549235,0.5160716677631435,0.9060570319598195,1.3794792094899329,1.8892008281637858,0.8921689937142399,0.8074474583801161,1.0355666144452305,1.1641216640916308,0.8506496950685909,1.1719097066020367,1.5057036106434336,1.1510268188739596,1.3496602791574457,1.4856374287217946,1.0415428671181095,1.186948747008723,1.347447524534444,0.814892262553327,0.9119428526028259,1.2057659872146904,1.0452982928735006,1.1135802590898276,1.6750273100651591,1.3660113096239859,0.7673335859131515,1.1424692359960094,1.0061235045892423,0.9881290145099946,1.140552683416562,1.5565473009794468,0.9401799463424451,1e-06,0.8015905546466559,0.9905338739079096,1.0879365420184834,1.0136493856414752,1.1605105208555038,-0.036019978170237256
1.6262339675303863,1.3137409305887042,0.9518802154875518,0.8691131826841026,0.7455933707167293,0.8884368386008876,1.442104279335458,1.3384043809413522,1.0427313871719244,1.5826704719041085,1.3142822569602948,0.9607595977625216,0.8286018882772579,0.8529301558087518,0.3514516643154062,1.1042870889957268,2.1302967554958667,0.6137020388734099,1.3583857301742348,0.885731068823024,0.5284292556551384,0.927427311666086,1.414526875343147,0.8273849774779879,0.8921689937142399,0.8074474583801161,1.0355666144452305,1.1641216640916308,0.8284277013957201,1.1428506118116295,1.4697655972782162,1.123050308768903,1.314698495334497,1.4531350934276976,1.0135367780134275,1.1648838237251682,1.3163278714494153,0.7950866562026179,0.8950641308856904,1.1738303732596624,1.0180310790783862,1.0874871946899516,1.6396809706979572,1.3298978717983987,0.7483467258373889,1.1151872362203488,0.9776958347482095,0.9631339792315032,1.1133766348785028,1.5187200350208527,0.9241077299120616,1e-06,0.8015905546466559,0.9905338739079096,1.0879365420184834,1.0136493856414752,1.1625291164294653,-0.03602053923330485
1.6334572303342159,1.3218417669829126,0.9580495521862843,0.8744939362457889,0.7528966210038208,0.8879466732855503,1.4462505852225032,1.3461422774678249,1.0502431998500925,1.5906473261832508,1.3188841941732268,0.9686110004826753,0.8305233736509194,0.8611716058816163,0.356710408798326,1.1124472922009294,2.150716919917161,0.6173872445324762,1.365953745486871,0.8884580643744235,0.5316099424913752,0.9324424814234273,1.4195292190941053,0.8323736696627745,0.8921689937142399,0.8074474583801161,1.0355666144452305,1.1641216640916308,0.8229823308492519,1.1394437073288586,1.4606519854328863,1.114770528785417,1.3070965406119481,1.4356897790267602,1.004432071318324,1.1595369020085597,1.3100716643454027,0.7878641429993246,0.8975119767352363,1.1669487544768442,1.0149086353778003,1.0780697687761707,1.628907824598682,1.3230132963725922,0.7411576382602201,1.1083146817843632,0.9692180644188236,0.9558017318392531,1.1067502032389493,1.5102462065663593,0.9190345835773803,0.3256042628628778,0.8015905546466559,0.9905338739079096,1.0879365420184834,1.0136493856414752,1.1627877589944318,-0.03685427684634569
1.648591160946793,1.3251502697770599,0.9648266863597762,0.8809356245157103,0.7640872043630939,0.8885019035027139,1.4507191635817207,1.351246171084216,1.0583645665812937,1.6066058753270376,1.3227660986581091,0.9717797538866806,0.8381687484796714,0.8731896358006803,0.35708835132396505,1.1153585842379188,2.1605795079820997,0.6213841184515384,1.3792418657713397,0.8965497837015773,0.5348360529364353,0.9387797257550097,1.4203893883059189,0.6023729332690245,0.8921689937142399,0.8074474583801161,1.0355666144452305,1.1641216640916308,0.8131799139901477,1.1272578900087427,1.4502646322552304,1.1130736731960778,1.2940392454487633,1.4304797874991735,1.0039872030769383,1.1470442225776962,1.306358659385562,0.7835257682262522,0.89083453492167,1.1624350664668512,1.00627859746909,1.0714589413685671,1.6098758999800364,1.3090326579670715,0.7320408980943026,1.1005080082436616,0.960152331714733,0.9460561904502576,1.098993674834173,1.5008267460908031,0.9218432368222995,0.5165346525350474,0.8015905546466559,0.9905338739079096,1.0879365420184834,1.0136493856414752,1.163772077954931,-0.03758598193267492
1.6418828117640114,1.3175307665363793,0.9595751549443015,0.872810226215854,0.7584081886231575,0.8941622887749499,1.4375573556177612,1.34288663249151,1.0524220689269805,1.5987361838033285,1.3139612134492993,0.9726287587262973,0.8372312948034074,0.8655213004182838,0.35790763004712023,1.1063106275251875,2.138428549210025,0.6178496606997851,1.3768706953997272,0.8902099841653226,0.5324307442832529,0.9342351248717727,1.408255184217778,0.883247760155864,0.8921689937142399,0.8074474583801161,1.0355666144452305,1.1641216640916308,0.8163921933820746,1.134752089429729,1.4599712028999285,1.118315659048923,1.3025768955776844,1.4424113351908328,1.0157233040474574,1.1573032379062909,1.312003174049338,0.7879991181176431,0.8922952004678223,1.1661049241240011,1.0111092162547,1.0835272323285805,1.6295648260706859,1.3070431472482222,0.7335414866675688,1.1075526603851202,0.9609523992162258,0.9556617530555408,1.1063798635253919,1.5108801460509822,0.9273765245571077,0.4026236692510053,0.8015905546466559,0.9905338739079096,1.0879365420184834,1.0136493856414752,1.162644981161958,-0.03943877889483403
1.6475780571000351,1.3195244845354088,0.9588687772470973,0.8754617252107406,0.757286673957757,0.89110572395117,1.4360733350183288,1.3430640872931794,1.0494843870342447,1.5897265395886369,1.3169764623065185,0.9711256600344673,0.8351264805618508,0.8664446533028992,0.35515846959086506,1.1008256738642213,2.1331649885261394,0.617559917925893,1.3717462874672064,0.8872808040527997,0.5320247407462135,0.9334457340006943,1.401014850516968,1.2800755998388669,0.8921689937142399,0.8074474583801161,1.0355666144452305,1.1641216640916308,0.8245433029878795,1.1343453320825503,1.4628643558859478,1.12142209055308,1.3033053908462942,1.4412288375221745,1.022807440811668,1.163124063961797,1.3126566646116085,0.7897494375477918,0.8920586919925937,1.15997133676892,1.0116930851417283,1.0846419834841394,1.6348153155892913,1.3088016538326894,0.7307589948180102,1.110040255869719,0.9587704519674807,0.9514924747495028,1.1088802954740933,1.51315504446227,0.9339066367565746,0.8121475300620186,0.8015905546466559,0.9905338739079096,1.0879365420184834,1.0136493856414752,1.161603300201117,-0.03728701078326236
1.6467922678324738,1.3163567606126707,0.9569388847468534,0.8679006055830099,0.7596419049978913,0.8831175559645346,1.4334737497838048,1.3416139818244057,1.0476197472786886,1.5830214587638751,1.3098467493000907,0.969332756009527,0.8303443203723161,0.8657374185644081,0.35172790538786985,1.0987613530094509,2.13079221092806,0.6162906820206459,1.3726577505605801,0.8882680965066897,0.530779071205892,0.9314778931985676,1.3876608921055784,1.3662178481396396,0.8921689937142399,0.8074474583801161,1.0355666144452305,1.1641216640916308,0.8274543164922302,1.139059674588677,1.4660239002904563,1.1226154850435184,1.3069977964728297,1.4353875554098452,1.025383613277664,1.1697350403246765,1.318265873379718,0.7927947291364293,0.8905937775805958,1.1623581602409558,1.00931210953697,1.0835854593377356,1.627762378421843,1.3154238142010497,0.7349978743782003,1.112552556562359,0.9608833924756423,0.9537249003927569,1.1117302358335621,1.517419834903686,0.930130801458424,0.7778187964936821,0.8015905546466559,0.9905338739079096,1.0879365420184834,1.0136493856414752,1.1615518819686077,-0.03867365516439678
1.6635007142681357,1.3201721235310897,0.9608516862026218,0.8687839183223298,0.7680820712331989,0.8809963521083718,1.4433085274556439,1.3577814643041135,1.05487676455105,1.590399532783235,1.3158811187806791,0.97670752356154,0.8281591156061966,0.8643449803526406,0.35006985985504957,1.1024624168695056,2.136968042794701,0.6192041366741962,1.3774115630698596,0.8998417001593942,0.5329170800000607,0.9353901981018518,1.37892321504883,1.1478449264129682,0.8921689937142399,0.8074474583801161,1.0355666144452305,1.1641216640916308,0.822022709893848,1.1307395677950918,1.459259897914301,1.1150771055489201,1.3019147693666362,1.4476687344164068,1.0238158801205302,1.1657977153596255,1.3170947787823135,0.7996144410409058,0.8928874361795802,1.1652193258273138,1.0040005408836346,1.0774130872568533,1.6120769264831554,1.3034848939273709,0.7295883098882046,1.1083439849700116,0.9513528196583434,0.9544398752107278,1.1073237040331174,1.5110605619478248,0.924542290214192,0.7635063350802411,0.8015905546466559,0.9905338739079096,1.0879365420184834,1.0136493856414752,1.160321579252893,-0.035714306334983986
1.6817223167288613,1.3188603558371819,0.9623343696933594,0.8745494204801373,0.7689837460244501,0.9154391223651199,1.439127850658439,1.3636928990037906,1.0562665464347964,1.5891895938233096,1.3232458488832166,0.9790627793320946,0.8312605378666694,0.8691655445970572,0.34829549054047904,1.1075451489200656,2.147845415998173,0.6202605097806045,1.3982726995383703,0.9015941306920147,0.5342679142723459,0.9388173095758443,1.3783772658813052,1.0850475799924988,0.8921689937142399,0.8074474583801161,1.0355666144452305,1.1641216640916308,0.813478408046502,1.119865982049746,1.4541163936498736,1.1143048233800281,1.296031954195016,1.448089734127871,1.0182745014959707,1.1606659783399518,1.3116227765217663,0.8127091741535946,0.8904145614893524,1.166262467655122,1.0086543348041066,1.090339596906345,1.6371179000544556,1.3033484621340248,0.7281577765928637,1.1054628254566268,0.9478603189037558,0.9497509707734316,1.1043592104940108,1.507252079455359,0.923313239829604,0.8703010842438221,0.8015905546466559,0.9905338739079096,1.0879365420184834,1.0136493856414752,1.1573666140052643,-0.03574600859058006
1.6905345099215967,1.3359481125646793,0.967569503483264,0.8874299407803214,0.7785182139706088,0.9076840170156214,1.4406628476391146,1.3638955418201995,1.056059529007653,1.6024928753702488,1.3311242189406296,0.9828289802449696,0.8409861557859927,0.8743345119694366,0.35598199270394376,1.1102595745194566,2.1458985243292785,0.6235122058574348,1.4091051238203702,0.9095376039411885,0.5369346158908406,0.9432981403601279,1.3837404242540638,1.0674014605001103,0.8921689937142399,0.8074474583801161,1.0355666144452305,1.1641216640916308,0.8169649504595866,1.1161051656449772,1.4509247333692756,1.1106662108574186,1.2802983685498028,1.4383276446167022,1.021371790553109,1.1590756176032406,1.3131853453580404,0.8047118495295069,0.8821120787667962,1.1733289859827176,1.0061227984986787,1.0914924216567108,1.6321310232128916,1.2937652408409028,0.7324688232710336,1.1027609587313252,0.9407800161067064,0.94771875113266,1.1012898056967915,1.5025455079854724,0.9255944731178221,1.085960160635955,0.8015905546466559,0.9905338739079096,1.0879365420184834,1.0136493856414752,1.1517614531965557,-0.0342588996971254
1.700104674767472,1.3508808785617776,0.9735078572717106,0.8918657278308183,0.7879690473065329,0.9049988923680545,1.441058102667412,1.3693520443647949,1.0617516242441951,1.605228284690643,1.3320456081617333,0.9817473784130627,0.8441256172465138,0.874227673346915,0.3725959119313966,1.113764595539613,2.1587349979915125,0.6269187225469136,1.4123107135334945,0.9085684525689464,0.5398625030205806,0.9478796184464747,1.3827812152961978,0.9698081522478674,0.8921689937142399,0.8074474583801161,1.0355666144452305,1.1641216640916308,0.8225006622907896,1.1132947392875843,1.4452569464842455,1.1024770501420378,1.2711013121762653,1.4210577736678773,1.0127554703132806,1.1512257042163951,1.3067980053695267,0.8029549156021486,0.8746489648688589,1.1668579785784643,1.0021195635085514,1.0799938967424225,1.6194590601008396,1.2822190521891281,0.7231326670094724,1.0982703376783474,0.9378725904072354,0.9496200950442697,1.0976490858098606,1.4976498712297155,0.9198014071015915,1.2523542478626273,0.8015905546466559,0.9905338739079096,1.0879365420184834,1.0136493856414752,1.1517168852738613,-0.036994847242764216
1.7048214596939673,1.339332551198994,0.9707681525331818,0.8979206774854264,0.796859126531256,0.933341773532337,1.4390008107013128,1.3568635320003897,1.066230276970798,1.5956388132294916,1.3237944069748198,0.9823758605466876,0.8361655910810492,0.8690366318060324,0.38562474087087406,1.1069020281735547,2.1539720459321847,0.6250455034747596,1.4146396506158998,0.9041499939642528,0.5375575940571965,0.9449072840992898,1.3740569031019272,1.1334508319257057,0.8921689937142399,0.8074474583801161,1.0355666144452305,1.1641216640916308,0.8152907856662494,1.1100501798699953,1.4427391377631686,1.110916368719794,1.2775450548629097,1.4082467500420732,1.0099571332841177,1.155148614022433,1.3127766608625007,0.817301872737211,0.8839861007589834,1.1611120324499575,1.0044792700141774,1.0804442298183201,1.6070396680565686,1.2875775104083829,0.7185939790805367,1.097261866465638,0.9289820694650232,0.9413867056298287,1.096871684280265,1.4980022383888114,0.9239140160525711,1.396957481171871,0.8015905546466559,0.9905338739079096,1.0879365420184834,1.0136493856414752,1.1574854130431778,-0.035497114627639687
1.7095297146357937,1.3372409445351219,0.9685823049388739,0.897485300572134,0.7953119540165362,0.9424041460856101,1.436583816949835,1.3653857439362274,1.0548441720905235,1.5898375082549785,1.3212333034124892,0.9849759266332172,0.830552237046813,0.8614344620624682,0.38604318103970264,1.1007214086758201,2.1466708926438343,0.6238014094337331,1.4111348620185793,0.8956815076102913,0.5366500646866724,0.9439176057150174,1.3573581078393884,1.0948521447671238,0.8921689937142399,0.8074474583801161,1.0355666144452305,1.1641216640916308,0.8124549629368537,1.1079213821978604,1.4444897775591394,1.1127325628669844,1.2822917159340648,1.4275586738753723,1.0117378860209076,1.1626050525199818,1.316460276476545,0.8164138579117264,0.8801606875853248,1.1629451563149604,0.9997336129901057,1.0795132551782776,1.5866798535219884,1.2963758744769651,0.7196815636908345,1.098883465188554,0.9273647819903527,0.9406049750035178,1.0992268622205852,1.5011838615509239,0.9171705041507653,1.2734355243306756,0.8015905546466559,0.9905338739079096,1.0879365420184834,1.0136493856414752,1.1596514119383126,-0.038235236468327057
1.723786858768502,1.3444797713310122,0.9692883744161841,0.8938050170473568,0.7916103960725132,0.9424980739062585,1.4370995999494078,1.368200332466397,1.0563050697460725,1.600532963996189,1.3283142035683382,0.9862977345652865,0.8318189416377132,0.8640968565198333,0.38646551249086913,1.10498621688453,2.145316625669041,0.6244063380682512,1.4154647395263042,0.889974436388658,0.5372571222405786,0.9450291232561072,1.3484449924903807,0.9966295687325127,0.8921689937142399,0.8074474583801161,1.0355666144452305,1.1641216640916308,0.8128818252955793,1.1093006515847048,1.4417925051532567,1.1047409590103467,1.2746511916400112,1.424107996851229,1.0044860689348436,1.1638301236644766,1.3145723428065579,0.8206554497898368,0.8868108592220917,1.1582171817762057,0.9955562893524985,1.0896435780959042,1.585465974857042,1.2953282638676662,0.7190804584986316,1.0971119822341742,0.9348136188094401,0.9344021541280622,1.0971692631241108,1.4986457626289214,0.9077638240461108,1.2598614699843211,0.8015905546466559,0.9905338739079096,1.0879365420184834,1.0136493856414752,1.1595892776152552,-0.03943972140045512
1.7172857564744635,1.3423215570716291,0.968030567223732,0.8847161072823861,0.7857203957248495,0.9410021866012807,1.4363603745240479,1.3623832554758004,1.0515690574936352,1.588602143414568,1.3239081587595052,0.9887045407550409,0.8293793115656715,0.8691527578384542,0.38106884356408527,1.1009406508770758,2.141492224210742,0.6236613221303956,1.4125567711883684,0.8832562119635221,0.5364433900396104,0.9427522545717215,1.347015493386293,1.1016799738494518,0.8921689937142399,0.8074474583801161,1.0355666144452305,1.1641216640916308,0.8094340838042398,1.1116095511868451,1.44547161867135,1.1047568961892567,1.2695114580069156,1.4287515434726135,1.003772122082705,1.1696438924459753,1.309688145653517,0.8180010724637558,0.8951424658312828,1.1573361535588673,0.9959418523728646,1.0891054887457896,1.5907126044606927,1.2977023941460275,0.7221227654129294,1.1000419556021792,0.9362416279549924,0.9323450637360088,1.1000421446916322,1.501546886461018,0.9206982637050458,1.2499333988867969,0.8015905546466559,0.9905338739079096,1.0879365420184834,1.0136493856414752,1.1615333838438717,-0.03696739537342962
1.7047406932039026,1.3295993362993126,0.9668979472882439,0.874787138118938,0.798034118080264,0.9408126524785837,1.432475480673219,1.3717558184640672,1.0426310089397186,1.5758821207986458,1.3270643347591027,0.9837411860486199,0.8271586460628515,0.8680061676675755,0.36963654858757056,1.0911308842982739,2.156008078517698,0.6220679076475094,1.4199545233164226,0.877045532294975,0.5341741762969126,0.937364190197678,1.342927597527656,1.0953230510734016,0.8921689937142399,0.8074474583801161,1.0355666144452305,1.1641216640916308,0.8026664675277191,1.1034679890604544,1.44222820436292,1.094574181455928,1.2671879769742043,1.4263143011005734,1.002011762433533,1.1605321171876992,1.3188113019823031,0.8138238703838794,0.8876091547733932,1.1446662655746112,0.994640730789626,1.0989562949020972,1.5749422961410857,1.3010593363892293,0.7107864896582794,1.0982045139270635,0.9390945624130594,0.9231127290395509,1.098619137434905,1.499253021172158,0.989932202336348,1.2485307523063047,0.8015905546466559,0.9905338739079096,1.0879365420184834,1.0136493856414752,1.170194924499906,-0.03752032569507121
1.7096696755464351,1.3218043631529515,0.9668846071954639,0.8743589868672631,0.8033458206003288,0.9405727029623877,1.4364101200198585,1.3870840055607354,1.03755984498597,1.574830702290085,1.345774357187435,0.9840906346235778,0.820347354410782,0.8694889036861475,0.36977756004637335,1.0940719151999976,2.1837580493642217,0.6218785613817286,1.4049909076696947,0.8713560774383686,0.5337074417215925,0.9358625994695007,1.3388573970824262,1.094142917891028,0.8921689937142399,0.8074474583801161,1.0355666144452305,1.1641216640916308,0.8083421607036967,1.1050699584028736,1.4409422955575095,1.0945722247221095,1.2700000057029484,1.424727780571512,1.0036799990909078,1.1814501502764143,1.3266427083477217,0.813553238528276,0.8780173539651859,1.1441253874448822,0.9942662802807203,1.0930918084197976,1.5739690702395717,1.3053240752703816,0.7196815930036261,1.0977561956710127,0.9327654522572594,0.9089385441657126,1.098847996338932,1.4991981765390427,1.0212195907340382,1.2510097743007502,0.8015905546466559,0.9905338739079096,1.0879365420184834,1.0136493856414752,1.1675042883335283,-0.03948454879752612
1.700540296686906,1.341996475375,0.9705207455270373,0.8766873705281636,0.812141019944078,0.9390877547688161,1.4401597730546762,1.3884196656571433,1.0406680721176516,1.572574132947249,1.3690135036821476,0.9876404078309781,0.8281755452948947,0.871942975517803,0.3599742510728535,1.1080178286656828,2.1905370938755144,0.6247342329124876,1.4181118150327208,0.874162377407271,0.5368832059871241,0.9405437758951505,1.3447472974564738,1.0061033160651582,0.8921689937142399,0.8074474583801161,1.0355666144452305,1.1641216640916308,0.801939922301965,1.1114916256303016,1.435848368004681,1.090373552356714,1.2678113747226358,1.4453674653890896,0.9917838816499401,1.1612832983094061,1.3141450310794884,0.8097564429028283,0.8723086892735669,1.1480434933964656,0.983106620592808,1.0884794750889595,1.618424298286034,1.2938435600880946,0.7164503315263607,1.0929449817484744,0.9287206189768795,0.9050868651029036,1.0937084600966867,1.4910709374663635,1.0169129747156203,1.3137372578311013,0.8015905546466559,0.9905338739079096,1.0879365420184834,1.0136493856414752,1.1672231671623392,-0.03840531298902266
1.69733330090699,1.347432757237728,0.9666577029165382,0.8775743346066687,0.817061018497129,0.9208326572345253,1.4268606368317096,1.3843523186507711,1.0377494781681715,1.5734183865162925,1.363289703053971,0.9829547275745985,0.8446126859823709,0.8776627869245875,0.3590741040095413,1.1035371757297578,2.170308259099544,0.6219013205208515,1.4142497104936682,0.8703986683608925,0.5344476011599092,0.9359946272256308,1.3602707022643346,0.9876546325447945,0.8921689937142399,0.8074474583801161,1.0355666144452305,1.1641216640916308,0.8081687328410863,1.1205534602746758,1.4391959202947744,1.1085285202214201,1.2798252310546068,1.4343105882493565,0.9844545301280819,1.1635626454309664,1.3170139668824001,0.8131965218611568,0.8743280761654323,1.1546019371046132,0.9882809093609422,1.1063816793030992,1.622886735976591,1.2952645373725407,0.7096105885992713,1.0944714235171031,0.9351612653397431,0.9060193326693908,1.0951578045911239,1.4912180014912786,1.0203340355224455,1.1632882353311451,0.8015905546466559,0.9905338739079096,1.0879365420184834,1.0136493856414752,1.1677036684718234,-0.03661701913241786
1.705514901688365,1.347381001309011,0.9702803574510356,0.8807864190475491,0.8214106471264487,0.9199688468685858,1.43082075477133,1.3888497281798933,1.0349873130426666,1.568787832738711,1.368886428526626,0.9936845954217087,0.8443508568136272,0.8776034444208765,0.3770003267269305,1.1265634705341263,2.1650007684718306,0.6243352156941989,1.4108258869788695,0.8887076072225595,0.5363193183713371,0.9397983817514088,1.3616169230242525,0.9183852019068366,0.8921689937142399,0.8074474583801161,1.0355666144452305,1.1641216640916308,0.7982495451669337,1.1109900509988402,1.4307475168700032,1.1027104270775865,1.2709601139124194,1.417939342724381,0.9790382920420334,1.158049723822846,1.308893863265438,0.8184181965242019,0.8698029857694839,1.1516850397699785,0.9845092364215607,1.1116090533334257,1.6037621374636217,1.3009617612933475,0.6979432701774166,1.088325911922995,0.9197524723365231,0.8890472316690077,1.089408982644412,1.4824570395627517,1.015099624467697,1.3459162315356776,0.8015905546466559,0.9905338739079096,1.0879365420184834,1.0136493856414752,1.171922494897051,-0.03471284762999695
1.712018376697689,1.3474353443943385,0.974938843976465,0.8840294426123653,0.8248222369494119,0.898619609172855,1.4473044200811989,1.3987429040959445,1.0366085435058863,1.5710922088609804,1.3745719694363647,0.9955502253139121,0.8477225894054953,0.8709484361226327,0.4155160363280884,1.1301729123813458,2.158719090740942,0.6278965535984531,1.412627761689506,0.8988595581988386,0.5392497679352377,0.9438615786992763,1.3554745509803081,0.9333999600257915,0.8921689937142399,0.8074474583801161,1.0355666144452305,1.1641216640916308,0.7986343520145751,1.1138479816295082,1.4305079947234793,1.1027519035609594,1.2708882536281079,1.4494858792066698,0.9825004974753029,1.1687400330715796,1.2920480942394537,0.8094498710399894,0.8698189892395075,1.142725656850693,0.9809047058473803,1.110260943695838,1.5838291617256592,1.2871005121146508,0.6987502583095155,1.0888181651995605,0.9206325167636151,0.889405356660299,1.090332131542751,1.4831673091637825,1.0191050623634292,1.4400744654031832,0.8015905546466559,0.9905338739079096,1.0879365420184834,1.0136493856414752,1.1651323897260542,-0.02967809614957324
1.7211852330261725,1.3368079741139656,0.9747971144144997,0.8655150618468915,0.8245396444620074,0.867401669720285,1.4356206565442489,1.3935573626386064,1.0540612871184094,1.567487454024906,1.3593564167000578,0.9955748807550133,0.8490186369550738,0.8704876509870352,0.42259328182231587,1.130745964450317,2.1471112796688767,0.6268936667823183,1.4158679950706115,0.899510116424689,0.5396358558500959,0.9429609426831705,1.3574038671220892,0.8897406038413113,0.8921689937142399,0.8074474583801161,1.0355666144452305,1.1641216640916308,0.8025894701601369,1.1070856561610531,1.4335351486886794,1.0748157596805965,1.2822757252210337,1.4129770054134096,0.9873428132478561,1.1714992521297454,1.294985798120795,0.8134475120662086,0.8645919098210131,1.1443174373143719,0.9786317081131052,1.124988237003127,1.585584363010106,1.2892709660012294,0.6935235239959148,1.0887868934816938,0.9116907884662243,0.8913795273090329,1.091122847358869,1.485140815964323,1.0224026073565269,1.356341448117024,0.8015905546466559,0.9905338739079096,1.0879365420184834,1.0136493856414752,1.1669017478393258,-0.03903750633445395
1.7133061508587883,1.3380746342151784,0.9779552268871999,0.8576836298082755,0.8156972457776128,0.8532108441217777,1.4369846332276064,1.3847190297893124,1.0560127770969567,1.5579385232619993,1.3590520357466143,1.0154385702149025,0.8586789973087398,0.8895910789895486,0.41799357101375956,1.149388927539541,2.1574332973980663,0.6280022603688985,1.4178333240154497,0.8929622921637836,0.5400563457664784,0.9425889038108013,1.3610774782834307,0.8101730214479532,0.8921689937142399,0.8074474583801161,1.0355666144452305,1.1641216640916308,0.785292063506792,1.107085349907411,1.432988654319134,1.067602864384041,1.2712082554498787,1.4262527385919652,1.0045359780089926,1.1678738765564172,1.2950131727747862,0.8143665723210781,0.8555624940226685,1.1573053885078206,0.9708351576171541,1.1111471415328067,1.5953414887807182,1.277288676073442,0.690755221253441,1.0874604180111829,0.9115461228723061,0.889362138508588,1.0904273768495718,1.4842255395305999,1.081191275783147,1.299043475610142,0.8015905546466559,0.9905338739079096,1.0879365420184834,1.0136493856414752,1.1650491070580515,-0.04148279921356214
1.7178748738342202,1.3376718531775473,0.9807885376328643,0.8818708137236765,0.8074324600717779,0.8552523826647969,1.427228394357687,1.3899278738146843,1.050629476547163,1.5626493952929443,1.3623457474262,0.9874386921570286,0.8434893774804076,0.8916203845487128,0.4318911475196775,1.1516146135935403,2.163466608212615,0.6300142158913211,1.4117306293085694,0.9048066074499317,0.5417243067136319,0.9440282625518039,1.3629764552960533,0.8315034498294328,0.8921689937142399,0.8074474583801161,1.0355666144452305,1.1641216640916308,0.7945494621800073,1.1108827649394446,1.4368808930062762,1.0613250582136018,1.2680295714110308,1.401696272957931,1.0180105089591538,1.1767208776866396,1.2774916666425535,0.8102930530013285,0.8617992786225436,1.1570177090448504,0.9940999761908181,1.116739297774511,1.5975703424040837,1.2822444280053575,0.6937327075433384,1.0923160545903008,0.9065681414063764,0.8788785126272864,1.0942628983594518,1.489767231916582,1.0841766335412124,1.3011147624906803,0.8015905546466559,0.9905338739079096,1.0879365420184834,1.0136493856414752,1.1570855152243955,-0.03447169745539484
1.7545452475110992,1.3353349407088126,0.9834868798561052,0.8777879406554981,0.8387148015679734,0.8535457843262059,1.4517643761074566,1.3883731935812673,1.0490182758173858,1.583714077497147,1.368376204183175,0.985761366647529,0.8409149987676785,0.8794465873705087,0.4213211509132915,1.1509167849761976,2.1574504971103714,0.6310073929782072,1.4093397622979025,0.9166606744626364,0.5407862308995381,0.937393899046414,1.3333368622903505,0.8277367782438583,0.8921689937142399,0.8074474583801161,1.0355666144452305,1.1641216640916308,0.7829417727571556,1.108913279761363,1.4319496830242329,1.0420619513052067,1.263021357811155,1.4469480484410278,0.9948640386123102,1.180033779295937,1.2743423525504907,0.8163963495248362,0.8623309172944258,1.153400869177669,0.9920439106554994,1.1190790448558956,1.5912901702625397,1.2632166671534666,0.7131585322041246,1.0903647928621578,0.9038839010577736,0.8808084347624523,1.091670894652456,1.4869247146750926,1.2231150152003833,1.2963416638121465,0.8015905546466559,0.9905338739079096,1.0879365420184834,1.0136493856414752,1.1554871293647093,-0.032367467561476
1.7623411437410226,1.3387770538627075,0.9890826961652801,0.8587368848610608,0.842739816270061,0.8445728698905922,1.46096051643475,1.38926896831175,1.0616284523759,1.5640926936579824,1.3762098321709502,1.031593568776133,0.8330921942793393,0.8753803247051934,0.4237384577589784,1.143983730786242,2.1529202916280243,0.6339473490571426,1.4479879360176278,0.9084695005074267,0.5424108377238404,0.943093704041033,1.3049671690189193,0.7558904516325491,0.8921689937142399,0.8074474583801161,1.0355666144452305,1.1641216640916308,0.784210264851538,1.0993336012411754,1.4333094098346564,1.0755560630341556,1.2624401107140457,1.4019668825527554,0.9957376930627919,1.1505863009870179,1.2640577084902025,0.8096678853511501,0.8630474482628036,1.131351515030714,1.0035842231290735,1.1036230667754952,1.5939581596264774,1.2923438604734665,0.7054551079406558,1.0918040866094183,0.8948321254184631,0.877561479660426,1.092704600579689,1.4874460166123282,1.2074092391520217,1.331577601664841,0.8015905546466559,0.9905338739079096,1.0879365420184834,1.0136493856414752,1.150358965395633,-0.029558641494800853
1.7410618281408936,1.3176083363588316,0.9834497928503293,0.8552291787575066,0.8532098740658003,0.8493077461709222,1.4909251222959488,1.3839027027932318,1.0736438314111025,1.5580069506326226,1.3816287577328652,1.0257793474252082,0.8289199432705615,0.8628208557303545,0.4396260341226334,1.1313181097452505,2.161680073436319,0.6314353828540744,1.4500543401119108,0.9193719630167784,0.5413177675896524,0.9425715120260887,1.301837750216228,0.8615870536197465,0.8921689937142399,0.8074474583801161,1.0355666144452305,1.1641216640916308,0.7689963379033768,1.0829105330873765,1.4294788798624936,1.0734177860199443,1.2450598315975152,1.462686026411892,0.9844305115278029,1.1471211478412242,1.2532944554562562,0.8293310076722015,0.8735838763002904,1.128092091094891,1.0089940263021813,1.1338584320026226,1.6308514254034197,1.2957551444258086,0.7020026729890823,1.0891921767294648,0.89908626785056,0.8804406888017646,1.0907034069635826,1.4868019067968514,1.2046528560391314,1.3455306144933115,0.8015905546466559,0.9905338739079096,1.0879365420184834,1.0136493856414752,1.155344186689592,-0.027625989880579804
1.744372291986379,1.3222667004668105,0.9838400125178413,0.8415153125824639,0.854104684496839,0.8692496499036096,1.50060886709319,1.3669479091897916,1.061146495518885,1.5719185926312613,1.3852614038298208,1.0447045005127273,0.8203388623813211,0.8518660619117496,0.4505978452906114,1.120516471307222,2.164482014951876,0.6315031067134501,1.4366279644004158,0.9188129436798496,0.5401351112875432,0.9408618985836437,1.2588974851026478,0.9191319333186345,0.8921689937142399,0.8074474583801161,1.0355666144452305,1.1641216640916308,0.7636449169302086,1.0856227071012914,1.433659137094194,1.0864688459149092,1.2481553318214484,1.448293108170668,1.0033931822680076,1.1518168929946548,1.24327272675731,0.8407713919769673,0.8609367298151697,1.1179816940481926,1.0146198755630553,1.136000226609161,1.6266238120944243,1.3097512797552786,0.7045269056811764,1.095340087679826,0.8892269599751126,0.8721788522110451,1.0965454114709519,1.4953037206680855,1.248312122369024,1.2832123962423372,0.8015905546466559,0.9905338739079096,1.0879365420184834,1.0136493856414752,1.151035235155678,-0.022753706753333276
1.7415046482604257,1.321586499756202,0.9877270946893743,0.8432667905801203,0.8469020561713051,0.8573285252591001,1.5224002348482388,1.370184841080133,1.0476092479771648,1.5745796616745165,1.3664610774738573,1.0335203172637586,0.7900378557968157,0.8500339216827392,0.44147987526698085,1.1235390123230395,2.1378256023994147,0.6329869122361067,1.4414984505522437,0.9309525027429832,0.5403971609452322,0.940716199024066,1.3027199390248458,0.9194787528239967,0.8921689937142399,0.8074474583801161,1.0355666144452305,1.1641216640916308,0.7428505311400545,1.102161484973445,1.4388286558368668,1.0887302852287313,1.2204640694805857,1.4367308938279417,0.9904121822107429,1.154091136249609,1.2446105325048107,0.8426570183123355,0.8560713262444,1.113581836393939,1.0166283944189043,1.1244723928285274,1.6022507390884684,1.3135754187293245,0.6982181884128578,1.0979694121729822,0.8929250376079765,0.8976136168504378,1.0981052272242786,1.495500953792478,1.2655121049698694,1.2886161526238626,0.8015905546466559,0.9905338739079096,1.0879365420184834,1.0136493856414752,1.1494669281210383,-0.02325057102539747
1.7302839711857227,1.3156229018061838,0.981664179726351,0.8573794217658977,0.8719261944162354,0.8524325790183354,1.5512702449529872,1.3598400872463114,1.0407334873699565,1.553029882445955,1.3373786301524209,1.0272629672554163,0.7855122794188983,0.8614639508358023,0.4390237319622391,1.1116758376446638,2.1192036892636565,0.6281849096770482,1.4206914019032721,0.9188533097885638,0.5362044617152325,0.934784040670079,1.2743772516347083,1.1062850366766164,0.8921689937142399,0.8074474583801161,1.0355666144452305,1.1641216640916308,0.7432066219379821,1.1050062290253535,1.4402552146225391,1.099008296618487,1.2013470551458723,1.43880515240745,0.9931826898573753,1.1390912292840742,1.2640531254070793,0.8405899436832173,0.8841900682447107,1.1241877740915325,1.018564411975075,1.154672986413028,1.5995914497430668,1.302420727638814,0.6880877507515512,1.0985614489739361,0.9330136781819557,0.8965814487395555,1.101633429624126,1.5025569472075828,1.2571242534383733,1.231758416476601,0.8015905546466559,0.9905338739079096,1.0879365420184834,1.0136493856414752,1.1546803443364289,-0.024768159467633267
1.7407164213704138,1.2940217640824785,0.9793936882599077,0.8392575937627816,0.8701750660964627,0.8221481286745692,1.5538413597788043,1.3623488326474067,1.0396679106560944,1.524327606564265,1.3316055716790034,1.0123889291493828,0.8043581141007242,0.861093338772896,0.4743351742203452,1.0983440278328875,2.1246236956821165,0.6286361677228764,1.4796690172291094,0.9197901626495452,0.5340867817929748,0.9323614412826764,1.2962700854582403,1.140804457837047,0.8921689937142399,0.8074474583801161,1.0355666144452305,1.1641216640916308,0.7504436871068475,1.1184824468650292,1.4470968626090226,1.122520109231075,1.2078581196356994,1.4689974588158081,0.985641499264094,1.1452228588603743,1.2706656338692555,0.8457767066726052,0.9058315840121,1.1580755779562868,0.9907527725878784,1.1395335507245063,1.5770965494099416,1.3650359336798785,0.7031575758689046,1.1067866110446747,0.9228688325972445,0.9017456493851301,1.1084333065864245,1.5089727610255916,1.2381606943548569,1.1450823898316655,0.8015905546466559,0.9905338739079096,1.0879365420184834,1.0136493856414752,1.1427356694484234,-0.011228883071657586
1.7675799306116589,1.2806479048831017,0.9768571707263572,0.8369403618302405,0.8494724425273225,0.8182683753156841,1.5489538448945972,1.3377370893333285,1.0391474692949934,1.510976807926308,1.3434297694798463,1.007953783552467,0.7937835578322661,0.8563346197503912,0.5114035851612121,1.091659462513222,2.125898398690457,0.6275302226197694,1.485926945170824,0.9165434192292978,0.532229613473314,0.9306634660150714,1.2927758401624065,1.1555836914353521,0.8921689937142399,0.8074474583801161,1.0355666144452305,1.1641216640916308,0.7343682517972369,1.1178956744254172,1.4466302155415292,1.1117170585618594,1.1994357272825036,1.4725162153108613,0.9864346420219013,1.1514002878083123,1.2446839567948482,0.8997878402242565,0.910720598428,1.1579958600199745,0.997053665845221,1.1313337190935537,1.582205917076151,1.3382271586444068,0.6938568377695912,1.1074229173417973,0.9632986881915384,0.9015645938303747,1.1081632320744679,1.508792198626579,1.2375909991565426,1.1386172664429608,0.8015905546466559,0.9905338739079096,1.0879365420184834,1.0136493856414752,1.1482640301208238,-0.009841351370705001
1.7621741699209108,1.26194800082667,0.9758991332036759,0.8485471517694079,0.8511171506777011,0.8313078530517142,1.5244057572907008,1.3114957913639271,1.0616475858396037,1.5086172908721882,1.3672277573138132,0.9902070395984545,0.8070477012875154,0.8468588415989846,0.4934251097435855,1.0880571852262895,2.1467474040808026,0.6275808029810237,1.4722359801981786,0.9015200031362571,0.5333199924230522,0.9329226837978656,1.2930361554446885,1.079988931707514,0.8921689937142399,0.8074474583801161,1.0355666144452305,1.1641216640916308,0.7227412649066225,1.1037665815409554,1.4460847990115107,1.0801533205981562,1.1991775040263164,1.5042805513071007,0.967314024698895,1.1335663500232396,1.2352438776240426,0.9239304280866447,0.9059895205972018,1.1331231543307103,1.0094372561948706,1.1258159507908496,1.6101256453186858,1.3574297218926608,0.700502557288671,1.1052576846236564,0.9431746263849975,0.9028097415183544,1.1051579043844812,1.5083931561110464,1.2386087729897162,1.0438054964592642,0.8015905546466559,0.9905338739079096,1.0879365420184834,1.0136493856414752,1.1550769521696795,-0.01684854698147005
1.7512695090860952,1.2655537131706396,0.9802156895514154,0.8623538259734334,0.8474019039020179,0.8340290942552161,1.5455293818592573,1.314550252580502,1.0505709250970445,1.5026428675020922,1.372271634208605,0.9965188784682817,0.8470794004263911,0.8500915114162919,0.48082143927225907,1.0853756645736359,2.1776270617505107,0.6300825258102895,1.4432677711063384,0.8895563495928223,0.5355583070871525,0.9357841730721123,1.2311196052454623,1.082877136771294,0.8921689937142399,0.8074474583801161,1.0355666144452305,1.1641216640916308,0.7098327157552194,1.1069704155292306,1.4468287263227726,1.0830281605974232,1.171862074022805,1.5240845262878095,0.9663566462403484,1.1513365482111277,1.2179148553719192,0.9203879490586602,0.9076137199168535,1.1283756441633144,0.997140359925973,1.1023859331904238,1.6157434643253572,1.3732837581434523,0.6853488302794718,1.1066893387305132,0.9348186808214468,0.9398657028531023,1.1095438715691568,1.517778531964917,1.2427708714369283,1.0459110425028006,0.8015905546466559,0.9905338739079096,1.0879365420184834,1.0136493856414752,1.1493622039154743,-0.018424476661534926
1.7298149658569126,1.2551004230731873,0.9770175938733808,0.8592293391479217,0.8358000633364929,0.8033225439414613,1.537898181957382,1.300995243317317,1.048923760155623,1.494514410709667,1.3772557138271788,1.0263023501787047,0.897296670191346,0.8644974556576498,0.4790469912253424,1.0652050848850139,2.1728123075627246,0.6281222853444525,1.4485127123018715,0.9076636926087288,0.532269453221424,0.9328805622995415,1.2242414830636539,1.0943217443256907,0.8921689937142399,0.8074474583801161,1.0355666144452305,1.1641216640916308,0.7058012624552364,1.111179552179301,1.444086311440766,1.1119835618292844,1.1538152523754401,1.5089291209346978,0.9472553783840721,1.1645521535076264,1.2151352986809565,0.9511843976589273,0.898178081067872,1.1252841976888612,0.9736026032263837,1.0890192247316064,1.6106407186954041,1.3890318861584479,0.6832006232736133,1.1025949438786466,0.9514182222075873,0.9437210069384036,1.106926839479958,1.5137173058972584,1.2415132532185642,1.0500025359572795,0.8015905546466559,0.9905338739079096,1.0879365420184834,1.0136493856414752,1.1554525541810363,-0.019367046565120248
1.7319531382507793,1.2880129378593361,0.9789067728382831,0.8432370680753183,0.8370601516605328,0.7740860778411093,1.5418840431110685,1.3121647155958482,1.0379333911732906,1.495872669831704,1.3559091973515958,1.023152952517902,0.8954567222523705,0.8409468529268399,0.4479153424677129,1.0650694535703316,2.2563023241255205,0.628032746125138,1.465636614655969,0.9162187363532857,0.5321002671942305,0.9299575490907257,1.1895158673839237,1.0969283215069738,0.8921689937142399,0.8074474583801161,1.0355666144452305,1.1641216640916308,0.7091220321810988,1.1049245945077177,1.4422754741383397,1.0945401095789389,1.1483363312946093,1.474678752375561,0.9122221209575206,1.15712759311627,1.2436155333577246,0.9514438103173851,0.9216370544869397,1.1280418258558274,0.9727523789457053,1.0698858961543556,1.6714352615773382,1.39002727627723,0.6794563403304857,1.1033373691548585,0.9288659693190481,0.9949368421835059,1.1070037540616005,1.5147834351458251,1.2699628401385743,1.0504806369754702,0.8015905546466559,0.9905338739079096,1.0879365420184834,1.0136493856414752,1.152625128606585,-0.024074579770989594
1.7206466116099193,1.3012613884884967,0.9774161240743224,0.8420872952874981,0.8576421459197249,0.773006499008402,1.5401547667826727,1.358258084006949,1.0518546553938055,1.4941687347513297,1.3222218640682015,1.0153499316106576,0.8932351621488474,0.8933558788278614,0.46240902631062264,1.0632150626641905,2.24372476491376,0.6263027781822728,1.4432457863586339,0.9000371306339066,0.5338536432263277,0.9310078301325355,1.1794885269379722,1.2067368136853647,0.8921689937142399,0.8074474583801161,1.0355666144452305,1.1641216640916308,0.7098145995243244,1.0945166265716026,1.439057722482154,1.0866141958691442,1.181087646176292,1.547393658981965,0.9093798288996824,1.1387104290107721,1.2122126345611075,0.9495875164382457,0.9343580553459387,1.125138819188208,0.9682249165622148,1.1160300584346405,1.6476775817078126,1.3764237194096793,0.6950209734335828,1.097499318576654,0.9207683667393549,1.0020967013281117,1.1085434867298896,1.5175890714575833,1.2686330339174101,1.1051777653440953,0.8015905546466559,0.9905338739079096,1.0879365420184834,1.0136493856414752,1.1504117466864188,-0.04188675165547027
1.734539985467697,1.2909906396489867,0.9715916583214598,0.8355054987182786,0.8541444440376605,0.7754541393749054,1.5797780301458633,1.386959868577762,1.0632041816079514,1.4509048838655128,1.379056839700602,1.0359498143766368,0.9241330789514992,0.8945165472496168,0.44571862318810324,1.0570549524724069,2.2382043815861783,0.6241628981889854,1.4254550150683454,0.9034859935893033,0.532390683748835,0.9280458249889755,1.1933406272289844,1.155088097671463,0.8921689937142399,0.8074474583801161,1.0355666144452305,1.1641216640916308,0.7133420155029839,1.1233826413693653,1.4320922343655533,1.0971332867432022,1.1408605885926648,1.5267196677477712,0.8954745498662664,1.1303642460535543,1.202137283566693,0.9428205249259128,0.9337002561574861,1.1220651511819257,0.9594768179363261,1.1661756180725389,1.706587274326539,1.4042616082918509,0.7175332468396761,1.0919732375075204,0.9206580091871317,1.0162121248643607,1.1041152673385717,1.5040690566366097,1.2420122476873667,1.1383473916242102,0.8015905546466559,0.9905338739079096,1.0879365420184834,1.0136493856414752,1.152978532920387,-0.03045285213442844
1.7719783005258647,1.3167025800939232,0.9961621152936061,0.8533323299618587,0.8707851549607504,0.7920823637122529,1.61608749774255,1.4170884444193967,1.0859857939448123,1.4809382852200617,1.4092403634119839,1.0556198538265522,0.9459816221322968,0.9119258358457788,0.45523915984805935,1.0799145769002607,2.28522375445477,0.6375635025304637,1.4547554173091148,0.9227536183968712,0.5522436043004822,0.9477211838342849,1.2204006461441679,1.1835888483936776,1e-06,0.8074474583801161,1.0355666144452305,1.1641216640916308,0.700851612140181,1.098742265120379,1.3952184798699236,1.0739015914152814,1.1174619073611596,1.4947733080427932,0.8767077380745281,1.1076854426526057,1.1766134556792025,0.9246580375411387,0.9126105631707392,1.0995132015766194,0.9383357640462496,1.1405591583751216,1.670694207695172,1.37680364064668,0.7004963948444383,1.0689698785417345,0.8995768057645734,0.9957473331253052,1.0814490651575959,1.4723209453971269,1.2153209647347158,1.1152848407448515,1.6005726892091814,0.9905338739079096,1.0879365420184834,1.0136493856414752,1.153184910654575,-0.03015313142607497
1.7410777239260478,1.2934299171333592,0.975939768840999,0.8396862812947775,0.8572842404077403,0.7793388708343348,1.590976558605186,1.3956199347048377,1.0685480030513128,1.4544507079171214,1.3905527847082475,1.0395839737897752,0.9282517362782616,0.8972489935895147,0.4479143611009604,1.0635410740979871,2.2490633271218075,0.6271710998303717,1.4322682130351831,0.9056217934210212,0.5401606285025718,0.9323440694531181,1.2020049106415809,1.1797459616071215,0.4194595099235542,0.8074474583801161,1.0355666144452305,1.1641216640916308,0.7124553535666898,1.1165343346238636,1.4187383884034814,1.0908057555681752,1.1326315033114815,1.517659153601215,0.8912948289520557,1.1286891673310935,1.192059304332529,0.9438606027189852,0.9282377922667925,1.1168000127803754,0.9513811297177733,1.15899838179324,1.6966302431540106,1.3986743558517452,0.710177511259262,1.0856767932287836,0.9146184983453876,1.0103834449586486,1.0926666121059314,1.4955920643967988,1.235145174542668,1.1239249836857972,0.7439188243778513,0.9905338739079096,1.0879365420184834,1.0136493856414752,1.1546293385019912,-0.031094149789661667
1.7376923983736638,1.2886484345385893,0.9684077623238532,0.8384994115834473,0.8598712317893743,0.7779724664131565,1.5870303171485551,1.3913425778025363,1.0711890428644602,1.4536283633167446,1.3906671193988616,1.0379604012555748,0.9290465166896922,0.8960193308379674,0.4472647080968721,1.0634527448531288,2.246823044513544,0.6264225503460229,1.426822788030541,0.9026748005622887,0.5537277895499474,0.9314962873685165,1.205270979787983,1.1831590064585207,0.5667279270278653,0.8074474583801161,1.0355666144452305,1.1641216640916308,0.7143191598735478,1.1186944474327833,1.425580927811198,1.091372762832743,1.1333139594457702,1.5189318428910368,0.8902549083765878,1.1309090134116393,1.1932482898250223,0.9431489664315112,0.9269312843223787,1.1208449593636223,0.9494863467548904,1.1605658981994886,1.6984428184692764,1.397069065828593,0.7148997926260985,1.0863356981891599,0.9183619601396171,1.009460560197733,1.0972005333860786,1.4963225961365791,1.2308611651814083,1.1376412351446397,0.8150956221774796,0.9905338739079096,1.0879365420184834,1.0136493856414752,1.155352220848159,-0.031273083454872654
1.7567316291219481,1.2923974517027377,0.9680362897579095,0.8416584693959706,0.8661186890189496,0.7806971931960048,1.5936263812355627,1.395824315733563,1.0743679363647793,1.4563838438699488,1.3967465761052862,1.038818375942811,0.9317337225058371,0.8986246582614987,0.44893617918371226,1.0645800827521532,2.257276112971783,0.6288302753322388,1.4322328238781017,0.9054356127757169,0.5592864448483854,0.9354676449750876,1.2065509331674367,1.1847004335715265,0.42810706430972484,0.8074474583801161,1.0355666144452305,1.1641216640916308,0.7103229569305938,1.1115177000483438,1.45421623975416,1.0867325770778402,1.130696502722332,1.5121483667240314,0.885692499201126,1.1265145834822787,1.1875168214328389,0.9365103950812729,0.923994312098202,1.1148397369137963,0.943204335021497,1.154912679820934,1.6918666420051738,1.3889097348438797,0.7150122505639399,1.082000251782338,0.913933678889692,1.0047744859256265,1.0939625467010003,1.4891195402644837,1.224590096310466,1.1328481770906922,0.9633225847181656,0.9905338739079096,1.0879365420184834,1.0136493856414752,1.156203209603387,-0.030320829646510023
1.7672229224379867,1.2982809145722274,0.9668741424344145,0.847155416729183,0.8714736173773786,0.785728617413642,1.600606880029046,1.4012959871060757,1.080697985815291,1.4640986475807367,1.4060460112246171,1.0456652436590432,0.9380799640705769,0.9032789103310394,0.4518989174999222,1.0733416322085674,2.276678871968919,0.6328488318236458,1.4394487969138725,0.9081500543249855,0.5725529047909577,0.9416295346772713,1.2119780385705978,1.1903289457894963,0.36289764498487664,0.8074474583801161,1.0355666144452305,1.1641216640916308,0.7062096058646117,1.1026461629774087,1.4365333310176083,1.0796746966038837,1.1226994161525001,1.5027039173037182,0.8795226713506519,1.117904381796632,1.1787632451714698,0.9270673901221536,0.9181565256458748,1.1080636668484884,0.9399613829348464,1.1463397833894327,1.6810041909538078,1.3779518469473941,0.7099958731496642,1.0748782998897464,0.9098089883480887,0.9958770596698567,1.0867708347530922,1.4802643055840696,1.2159886275797969,1.1252407508431086,1.4478222171948754,0.9905338739079096,1.0879365420184834,1.0136493856414752,1.1575092465582861,-0.03138556571553568
1.7639333768464796,1.2978813091618235,0.9781248911643438,0.8477635229476578,0.8695402842962755,0.7861105540539454,1.6003935464778178,1.4045137220127815,1.0773376043680978,1.4681440139751956,1.4062603073900064,1.0466582799302164,0.9482130385662761,0.901487762089158,0.45208123780846815,1.0705539658599963,2.27318530621767,0.6331733287785567,1.4401672408848245,0.9074104538398656,0.5767778473408485,0.9419237251540314,1.2153340228430454,1.2143740942133558,0.5956193111351489,0.8074474583801161,1.0355666144452305,1.1641216640916308,0.7032980482944104,1.1001848127115974,1.441961299425067,1.0776638700163068,1.1177253199673336,1.499971755790199,0.878279550032444,1.1245318382529534,1.17392172426592,0.9243853418404854,0.9198127422328055,1.1032700837119882,0.9404713531720819,1.139291857397209,1.6776545477356553,1.3733838907067566,0.708286909832335,1.072857716038871,0.9076689892866613,0.9914696796812358,1.0850877543382436,1.477887831892789,1.2239408032556078,1.1278533580968246,1.6480555632384781,0.9905338739079096,1.0879365420184834,1.0136493856414752,1.159931151841753,-0.03353353226849768
1.7681335488786731,1.2960410178914628,0.9675324449318484,0.8495196706215192,0.8717460421262468,0.7878752853735267,1.6116785585815243,1.4100514905722705,1.076962505779407,1.4709568496510448,1.4164233692102188,1.0470357483778776,0.9503277900969743,0.9024731851360055,0.4530303902280215,1.0695798147581013,2.278963538374037,0.6345114513163653,1.44409650662032,0.9076945850823854,0.592572362958577,0.9437042416464048,1.2176488338438909,1.1939112835504928,0.776039449026306,0.8074474583801161,1.0355666144452305,1.1641216640916308,0.7017699360753935,1.0967932124651552,1.4199027135907794,1.0752703359768738,1.1161503917941826,1.497353881089594,0.8819372636775865,1.1312358908165439,1.1701966876006547,0.9223589154962457,0.9137218091849523,1.0978426057887576,0.9383167525720816,1.133167239197055,1.6744041976997266,1.3688348135881687,0.7048146175891351,1.0700749448092495,0.9058701647068907,0.9907675461597854,1.0891621732917913,1.4737935552534038,1.221522094625139,1.1263008367473775,1.898157993266377,0.9905338739079096,1.0879365420184834,1.0136493856414752,1.1603149617971407,-0.033705004945096505
1.7759125044353787,1.3004585023586168,0.9752027294366282,0.8516056785335968,0.8740874308238047,0.7902468900830835,1.6158678309433119,1.4133196881327132,1.0871765404004918,1.4807017869451462,1.4201279807735536,1.0462388365496973,0.9593295428576395,0.9068669808276144,0.4543178955382937,1.069154589271868,2.29566737392462,0.6360607175704678,1.4515646193549339,0.9051530459757209,0.5953630696980337,0.9461066516686022,1.2140823594320012,1.197654447631485,0.6595415542096514,0.8074474583801161,1.0355666144452305,1.1641216640916308,0.704631806256924,1.0897833373026886,1.4077310919640544,1.0707745519613907,1.1115684047614407,1.490845421307253,0.878695938649083,1.1263284280678696,1.1659721550724214,0.9277822149902915,0.9098498366022832,1.0894954382476583,0.9373126272656299,1.1277878287914576,1.667353021093014,1.365649247956379,0.7053135707667355,1.0653835308571038,0.9002108526399016,0.9908473644337564,1.1046750718554645,1.4687474540634353,1.211843952140291,1.1219833658479874,1.9894890261619234,0.9905338739079096,1.0879365420184834,1.0136493856414752,1.1613291669692787,-0.03487291844421213
1.7726293011599397,1.3009131261185385,0.981992417927938,0.8491088188881197,0.8710414178781393,0.7881116697314123,1.6101448381388745,1.4049891320178671,1.0946381920458577,1.4771280047619717,1.4215467054076645,1.0408622021992044,0.9505541521374937,0.9045858567998831,0.45319044204617887,1.0658164643873755,2.289884627322218,0.6345077720946314,1.447287309426499,0.9025736046965752,0.6067603773401411,0.9432814608573785,1.2089330129378366,1.1976836648650802,0.6768332661466833,0.8074474583801161,1.0355666144452305,1.1641216640916308,0.710114736674443,1.0920790743559492,1.417172578723105,1.0715502779994461,1.1072351291860276,1.4924593320671025,0.8767800345943533,1.124694256374998,1.1663411324807007,0.9290080723440284,0.9119582282636227,1.0908835244583457,0.9385433948681993,1.129532742089255,1.669390527131826,1.3668727053652747,0.7058795133387668,1.0662439769780276,0.9010498972092807,0.991800057391403,1.122138488719936,1.470001391311526,1.2164240079538977,1.1421800553129118,1.8709935287828763,0.9905338739079096,1.0879365420184834,1.0136493856414752,1.1637940070840103,-0.03609036904616223
1.767879395617104,1.2969219216896994,0.9673049358351685,0.8475257772892227,0.87274884948946,0.7868174728856663,1.6074520065827576,1.4037782553193392,1.0899250362971449,1.4679417039996874,1.4166116949617824,1.036570730663238,0.9433575499229756,0.9010603047234389,0.4524095888867478,1.0608211446322813,2.2821806062997534,0.633439554555773,1.4454705624112634,0.8989574785199738,0.6071156291376092,0.9418038436596826,1.2004022661993277,1.1956996856679145,0.5438402879816794,0.8074474583801161,1.0355666144452305,1.1641216640916308,0.7077738712492675,1.0951828497069716,1.4186538190633435,1.0753539765016789,1.1113240118665457,1.4972519332033636,0.8779160620677817,1.1290878924509948,1.1650833518182657,0.9292038298343008,0.9113122373083171,1.0959788415225755,0.9403985157414799,1.1333139830781316,1.675153043548172,1.364793451051262,0.7072724283013437,1.070070393931597,0.9011154554112133,0.9965403701037738,1.1274071041119615,1.4754206976883297,1.2171553180304897,1.1466367185786555,1.6074737828149086,0.9905338739079096,1.0879365420184834,1.0136493856414752,1.1635567547174388,-0.03530311298224589
1.745628562469418,1.2871699348439325,0.9633055584934104,0.8427927394714927,0.8646776312556538,0.7823756111865957,1.5949180217111112,1.3967138302184101,1.082785239624152,1.4600321834659926,1.408890762063968,1.027909208469388,0.9401755702033286,0.89887882362836,0.4498954402684263,1.0551347747142612,2.272547820144313,0.6299365752799958,1.43034682849514,0.8946174292043203,0.6261677285474493,0.9366077886460504,1.1871417107381752,1.1782461956775359,0.5959530028301925,0.8074474583801161,1.0355666144452305,1.1641216640916308,0.7091214443876729,1.0959706714177837,1.4241402919686408,1.0800954662583115,1.121748949475636,1.5046369074360333,0.8829853383150358,1.1298590171185348,1.1665738485459534,0.9268290705385962,0.9154786708485629,1.1069399650001646,0.9459331272911061,1.1345849033327429,1.6827205141408017,1.3709240491244452,0.7116428462305373,1.0743971234544047,0.9002204415413858,1.0007946732532298,1.1224672631826427,1.4820969946426905,1.222338875916522,1.1375458141671468,1.3668778643401167,0.9905338739079096,1.0879365420184834,1.0136493856414752,1.1682617302042466,-0.03419606860207394
1.7458500291614083,1.2862421207315353,0.9636056907637011,0.8427374033703154,0.8648047799938896,0.7824368957641878,1.594161552882208,1.4005493239090014,1.0865903386463591,1.4597397612655596,1.4054747756842245,1.0364793438354363,0.9513400567163341,0.8987546981696298,0.4497539401664352,1.0543144687722654,2.266816417269767,0.6299840006237536,1.429603002042085,0.8905701912782426,0.6484848868491648,0.9366585513030258,1.1890708748058736,1.16182694958702,0.5964812538779658,0.8074474583801161,1.0355666144452305,1.1641216640916308,0.7083334533110361,1.0914613665495627,1.4286064558437226,1.078825812306133,1.1207643625480008,1.5046238987710119,0.888810941147755,1.1205390944885476,1.161870077446138,0.925884465986462,0.9138578861051572,1.102684925855266,0.9448350718183988,1.133888153500554,1.6820655152144401,1.3665117974631509,0.7062493496916636,1.0728075428391,0.909524789669594,1.006641519329569,1.1256286796238875,1.480220141354368,1.2320540483725548,1.1602720519621956,1.3625703341429372,0.9905338739079096,1.0879365420184834,1.0136493856414752,1.1686534957856851,-0.03522873123034285
1.7444530566661651,1.2845761007208714,0.9844732607596962,0.8452210339034772,0.8656347417117928,0.7846223319904213,1.597766606707148,1.4036977835963258,1.0987756619269786,1.4602827650547543,1.418520266268978,1.0352523624677055,0.9614356990881364,0.8969292431930842,0.4510116325826438,1.0528713866375001,2.268233851232033,0.6321037762667369,1.4337860936517097,0.8965957649247158,0.6464645097289777,0.939804005920313,1.2102777181793931,1.1671443049114223,0.6574470774419995,0.8074474583801161,1.0355666144452305,1.1641216640916308,0.7090916726715638,1.0838975284905406,1.4423561196393369,1.0748749044317027,1.1124845315607383,1.4989513981620146,0.8847762996235936,1.115890854739203,1.1539937204843036,0.9179090057315831,0.908548992292997,1.1065560029048649,0.9444825478591014,1.1267736028863382,1.6755177154934557,1.3593737809242699,0.7050471771443971,1.0686971266899832,0.9060263238129819,1.0098953800863388,1.1027391526137955,1.4734622180729264,1.2294612574327384,1.1664100585417845,1.5917116065248158,0.9905338739079096,1.0879365420184834,1.0136493856414752,1.1701612937356622,-0.03422768996646073
1.7432789644934528,1.27951643905353,1.0009131481329039,0.8430575544555464,0.8620010688651267,0.7828948583120287,1.5937578339837362,1.4018243146849843,1.1065379858352844,1.4551807547112778,1.4142920722969266,1.0399326998117242,0.9590279907772342,0.8863411307528878,0.4499768749686046,1.0506502111554665,2.2559027050895204,0.6305630979883071,1.4245787813296091,0.8948905650993549,0.6449628497524946,0.9370858890949824,1.2076245155070946,1.1771113884986821,0.6709924845841361,0.8074474583801161,1.0355666144452305,1.1641216640916308,0.7110471946618019,1.0912000517439797,1.4344615613420912,1.077956494541505,1.1137458162739609,1.503609595481647,0.8885876222485207,1.115213887389208,1.1564734876267628,0.9272673315042522,0.9057306198467031,1.108447609136392,0.9472806106877207,1.1370152727039904,1.6806400262811765,1.3731758594506416,0.7113960361550109,1.072507131596274,0.9076333352988839,1.0131517268516754,1.1061337397172628,1.478229707407213,1.2330525086194866,1.1488556536088848,1.4858932944763048,0.9905338739079096,1.0879365420184834,1.0136493856414752,1.1682562528186005,-0.03153147648013419
1.7442181134128274,1.273543058465109,1.0012376439470507,0.8433413646404093,0.8578289800821045,0.7831924009369309,1.602478976497657,1.3958603924321051,1.1132977278231386,1.4569574045265985,1.416627178284231,1.0441510083718542,0.9584119630593165,0.8865924488480019,0.4499729440607425,1.0508024812842764,2.2573619733763217,0.6308563151221169,1.418053821113854,0.8954276617692014,0.6762440207745506,0.9372778538495458,1.219831949787873,1.1856596411991926,0.6710001689839988,0.8074474583801161,1.0355666144452305,1.1641216640916308,0.7116979989643395,1.0940561336438213,1.4365113948212784,1.0785030403654163,1.1234448091492006,1.5066377041775836,0.9000153301494179,1.1169095801712798,1.1440515057569067,0.9293211193373788,0.9031452897862495,1.1088904936476542,0.9519026081734812,1.1422088287022922,1.6835219870177787,1.3745661566512404,0.7120729738880265,1.073830570316452,0.9076401809512035,1.0162811239405554,1.1001801332191625,1.479012614180682,1.243435453966994,1.1516481038473236,1.486273800445251,0.9905338739079096,1.0879365420184834,1.0136493856414752,1.1634994280192905,-0.030450582948796115
1.7505042995083988,1.2682296654157152,0.9757088976893389,0.8447628489920719,0.862600099243007,0.7850114169881972,1.605524799818621,1.3984975846004515,1.1151454349942176,1.459153798869884,1.4242410636491794,1.0470176614246036,0.96728846449532,0.8883877603322665,0.45085706956713123,1.0525075954446956,2.2623657876297285,0.6319971453407983,1.4190486384869554,0.8924896649718479,0.677398044995995,0.9384678521282401,1.222646768116804,1.1955772956077664,0.6177152846858611,0.8074474583801161,1.0355666144452305,1.1641216640916308,0.7120351004338893,1.1005414986708375,1.4400148392743253,1.077865467977987,1.1176545433248448,1.5053100512964277,0.899436124208531,1.1152611668913257,1.1431835367335823,0.9217911003287295,0.9021465139535846,1.1121649181630502,0.9509983046239627,1.1418792749595676,1.6826747215934328,1.3803216151528543,0.7116330438190633,1.0733346802872084,0.9032973603229263,1.013470765168356,1.0996637169330288,1.4775584979801717,1.242549128502835,1.132215009511476,1.5206869347906806,0.9905338739079096,1.0879365420184834,1.0136493856414752,1.1612951332091346,-0.029202747034666403
1.7447577133780428,1.2655945164941669,0.9743055857250562,0.8438547138737932,0.8618281793823653,0.7838321826199418,1.5947042168136358,1.3881978583116397,1.100890777867353,1.4577242185030945,1.4256774219921247,1.0501767282340169,0.985967112558165,0.889318476270324,0.44998514400346973,1.0502971260563534,2.2512676145001103,0.6305316431226305,1.4124620255947375,0.8907981607840373,0.6917789794496219,0.9378010924796487,1.2111696911460352,1.2214716513006523,0.6482707399239379,0.8074474583801161,1.0355666144452305,1.1641216640916308,0.7231600460395484,1.1034975353955125,1.445993590415247,1.0812568529623878,1.1213812819295863,1.5110751267018696,0.9067137784273764,1.1200597033419735,1.1326158840220524,0.9244462140536825,0.9052055277474673,1.1078474354116972,0.9667106097601537,1.1494139195429078,1.6886597949146753,1.3877520020784146,0.7149381817454717,1.076765623632241,0.9074266681550331,1.0162793503421328,1.0814406199668474,1.4835974274359327,1.2357894065591475,1.1259634575077182,1.4395451425502181,0.9905338739079096,1.0879365420184834,1.0136493856414752,1.1578165369141338,-0.03352767471563459
1.733338313217515,1.2653351428786865,0.9607130518269206,0.8416225015425827,0.8558286398870205,0.7813191130727513,1.601232167638932,1.3851344777197825,1.0979903662363957,1.4608039773744161,1.4226491657323683,1.0487359309337938,0.994806038878644,0.8870638738041499,0.4488819528599297,1.039008736921889,2.2351367822806023,0.6291674628299587,1.4009657992395659,0.888938812927277,0.7081516681909612,0.934733692401698,1.2092588419939334,1.2195526127679746,0.6546801027586063,0.8074474583801161,1.0355666144452305,1.1641216640916308,0.7345440667385187,1.1072958525159102,1.454864173627585,1.0825645276405085,1.1332755622459432,1.5146302373880514,0.9039745243824467,1.1215710627320281,1.1344195606985197,0.9165051284653736,0.9063859378493282,1.1081765733387037,0.9608413132310918,1.1515996628483613,1.6911639924284758,1.389748273031052,0.7137585949102971,1.0783718667097077,0.9095629250392387,1.0165435915677732,1.0773483228213563,1.4853698924429828,1.2434657805942673,1.1274259391092127,1.319902083374192,0.9905338739079096,1.0879365420184834,1.0136493856414752,1.1601846095792623,-0.03186497096459421
1.7202574743964862,1.2557377021168714,0.9435437396490038,0.839479634480961,0.8500887347940121,0.7797082221973892,1.594394409890147,1.3738857329721004,1.0933364686115763,1.4547436256091348,1.423035669355474,1.0464498391430785,0.9928287655128508,0.883337000624317,0.4473987301112341,1.0414899283371186,2.239841509970876,0.627326065955638,1.388076391893704,0.8861223297645462,0.6951045651719485,0.9331786902146073,1.2067471650930683,1.2162303148170206,0.7416541732653142,0.8074474583801161,1.0355666144452305,1.1641216640916308,0.7312949768660345,1.109524431402474,1.45797249564319,1.0863028922034303,1.1291740527045746,1.5195234723850761,0.9189235915103638,1.1298489769821765,1.1338813615751202,0.9198709952930205,0.9010137685333686,1.111628397385075,0.9634259660951392,1.1587493700907494,1.696386565304748,1.3923464116446491,0.7210802341364917,1.0818371665872586,0.8989544153389583,1.0133517555180231,1.0751656886169356,1.490636781132303,1.2471169062996028,1.1158994814051908,1.2058598630312871,0.9905338739079096,1.0879365420184834,1.0136493856414752,1.1617302094199793,-0.03221745898320273
1.7210595165547409,1.256900693725559,0.9393793818599345,0.8402296355496599,0.8441076666601263,0.7800470514415199,1.5909969147140415,1.3775185980451166,1.0874377852352681,1.460898713796476,1.4322982144974947,1.044252198691439,0.9983336566237414,0.8786150438641172,0.4476434824369105,1.0345291188908223,2.2429859284301963,0.6270425406718267,1.3794383892596316,0.8826400690375915,0.674589321990811,0.9342075159394724,1.1956863012221155,1.1952677149614082,0.73661400021219,0.8074474583801161,1.0355666144452305,1.1641216640916308,0.7321386970796171,1.1054787652863534,1.4588180631630372,1.0877190874597074,1.124062789670788,1.5213237303066602,0.91591311914783,1.1362525548709228,1.1293504324986088,0.9294835784092625,0.9062317760519285,1.1060949611768998,0.9669513509003774,1.1609155259683641,1.6976567343345343,1.3911852365421757,0.7184937184324376,1.082486917408659,0.8966884293165175,1.0160871647046423,1.0448850158576088,1.4927478864982264,1.238453082625311,1.0968802330697662,1.1858696950985492,0.9905338739079096,1.0879365420184834,1.0136493856414752,1.162335174845278,-0.03618030927793344
1.7081497466013718,1.2523047992180154,0.9245787939797546,0.8380670806230779,0.8430242464949685,0.777852804120659,1.5844801772696777,1.3895912351506337,1.0819912246930186,1.4580894503703299,1.4202200322716445,1.0458898497523246,0.9913640961833682,0.8765862798702178,0.4468449902744933,1.026401872920344,2.225466371762985,0.6262701130342795,1.376737303476227,0.8941442508414349,0.6730645595424636,0.9309226136218087,1.188615329963435,1.2089353821165765,0.7306705773850216,0.8074474583801161,1.0355666144452305,1.1641216640916308,0.7453577924654228,1.1040528397703089,1.4490593524305182,1.0888414904246144,1.1255184867380932,1.5218006559682422,0.9039608995160018,1.141115196984441,1.1283793729224854,0.9358467501195702,0.9071105737785744,1.120172806340552,0.9624997143723606,1.1534716812201853,1.6980633991305871,1.3984034022400298,0.7170043123129702,1.084086588641907,0.8973299412899761,1.008330932498547,1.045933628648865,1.493440145045259,1.2370835009565175,1.0812981622452598,1.0910748939927166,0.9905338739079096,1.0879365420184834,1.0136493856414752,1.1671714669020095,-0.02981583456351579
1.707476221500303,1.2511162090377093,0.9203977143113032,0.8391360649924443,0.8443944128773087,0.7791786331900789,1.5827926073691596,1.4055502031016538,1.0797770488782101,1.4606932118087712,1.4163540318672223,1.0485594639005051,0.9920041599524534,0.873564900010712,0.44725337360277223,1.026284666850848,2.228753119630465,0.6264420804266564,1.3752591800452412,0.8997166925321678,0.6911399055805318,0.9322490984515788,1.1774821215073994,1.207894008054618,0.6794072789882009,0.8074474583801161,1.0355666144452305,1.1641216640916308,0.7400489188760875,1.0991457082202016,1.4392304427314317,1.08666440119692,1.122974643514855,1.5196878255786836,0.9168717964503592,1.135969847943728,1.1247041661761168,0.9266653098303467,0.9050206491048602,1.1189853816654964,0.961648518930575,1.1489219665311587,1.6949594543578799,1.4000772000786323,0.7173417050494287,1.0811436869947397,0.8937654420291397,1.005786985925848,1.0349385389259378,1.4915696988079454,1.2371498010638622,1.0698002420707597,1.1610421149489116,0.9905338739079096,1.0879365420184834,1.0136493856414752,1.16932999526594,-0.034668827021831036
1.7063275712516006,1.2501920961886468,0.922526243014057,0.8380622967875135,0.8439270312680655,0.7777072949486329,1.5803364724443985,1.3967512088260214,1.0718027272074797,1.4661599260368507,1.430417794722491,1.0537597159983136,0.9826471360683561,0.8702573851912111,0.4464644772606657,1.026007543340312,2.2238633149891722,0.6263493120860366,1.359059323548196,0.8886799338393212,0.6975372762745107,0.9307276354990955,1.1629346510836602,1.197988875016471,0.7110303043646736,0.8074474583801161,1.0355666144452305,1.1641216640916308,0.7368048859900342,1.1035712174401247,1.4195526408564214,1.0907540073428021,1.1232908415227334,1.524802001188333,0.9199420601249987,1.1458573905118945,1.1284825608909541,0.9216610932428286,0.9206097704543584,1.137047056884105,0.9663206227916159,1.1452992287044073,1.7019526259417883,1.3914310559360057,0.7218605611165552,1.0864434315047038,0.8967779387395033,1.009476026807509,1.020232335585163,1.496635691588311,1.237766545445953,1.0741166132239832,1.0682861116958877,0.9905338739079096,1.0879365420184834,1.0136493856414752,1.1666548806774444,-0.028174271466473486
1.6970601808818073,1.2611474944958343,0.9260903895682571,0.8407303119744708,0.8405888823061115,0.7800147033731951,1.586172870183715,1.3887005652066102,1.0749898215284743,1.4698393024004275,1.4434618631057892,1.0618931926847326,0.9854043978417113,0.8601065978968249,0.44795939220108505,1.0190722202949067,2.2329589176564535,0.6282213889210463,1.3534956276211667,0.8913093171072005,0.7004625547266353,0.934949620667699,1.1558960300630792,1.2004193248999964,0.6578370881238339,0.8074474583801161,1.0355666144452305,1.1641216640916308,0.7292504328182514,1.09518414649559,1.4303374638268493,1.086906319573411,1.1077492451785291,1.5199106659760433,0.9013408603648345,1.1377377578482357,1.1247669326162215,0.9188180086511557,0.9030053740754534,1.1270442790618933,0.9630723776343766,1.1587173531998547,1.6955267456608885,1.3814376268108164,0.7216310404973197,1.0834428305815305,0.8960372486933457,1.0074043694531063,1.0195218939340789,1.491856452599945,1.2216772948075032,1.071564738025211,1.210295663849686,0.9905338739079096,1.0879365420184834,1.0136493856414752,1.1719390736827884,-0.02611069425985445
1.731444962911876,1.2507956553781339,0.9448938947308113,0.8388811300765221,0.8307869962039917,0.7779325665940623,1.5705932184056752,1.3691889705481055,1.0665426594895193,1.4602173347200404,1.4451892377828468,1.0557480690631065,1.0027482586371559,0.8650975093379916,0.44693635031182916,1.0141273028476383,2.220180806098287,0.6279648864334912,1.3425082015975325,0.8844473178389446,0.6982142659123766,0.9335525081735181,1.1409251821915718,1.1954114064180936,0.7318848726367044,0.8074474583801161,1.0355666144452305,1.1641216640916308,0.7166802794319784,1.110990013554024,1.4353358444969027,1.085312109238681,1.1022126086557595,1.5168460234417476,0.8998051207166962,1.1317673384120266,1.1148789166464554,0.9527754555169954,0.909518104338983,1.1186501951940342,0.9534103178803535,1.1641665808630866,1.6936612895378527,1.3646491560198026,0.7141160591263399,1.0830957607025353,0.886766441246967,0.9927493335690702,1.0168905277381177,1.4889655762619618,1.2085220463857504,1.068776734837697,1.2693580053529288,0.9905338739079096,1.0879365420184834,1.0136493856414752,1.1824427702791986,-0.017310824827718684
1.7167817532022145,1.2471594989615793,0.9497312704180172,0.8397028842070992,0.8261982227789165,0.7797907299814177,1.5767110968569877,1.3693929039632102,1.0676250637398257,1.4419426839749472,1.458254861992812,1.0560368305152967,1.0109309134943012,0.8653294067799994,0.44791466255300466,1.0063166221885562,2.2123539947353126,0.6295036747573421,1.3544905381577055,0.8860762491786716,0.7082445622152911,0.9335713233874066,1.1497047663806943,1.1997128707359779,0.7548555589844037,0.8074474583801161,1.0355666144452305,1.1641216640916308,0.7179886882673636,1.1090691915439062,1.3934820521981888,1.0859056032902186,1.092175893331778,1.5175131256904224,0.9022118483263719,1.142286463084828,1.1150661555277024,0.9450670927124886,0.9041830420547445,1.1144870140238499,0.9590436544994141,1.154492939123867,1.6940546550498594,1.3470681331009926,0.7081966954625839,1.083432303278759,0.8839115985128124,0.9929328984402428,1.0689044813987074,1.4884176390313044,1.2163527328996144,1.0897655007045048,1.3055233226175533,0.9905338739079096,1.0879365420184834,1.0136493856414752,1.181803179207954,-0.015736916672831586
1.713351961297547,1.2459530366961917,0.9263148195378962,0.8385775533601506,0.8214846757302631,0.7794840006970862,1.5828969053411646,1.3632757575843826,1.077484637824255,1.440452964499842,1.4745267325909452,1.0639075872835604,1.006049437106833,0.8746080156276373,0.4474178653175507,1.011973673016192,2.209108314127613,0.628160439005278,1.3546367448548045,0.8921870886240627,0.7065265603251246,0.9316380129630002,1.184475443693509,1.191645531049039,0.7542536082333131,0.8074474583801161,1.0355666144452305,1.1641216640916308,0.7161814365312019,1.1066460030996441,1.4134067959334924,1.0836270662314995,1.103738424633042,1.515353002576245,0.9156491360063918,1.1349855249936152,1.114228846656071,0.9433235799244827,0.9047946936182016,1.1048212943033888,0.9502408214725853,1.1539668285512332,1.6910245080653985,1.35466352299215,0.7064755572680649,1.0809837154230042,0.8917683580417671,1.0189013799799906,1.065911905600831,1.4820424772152097,1.2230993513882908,1.0518561289521104,1.3382720798055914,0.9905338739079096,1.0879365420184834,1.0136493856414752,1.1819710839921596,-0.015116034582169256
1.7099361317382522,1.2331624406380715,0.9419746595234507,0.8368730241998521,0.8272367034381637,0.7775676379501809,1.5720349914637357,1.356511072742888,1.0816079556545812,1.4216614845837128,1.4857643970375436,1.0701304970257883,1.0196994737212408,0.8725550439105446,0.4464783878482622,0.9972660343948849,2.221838066431705,0.6270920336635479,1.3360388981632523,0.8878630149384424,0.7051327532465279,0.9291755265292542,1.1799043024870526,1.227747795397128,0.758123254406135,0.8074474583801161,1.0355666144452305,1.1641216640916308,0.7317656445802805,1.094681538303558,1.4108249686151797,1.0821658566932593,1.0981285904314126,1.5127411794425847,0.9139672184723423,1.1408529604159403,1.0986026774531363,0.9475096786406807,0.9032727375163185,1.0899366501148482,0.9647228025329178,1.1445285278101314,1.6885845728083908,1.3425035077620078,0.7035063492168854,1.0793783761017408,0.898548182702101,1.0177227337032964,1.0795387590855656,1.481368225250296,1.2408176192839118,1.0866900607872927,1.3244515497139782,0.9905338739079096,1.0879365420184834,1.0136493856414752,1.1880633573394235,-0.018920424744270865
1.7023336511475777,1.2307218814489442,0.922734107462054,0.8398567580929432,0.8309385879918655,0.7801720447455468,1.5767868227438717,1.3555976985687515,1.1289855257964911,1.4183014603707897,1.491174002213624,1.0828628940598182,1.0273775238400504,0.8680906146651318,0.447756426091692,1.0005390238122867,2.2307084938601776,0.6295645101587178,1.3292997807645888,0.8911984187364923,0.6857088914374928,0.9319539723953087,1.1865602873029133,1.1934107680694688,0.7134543087855958,0.8074474583801161,1.0355666144452305,1.1641216640916308,0.7212460922134304,1.1198341943296517,1.4223122937877466,1.0819937873687289,1.0985379526275005,1.5140146865296686,0.9148352783304311,1.148218815242455,1.092039458445699,0.9311447119736316,0.9034578542896405,1.0785536237615965,0.9564267789158113,1.1466087617093415,1.688716982027955,1.3451969351901176,0.7034803295523282,1.0782926587047212,0.8862249961879912,1.018974151026581,1.0734761739390206,1.4810251961118315,1.2444006718710914,1.086867825484169,1.3494933127265605,0.9905338739079096,1.0879365420184834,1.0136493856414752,1.1822116746586422,-0.0176827595903809
1.7067766185699513,1.2317884613287717,0.9220029560526188,0.8404014038945554,0.878045053430552,0.780419463581943,1.5802124842561054,1.3358522381543678,1.1184736581120631,1.4191094698637665,1.5002669645322355,1.0984535874207377,1.0388665021793242,0.869156393122183,0.4483773074985375,0.9904012682693616,2.2420081824534965,0.6306189677652042,1.3131137524434504,0.8922021580345552,0.7384895950410372,0.929750018769161,1.1812131170047422,1.1901008469329892,0.7126473600897356,0.8074474583801161,1.0355666144452305,1.1641216640916308,0.731160035837363,1.1227486010364738,1.379101851782647,1.083273397678579,1.0867001797320563,1.5172627916046406,0.9170375269655634,1.1485811101353702,1.1068061030916125,0.9314934210090798,0.9067310838138599,1.070353335114135,0.9558126667734743,1.1688251786920836,1.6947139121470205,1.3637782230721451,0.7067501717180392,1.0820264979618222,0.897180230684762,1.0086065665168802,1.075854009104151,1.4828760165475048,1.2943994971263977,1.089404000045324,1.3520782347506972,0.9905338739079096,1.0879365420184834,1.0136493856414752,1.1720136639801142,-0.010175795545221869
1.7467157103524644,1.2391637774676973,0.9744451569750519,0.8410399461824357,0.8650627054666756,0.7811801466951641,1.5769567429603806,1.3373478740604758,1.1193828647772133,1.4204234919356615,1.511051422344215,1.0970605533027695,1.0381455401030009,0.8595866544603462,0.44865102390694434,1.011894366848574,2.2437255643307235,0.631259775027488,1.3136187254088596,0.9008323417297521,0.7585113782823478,0.9274897956893078,1.179473127223933,1.1509546251891252,0.6626336553763362,0.8074474583801161,1.0355666144452305,1.1641216640916308,0.7317659808731772,1.125785852412005,1.3690452150240715,1.0818004877751792,1.0765364087632459,1.5179436554855101,0.9368836264213302,1.14890816963804,1.1058892178517123,0.9248094157407101,0.9331761506965959,1.0661604901183932,0.954720698937324,1.156863630768963,1.6949921176121587,1.3701067202146704,0.7065738816062238,1.0807860784792915,0.8963830033293813,0.9971569849409788,1.0706007938210442,1.4805135063031774,1.356958467258488,1.1032948169499284,1.3541977821453748,0.9905338739079096,1.0879365420184834,1.0136493856414752,1.1658488123419926,-0.014845329314129043
1.7433668279136247,1.2565009952689952,0.9382212106704405,0.8374572768630276,0.852552680365196,0.7786363183042756,1.5658354595142896,1.3256086897387436,1.1670607832568407,1.4151828012973091,1.5042604936415755,1.0880055458061906,1.0301658548415003,0.8561236405426637,0.4464386338536957,1.0082404485263803,2.2335978614202276,0.6274856658360963,1.2916188158376285,0.904977942823359,0.7353747761695203,0.9256165471875866,1.1659003945595607,1.1699008195182574,0.8849840958331363,0.8074474583801161,1.0355666144452305,1.1641216640916308,0.7444806827551985,1.1138363252788324,1.4148336690322563,1.0824518825963965,1.085902801025726,1.5202713865681752,0.9849675048110373,1.1433483969299645,1.100279489680904,0.9236333519266756,0.9336517454886581,1.0571829786920397,0.9764261960240618,1.156865626092014,1.6962179931662635,1.3714575430031946,0.7057827172985554,1.0818056999672043,0.9066859037792162,0.9926817639903865,1.0593802702648563,1.4826059348973502,1.3429116889591057,1.0650695373294101,1.3484874381353311,0.9905338739079096,1.0879365420184834,1.0136493856414752,1.169274176342893,-0.015336064929885596
1.7309517630971563,1.2699903307625546,0.9872271438694032,0.8315848001250894,0.8803347361109448,0.7731259857764167,1.5603863653502137,1.3181685736389437,1.1900324464249956,1.403423721248195,1.4939563056296303,1.0682699925491201,1.0778566818157596,0.8501622984574285,0.4432575112710093,0.9828926864163146,2.234403562402265,0.6238929942044008,1.2812897668836483,0.8912986752837366,0.7404213156968538,0.9152071512786966,1.1505546205989232,1.1650188229325564,0.8829098027698103,0.8074474583801161,1.0355666144452305,1.1641216640916308,0.7410059154488914,1.1413165903560714,1.3603895634297456,1.0790056484103807,1.1015108586050766,1.5145031121299428,0.9872599858290289,1.1390215391949994,1.0958854060692296,0.9114338264082382,0.9457087200955543,1.0451550586798024,0.9652381181267964,1.1797531353757378,1.6901949882181482,1.3614674793486514,0.7067971414481282,1.0784653394614439,0.9037397556881203,1.0384939445935655,1.048161618846291,1.4799488066503343,1.3734058270639518,1.063725193084212,1.3506932886867902,0.9905338739079096,1.0879365420184834,1.0136493856414752,1.1784270857239614,-0.009234048241998347
1.741718592393094,1.2592839609741435,0.9854707460975659,0.8315289791820442,0.8683572591813274,0.7721120864254329,1.5690671300784897,1.3198008462188173,1.2019461189083842,1.3864688875634883,1.5105301926266956,1.0680916922200083,1.0747396997949932,0.8614072119982804,0.4427585433501717,0.9831546468085016,2.215359810554611,0.624034587290166,1.2947316305751655,0.8914853931550412,0.7254195355611395,0.9160922457351449,1.1528370013542841,1.1645234824656925,0.8842043640578386,0.8074474583801161,1.0355666144452305,1.1641216640916308,0.7551258439774432,1.1404909538457988,1.3893351849720599,1.0793781068174026,1.0888882847049641,1.5135635999352153,0.9987807947058879,1.1494858703265334,1.095395839138735,0.9086636813435093,0.9436202250631913,1.0452252946427234,0.9495435837845018,1.182155100106104,1.6897970523060544,1.3738795397951393,0.6980946993008328,1.0787618386993938,0.9190435854535268,1.0382606876182794,1.0212974535783614,1.4785362559330901,1.349342697481737,1.0623573208972232,1.3520337712039325,0.9905338739079096,1.0879365420184834,1.0136493856414752,1.1783644369360813,-0.0012646392343988592
1.722874115169506,1.2509655642640802,0.9791484875675307,0.8300806752391859,0.8658447537182636,0.7705962330841362,1.5566165722210914,1.3385198688967133,1.1873539021699497,1.3605514415118725,1.5094115224271951,1.0611048376584626,1.0674821630894196,0.910557992147853,0.44203510000410684,1.0026357833714186,2.208536912554625,0.6222333259144841,1.290543694806922,0.8870782555103002,0.8337693590869578,0.9148897108560093,1.1556695388620444,1.1339025901536028,1.1003295250978022,0.8074474583801161,1.0355666144452305,1.1641216640916308,0.743397822751657,1.1218872027396087,1.385537467731976,1.0809706277236224,1.0887535813571203,1.5165442734336725,1.006112535804563,1.194471575896676,1.1022780685230735,0.9011717888082544,0.9280917821570629,1.0348856887718179,0.9966927756529266,1.178762996133404,1.695292330103904,1.4020128712294686,0.6967702351493597,1.07924147073698,0.9297848892295318,1.024476221301645,1.059664464795051,1.4779158053829724,1.3496312750880979,1.0250975414855246,1.4351036826597463,0.9905338739079096,1.0879365420184834,1.0136493856414752,1.1762749088541462,0.00849847760179364
1.734676981748088,1.2349747819689396,0.9223322231215314,0.8298361537058906,0.8724610341647088,0.770674836513353,1.5474509059305812,1.323986975095521,1.2218035733418273,1.3526091732353682,1.4868940229688044,1.061404071970834,1.0919751543524496,0.9009989133204888,0.4413372681605619,0.9878696833418249,2.212595350513805,0.621043776549594,1.2909145551200543,0.8771495647023406,0.8562958279169736,0.9136421635203525,1.1569723577974615,1.196584090301411,1.1044087920738697,0.8074474583801161,1.0355666144452305,1.1641216640916308,0.7312544115881884,1.1296355413366974,1.3804780525411837,1.083750061065502,1.0812435758070635,1.5213876849895682,1.0317523413953522,1.2096462610384968,1.1045121645185842,0.8810410984736109,0.9539387220681179,1.0381002382581612,1.0121222927904319,1.1866643117905968,1.701755626034813,1.4148257063766134,0.6890503043516171,1.0838005580246122,0.9333217464321121,1.030860479080976,1.033491175652359,1.4835322623920997,1.3511252580639281,0.9758680934493135,1.4351397974423394,0.9905338739079096,1.0879365420184834,1.0136493856414752,1.170803576001166,0.01110858787146232
1.7186215413805073,1.2463857177575606,0.9209089015940657,0.8282066378056749,0.8863813341939929,0.7696441255693468,1.546883999329943,1.2997254316871036,1.1960219741796005,1.3870237133210828,1.456951503623069,1.0623243978675603,1.1089799300992804,0.9017317392030761,0.4408818154593575,0.9874024343623583,2.1715079322497295,0.6192741099947192,1.2771858117801167,0.8729061950562621,0.8814083109675873,0.9109579536448772,1.1516666747150852,1.1970520235546747,1.0860801149464738,0.8074474583801161,1.0355666144452305,1.1641216640916308,0.7334173928138202,1.1250973912229978,1.3778925285920058,1.0818567056186459,1.0924617470312943,1.5232691191534213,1.0313182291351992,1.1850691312480564,1.085456650244662,0.8794917540908903,0.9495103588575636,1.0242416014419409,0.9980099667652488,1.183798055882106,1.701155717238278,1.4280161573374541,0.6766861356795553,1.0816066945235274,0.9474970139399823,1.029634928230776,1.0615646055701813,1.4833837032797585,1.368524176014396,0.9750818254577245,1.3234935392884064,0.9905338739079096,1.0879365420184834,1.0136493856414752,1.1795177613510046,0.0020596807913995947
1.7382800129354061,1.2358432660338041,0.8850890290946027,0.8238340157492581,0.8774610617970912,0.7675598287057017,1.5695850127184168,1.2994915231281312,1.1890385745617738,1.3862181857767086,1.4950615132259102,1.0685638586942354,1.1022316095643538,0.8918573918051779,0.43949381258725506,1.0331840440683802,2.1357672686691287,0.6173224040874207,1.2641731078469758,0.8598179532202392,0.8846866294757073,0.9027241093676615,1.141508791965671,1.1918444857468944,1.071278845315619,0.8074474583801161,1.0355666144452305,1.1641216640916308,0.7742283345125006,1.124190387720668,1.3595689361768937,1.0775799522475467,1.0846495064514916,1.5174356518829104,1.0227049988886778,1.173454027993974,1.0722605754356034,0.8796618550489537,0.9366838008681257,1.0191633736457013,1.003168961566654,1.1658765105191402,1.69475769132277,1.4470732251320508,0.6742662395260203,1.0770760280866944,0.9425593877873563,1.0674917520837242,1.0634347008251324,1.4741880645336702,1.3954760395750878,0.915657925432615,1.297028086460426,0.9905338739079096,1.0879365420184834,1.0136493856414752,1.1889613435327848,0.006647130179468142
1.7860315397075148,1.2695766621560163,0.909479213771906,0.8457959103708306,0.9021018426739071,0.7891880337519945,1.6143783248292065,1.3359791028761576,1.2271890403356027,1.4240470983663038,1.5367725016642977,1.0985695532557496,1.1331900941428532,0.9153866054535388,0.45167640358131017,1.0622816256381427,2.1960877461374495,0.6323622516541202,1.2994218855269075,0.8828385647779835,0.9094411254763589,0.9278692359355136,1.1734880295619303,1.22693778939741,1.1009086335396643,0.9900447025634652,1.0355666144452305,1.1641216640916308,0.7528441209735398,1.0932122261506079,1.3210148440595344,1.0490661193706967,1.0541007921640762,1.4762091636529722,0.9955030961985321,1.1413446801437608,1.0430186235698855,0.8547070237313645,0.9110395899399562,0.995426572423211,0.9758082649308297,1.1339355185126956,1.6485338161720278,1.4076014688117844,0.6551563187567491,1.0476549166039029,0.9160638005548921,1.0374767346783074,1.0319498837157421,1.4345001454136093,1.3572358647566005,0.8919955701291649,1.2595537740536837,2.974163381860021,1.0879365420184834,1.0136493856414752,1.1891646595161556,0.0064552462847531624
1.7823031252661468,1.2691775512295052,0.908348424187613,0.8438800363922343,0.8985626651791883,0.7875583732055986,1.6111256186381042,1.3329898166275949,1.2231608269306624,1.4186728719396153,1.5322330733433334,1.09960397121828,1.1356494394386316,0.9121139828579856,0.45071028070445013,1.0599552782407764,2.1888913536923926,0.6315316693074956,1.2948926902585667,0.8809221642360117,0.9047802454813594,0.9258265320443634,1.1709507486866852,1.2291547414301196,1.1023023174412072,0.5150418114989377,1.0355666144452305,1.1641216640916308,0.7548347747514013,1.0950557610533702,1.3244652881743706,1.0512633265312346,1.0554208693040956,1.4793169422457206,0.9956980989276545,1.1437957865333954,1.0429890427661732,0.856752347914572,0.9115994189044689,0.996598069155399,0.978546575124791,1.139363811589856,1.6519906383197085,1.4104196121962342,0.655414790187881,1.0517300896748871,0.9193594394570417,1.0431682212208198,1.0382296383572343,1.4378039984657558,1.3598564898557552,0.8916143449413007,1.2632689995145892,2.405171209321051,1.0879365420184834,1.0136493856414752,1.1891587127750751,0.007068384204581514
1.773808443455802,1.2644503105213714,0.9007075269689739,0.8399639081139558,0.8944275249218642,0.7836866289300441,1.6030113294612283,1.3266223489269215,1.2170238427866134,1.4131609330587143,1.5251289098535614,1.0970624266686189,1.129950822225825,0.9060750021098882,0.44854542325600955,1.0547256440385089,2.177872917615686,0.6300275386435558,1.2891895829326236,0.8765212897611142,0.9038675392226329,0.9211460995446028,1.1651441431285496,1.221500917854752,1.1035509524461422,0.6086768240179863,1.0355666144452305,1.1641216640916308,0.7584674617425975,1.100338259714494,1.3308472727594316,1.059856758809237,1.059987322947128,1.4869548762548799,0.9992663186617404,1.1495815530430085,1.0484145898125117,0.8625077109713042,0.9177156355186004,1.001731130271427,0.9856453732648969,1.14508798275452,1.6604762682688607,1.417508810838901,0.6593793803144342,1.0563820146486422,0.9238637971366653,1.0469200463013475,1.0438324332250621,1.4444273343184615,1.3666735250411075,0.8965536590253358,1.2738967756505588,2.1449796501069645,1.0879365420184834,1.0136493856414752,1.1882742756985862,0.007208744797318942
1.7753068868068882,1.2633914453076664,0.903816635805929,0.8412204546814271,0.8967765689760314,0.7828261983573774,1.6066063594082118,1.3253493107221337,1.21560713904439,1.4113473041504307,1.5262241838853614,1.0946031717828502,1.1314554503343557,0.9067509216876163,0.4480128124930584,1.0538622006047658,2.1793636127584084,0.6328648177731939,1.285064545217589,0.8779928200786261,0.9045500902738394,0.9202832667982002,1.1641859463943571,1.2211260953411454,1.1024768321575218,0.6146308612673849,1.0355666144452305,1.1641216640916308,0.7576359730513055,1.1002314405400497,1.330808671551103,1.065781369186895,1.0613893089755138,1.4868156972903535,1.000696193857633,1.1493263717626114,1.0503060087709903,0.8643396571757301,0.9171989830328313,1.0026217221907427,0.9852108045521878,1.1464009094485654,1.6601942081302137,1.4171270612421156,0.6599405966785652,1.0591302824176916,0.923538081611853,1.0512251225144396,1.050102832593352,1.4444359570760117,1.3663207973151652,0.8997522347290973,1.263698658528644,2.131871850656036,1.0879365420184834,1.0136493856414752,1.1884313338531434,0.007962479235587155
1.771787311773487,1.2614059085905798,0.8982886565816814,0.8393011840375274,0.8932208516472164,0.7811690341283748,1.603341366915256,1.3227004214228895,1.2126230857035047,1.407780763122326,1.5217063044363313,1.0950586147523398,1.1329141644672422,0.9033021246615266,0.4470496944186051,1.0518141315359866,2.176256632022585,0.6327903825326062,1.2801671990397696,0.8762102918065025,0.8956433469185787,0.918410706898497,1.1619522058105156,1.2140532543334182,1.0972365263800412,0.4469823612534,1.0355666144452305,1.1641216640916308,0.7593821554523118,1.1040563405803057,1.3287524990148696,1.0672889149324778,1.0648022904082222,1.4903863982065948,1.0036812988002646,1.1522348995133738,1.050886054719836,0.8695521927275032,0.9177735271572934,1.005284687162119,0.9868903075805259,1.1479353056503954,1.6635176485570413,1.4206143715199027,0.6616852081084247,1.061450536116773,0.9244055273550941,1.053679696108003,1.0477952927527217,1.4473498916150351,1.3697720652398715,0.9009943488399119,1.2666698600502206,1.8618352263767477,1.0879365420184834,1.0136493856414752,1.1882883446863297,0.007437462167073972
1.7688213041177387,1.2586224872928071,0.896588177133204,0.8346996426863447,0.8909230072029611,0.779438498467467,1.5996724882864888,1.3191008212403337,1.2215300619387044,1.4029111626348434,1.5182106635041577,1.1008703770711046,1.1324533845708153,0.9044171728283588,0.44585363766090946,1.0487190249818181,2.167869462778013,0.6286792382584725,1.2743880140168033,0.8728041290300942,0.8940793475958583,0.9160882495030089,1.1589074484786304,1.2096484723904548,1.0887918511140044,0.5355587578481004,1.0355666144452305,1.1641216640916308,0.761171853317393,1.1077473338595054,1.336042561993252,1.0684735990695233,1.067291177582531,1.4944789271435999,1.0061539115336458,1.154718020180402,1.0526103840667593,0.8702192832126079,0.9206707913144657,1.0054029380420708,0.9971050275837509,1.1499337819118816,1.6678792244979075,1.4240992469061164,0.6618055611537143,1.0861034210987803,0.9264096219524104,1.056695664417817,1.050199073069301,1.4506818090053697,1.3732131169966872,0.9101329091529748,1.2626527611428364,1.7470247404844468,1.0879365420184834,1.0136493856414752,1.187110477476182,0.007993294083609312
1.7614621280805938,1.2550385536814277,0.8899685240341262,0.831229190933385,0.8881324302429253,0.7766916760891417,1.595100195350704,1.3145924813664958,1.2180232759953613,1.3948218088835274,1.5167954433205302,1.0972226654439716,1.1285835034226437,0.8997970529659087,0.4443204924050467,1.0450748742940925,2.1584012137922053,0.6239354276453439,1.2713434860730872,0.8723953575503741,0.8872455151365541,0.91286387162272,1.1550006398858441,1.2035351768651803,1.0843470984202328,0.7776605458412957,1.0355666144452305,1.1641216640916308,0.764967303973754,1.1103559932482268,1.3475140901898135,1.0736107258491674,1.0683890791651518,1.4996538473414556,1.0086832934589858,1.1591216365302837,1.055143190929521,0.873861620574123,0.9225524841513852,1.0092498142039315,1.0005144518257114,1.1560371947993515,1.6740718698902162,1.429745183345564,0.6667082242421903,1.0915267518923584,0.9279746837113294,1.0581047306764508,1.0556951139833521,1.4557371114774829,1.378438996145052,0.9129562105695411,1.263793444489997,1.7068961585469122,1.0879365420184834,1.0136493856414752,1.1867270755195285,0.00845011313253639
1.758330427870004,1.253551037104999,0.8841331312704951,0.8300662977290355,0.8834526651717848,0.7748970863658935,1.5885891452645953,1.3116926145727825,1.2166214973630154,1.3925910976709177,1.5130642647083183,1.0945122222416832,1.1286013443323621,0.9012205869780627,0.44323479275943034,1.0426869552051872,2.1494770863861112,0.6239561455963446,1.274399826814251,0.8706735205222673,0.8938312537610524,0.9107406354010471,1.1526534206804204,1.2012836808463676,1.072562002055714,0.6575182577857204,1.0355666144452305,1.1641216640916308,0.7679321444628628,1.1133912080657278,1.3549865414582405,1.0817995883411662,1.0677579691821264,1.5020287437137434,1.0086110680958755,1.160684811932007,1.0575031373567778,0.875012815817506,0.9200459693579319,1.0106164666117066,1.002814623759227,1.1563898858720119,1.6765077863620497,1.4318491895850012,0.6669893427350247,1.0997797768630697,0.9299063879190125,1.059439345692025,1.058985816273175,1.4578477841127133,1.3805839344761421,0.9162361757010037,1.255968244169507,1.4931055917724514,1.0879365420184834,1.0136493856414752,1.1877347094278567,0.008468227762636392
1.754130379701536,1.2509907364104917,0.882061720837024,0.8265823447195177,0.8799012177332498,0.773344489515324,1.5854759274161996,1.3093058386411442,1.2196576539368005,1.390950922710275,1.511705117390905,1.0980499778097534,1.1268681059620025,0.8979907360655482,0.44242794548749687,1.0407033875248717,2.1445004205937868,0.624390325704137,1.2732870538177767,0.8707769165145243,0.8878778613500642,0.9091795844260917,1.1504916656576019,1.2051111694074035,1.0714288366668938,0.7891194026748571,1.0355666144452305,1.1641216640916308,0.7670012551241197,1.1191132280241205,1.359362458636379,1.085831462582179,1.073332189116441,1.5030858236637674,1.0070432813800412,1.1615487957580752,1.0568102166414348,0.876431237051208,0.9220067020850718,1.0112047347837034,1.00232217416295,1.1560954196642594,1.677570865835928,1.4331300088088104,0.6679752051409901,1.1026821626621286,0.9316685539432041,1.0598779357138952,1.059328170684844,1.4589294692402377,1.3817150032274654,0.9142428515858882,1.2643442128263274,1.5058299963273378,1.0879365420184834,1.0136493856414752,1.189058185149345,0.008646006796229268
1.7578141884086778,1.248946726392459,0.8876129929306699,0.827134172400274,0.8811992057520242,0.7747194340255941,1.5882521985181954,1.3114001635619528,1.2233274613869627,1.39086989645141,1.5209968194955856,1.1019987280827463,1.1274387430087425,0.8990127551080043,0.4431426064312074,1.0424345092785852,2.1503636865887805,0.6229578394071511,1.2722839657937466,0.8741935137810034,0.8894549330660737,0.9103406961533582,1.1525832947260573,1.2114379893042149,1.0643803303133814,0.8157365754026266,1.0355666144452305,1.1641216640916308,0.7638498848905985,1.116785873061713,1.356692807510825,1.0862206056648165,1.0720130586720547,1.5002821020804589,1.004863091526849,1.159482209200466,1.0567319904948655,0.8772765770463342,0.9195668505529216,1.0099274082298535,1.0005818221720764,1.150343330097307,1.6753672203255732,1.430628474251547,0.6642879418962357,1.1130336568161336,0.9316028197707813,1.0595585503803384,1.0557810830246384,1.4562582336677978,1.3791673992465014,0.9074330880185817,1.2641757022307796,1.6145888165278481,1.0879365420184834,1.0136493856414752,1.1888895607379921,0.009103700586975435
1.7473340661031462,1.246698913498274,0.8864784245412248,0.8209694626996573,0.8802593770663077,0.7715334298217411,1.580956246119709,1.3061996650054928,1.2173343906186396,1.3839778255057484,1.5114559974937554,1.0948451127031769,1.1226058253896345,0.8953723906059561,0.44110813681278394,1.0384967494658277,2.1486108305140927,0.6264173993121889,1.2745059727760144,0.8712778451337668,0.8822846395959782,0.9069141965468592,1.148065593911307,1.2136150664511784,1.0693372866163928,0.8453502094424414,1.0355666144452305,1.1641216640916308,0.7667628259964242,1.1234399156529415,1.3719553664929165,1.092626195073056,1.0732357445585448,1.504649621704861,1.0145168730054208,1.163062661359923,1.056446980486925,0.8779103734378162,0.9214343215768706,1.0145450980077384,1.0034397607361518,1.1531063044110532,1.6799810333311995,1.4351061772944094,0.6675377345325699,1.1173370878893667,0.9328802225712653,1.0656802807132681,1.0569386194135437,1.4614724065898648,1.3833228270323394,0.9138755834245924,1.2560581540266624,1.4440049080208484,1.0879365420184834,1.0136493856414752,1.1896649100541088,0.009577105560857061
1.7463515143694008,1.2472209099314708,0.8887969479987385,0.8204501708467693,0.8805056772156814,0.7697377229269602,1.5764804986892433,1.303284329548977,1.2102093239301093,1.3775216568237538,1.510412585785002,1.096700970952017,1.119042514894185,0.89891782388622,0.4401287193586406,1.036022704135637,2.1497727126751793,0.6268852035424687,1.279975022765465,0.8718727357784973,0.8812825536967532,0.9051424045247627,1.144987989644644,1.2055039320627752,1.0766536668319853,0.7623112933391177,1.0355666144452305,1.1641216640916308,0.7648084168901675,1.12596856823885,1.3645162996472058,1.0963943760382875,1.078188255347766,1.5046787314411854,1.017145166324448,1.1632306332097833,1.058351184293571,0.8761278477640718,0.9220338997251951,1.0151750575900673,1.004478304152196,1.155275913410061,1.6801624457199982,1.4354439357034643,0.6754961064433586,1.115333266045452,0.9381557818238568,1.0643385098499967,1.0647000681655583,1.4613867479208251,1.383538621477629,0.9189677458715235,1.2673912186494594,1.3227722421822128,1.0879365420184834,1.0136493856414752,1.1912740073687749,0.009551140312080956
1.743445492834884,1.2474760180009636,0.8985524552293159,0.8190413084597394,0.8788274661352323,0.7688306079143596,1.5721306118879539,1.3014394774846183,1.2158012211518914,1.379152755230731,1.5067532850638599,1.0974631547303269,1.1219437303405706,0.8951496090922132,0.4396187918698146,1.0345652066469848,2.144265038477783,0.6260165492270618,1.277671028816705,0.8739566186047152,0.8911065684351013,0.9039879720742328,1.1433937393603695,1.1964986550143684,1.0832735827979543,0.8640021088586158,1.0355666144452305,1.1641216640916308,0.7630399071951878,1.127032489351701,1.366392753962508,1.099300535060336,1.0814151730555113,1.5072497643211347,1.0203046144340278,1.1644483669635854,1.059073047590572,0.8743978347219851,0.9195290695467299,1.0140260564367278,1.0072696949163258,1.159858496636206,1.6827174762702044,1.4368526978143918,0.6756160897396281,1.1266205870795565,0.9455790375805869,1.0704830563310581,1.071154436543989,1.4633975860136548,1.3851590980306616,0.9180541589821967,1.2826047306438588,1.3095876703922458,1.0879365420184834,1.0136493856414752,1.1897695096010557,0.01017524996112366
1.7501607230464467,1.2465330371749992,0.904747469419961,0.8334026690882281,0.8790640930398776,0.7696487983309471,1.5786371882088537,1.3022426153357995,1.2148767590193155,1.3749824046443953,1.508180199602531,1.0994275448668664,1.1252938758365294,0.8945973625772641,0.4399659278479386,1.034807848628216,2.1474287032735577,0.6231770283475276,1.2827365061501794,0.8748059740683569,0.9056442104228604,0.9042550263258838,1.143868834361599,1.2036292857336086,1.066644442046474,0.8845315093487806,1.0355666144452305,1.1641216640916308,0.7678634922209935,1.1243632225084494,1.3666679924806848,1.0949656984565124,1.0774470727517862,1.5035886696671827,1.0192480344581756,1.161853147019113,1.0525338202208203,0.8712384753117035,0.9182990476038163,1.014115289093468,1.0093741364958586,1.1536736935289376,1.6789192222093297,1.4337313475901021,0.6797413387280071,1.144331106631555,0.9463720540458521,1.0682513371154048,1.0784711022276288,1.4599711000998068,1.3818340355277277,0.9175492402252883,1.2782616655250072,1.3965763086044676,1.0879365420184834,1.0136493856414752,1.1903594821027739,0.011652714255143725
1.7495943999975063,1.2487033905775686,0.9110623523043769,0.8300888314858875,0.8742614515924598,0.7696531096108565,1.5752825739831995,1.3025833957696982,1.2106423317370723,1.376149599450984,1.5135878064406159,1.0991470687353002,1.1271885112548603,0.9002878956258676,0.44022365019605675,1.0348468680975276,2.141321264278091,0.6201688890682358,1.2819481285830283,0.8743200878795736,0.9275272833025469,0.9048272143812074,1.1433977906042152,1.2004827456155862,1.0519374221118316,1.0624733534747077,1.0355666144452305,1.1641216640916308,0.7650153802067712,1.119753163094716,1.357712879568548,1.092677544338758,1.0781952162315693,1.5025451904215668,1.0198124311252383,1.1602474829886638,1.0564326555593928,0.8692483186248442,0.9228889511114733,1.0067530212282132,1.0076196564725182,1.1485775144006158,1.6775561498222982,1.432091601866053,0.6790981835561793,1.1432015141079652,0.946267490546552,1.0641624176390823,1.0712031468399976,1.4578592134407178,1.3801376791720195,0.9199837374728427,1.3112067331239736,1.5362569855603394,1.0879365420184834,1.0136493856414752,1.1927305195874949,0.013998803944305756
1.7456200744100905,1.241401667636415,0.9224974414344318,0.8284835841416833,0.8730609820677264,0.7671684705016736,1.5782285166089953,1.2988493251182154,1.206975924335396,1.3662475828870393,1.5045536608941779,1.0953935025129196,1.122572553313819,0.9013724067000938,0.43875252780239093,1.0322171067517947,2.1316416041530575,0.6205156233238142,1.2737599710317917,0.8709510871571728,0.950264036495124,0.9018719882373041,1.139988735896502,1.1885930607780215,1.0484788816438106,1.0712879181589028,1.0355666144452305,1.1641216640916308,0.7665498735661957,1.1328653025026358,1.3467916359839867,1.092122134677577,1.0794785608775488,1.5056037031775102,1.0205926276181516,1.161395361864925,1.0638760034053074,0.8763073338492957,0.9232129379485222,1.0034279924216083,1.0096110343358917,1.14582024931764,1.681057711200644,1.433499503742367,0.6802912350927786,1.136321787370887,0.9503224096056463,1.0650424302189025,1.0654389575236198,1.4598847376223913,1.3818036164820768,0.9229522594146599,1.3089498614693875,1.448347937559374,1.0879365420184834,1.0136493856414752,1.1958159347693464,0.014237702566375469
1.740089346599607,1.24708456543138,0.9235080925903463,0.8242091113534916,0.8785103394603871,0.7679801933863425,1.5790201739868268,1.300364358603279,1.2131313554202938,1.362866583912423,1.5061589685544863,1.0998375165960015,1.1192926621667858,0.905481488424962,0.4391336699083094,1.0328248965748164,2.1311631071391055,0.6169923306461479,1.2755383505271725,0.8683424403575527,0.9442758885072808,0.9028260813704949,1.1409463775967021,1.1869899238347636,1.0331063910998246,1.071816477869736,1.0355666144452305,1.1641216640916308,0.7625332995155883,1.1295651986976725,1.3462775119645434,1.0958445794480942,1.076579735919571,1.5048892674484062,1.0161757191243834,1.1609580680373657,1.0608412289030524,0.8700171223822319,0.9194898297913455,1.0020571323635104,1.0098000586404206,1.1419537016343582,1.6801211198932375,1.4333828833652509,0.6846272436007846,1.1370961353314246,0.9483766983221963,1.0694170212765168,1.0739387786714107,1.4592535710748047,1.3819418480349812,0.9291163369639167,1.307501865268223,1.4502228723741948,1.0879365420184834,1.0136493856414752,1.1958032907613783,0.011963151568799651
1.7335889847162627,1.2472571882332975,0.9481011180530738,0.8280707643009663,0.8770096857968434,0.7669792693326405,1.5760004707399282,1.2978710734333438,1.2018126277030479,1.3550652130418857,1.5028400601174294,1.0962980151050445,1.1175380714506733,0.9043814366826113,0.43857054593311495,1.03063758852271,2.127855768845375,0.6185510832745797,1.2720298904783944,0.870850432401326,0.9246027355979786,0.9013384098111656,1.13847797742433,1.1854062619381995,1.0627858535967496,1.0370819919225975,1.0355666144452305,1.1641216640916308,0.7633152786365776,1.1266768715605278,1.34283602793571,1.093100331387678,1.078296169834764,1.5075655447134473,1.0182011471993941,1.1633997274950023,1.0678414947328774,0.8736462590618888,0.9180319000453231,1.0051570772347422,1.0113919322886795,1.1431230217569255,1.6829131816999778,1.43566851495155,0.6859807077379053,1.1362504184110371,0.9534056235053,1.0702042748569405,1.0944139044210042,1.4630218856936645,1.3844941523212921,0.9307251482188141,1.320997300213473,1.3268613049980955,1.0879365420184834,1.0136493856414752,1.1955191831632623,0.011566794967571311
1.7317071186649577,1.249104698781069,0.9476277717354296,0.8298177463298809,0.8767429488997533,0.7664755717090875,1.5761872789456122,1.296965544576106,1.2001576533585931,1.3589667726242394,1.4938216522569823,1.1058137113752557,1.1273028587962084,0.9043334275806552,0.43807410120205414,1.0301183387030817,2.1278649347431666,0.6249512111667005,1.2771719777291335,0.8826288458075018,0.9235548239317766,0.9015869598000262,1.1375005009852444,1.1804238455467768,1.060167589092422,1.2426900691478175,1.0355666144452305,1.1641216640916308,0.7602991271455619,1.1190528894835754,1.3427539704401241,1.1002812349870723,1.0789261987700975,1.5080778158313946,1.027797390061931,1.1634369062398777,1.0671225065266863,0.877081584115602,0.9201414459706355,1.0141105261615155,1.0130022312900286,1.1447390269458948,1.6824015010662452,1.436168986102198,0.6864501142244679,1.147094499417577,0.9561910175128329,1.068335306873201,1.0939800769874435,1.463046293069628,1.3848111081550842,0.9519168405844148,1.3198382704746865,1.4821142479694756,1.0879365420184834,1.0136493856414752,1.1927063325090888,0.01205781637959738
1.7370050476241368,1.2402611997100603,0.9467126776604016,0.826545201435567,0.8839870057552232,0.7652798963244482,1.5757165817436185,1.2950292814907673,1.2040974974199716,1.3546640506913055,1.4896880874100489,1.1043450702788793,1.1203563426770649,0.8994518954795537,0.43775108825910986,1.0287454641853166,2.121081499665713,0.6207320636750631,1.2725033597086912,0.8888228410167143,0.922850933867884,0.9009834820352363,1.1361456651382547,1.1773638861330271,1.0715489876398503,1.2120924523632606,1.0355666144452305,1.1641216640916308,0.7643518551553896,1.1133031575515282,1.3455242207761424,1.0979945347540303,1.0777057635709641,1.5080571390296065,1.0274355630240166,1.163098286731789,1.0741532779285516,0.8799426383832155,0.9233638410387094,1.013520223461193,1.0066764303850448,1.1503599248331586,1.6819735742863429,1.4352549968905997,0.6844931420860549,1.139725517137424,0.9522989252464583,1.0645205177509351,1.0839733877322606,1.4623970338017234,1.3843212880319382,0.9659109319632845,1.3087649947549373,1.4493667626060476,1.0879365420184834,1.0136493856414752,1.19654423122874,0.009625759049509044
1.7436594469595545,1.242707861104318,0.938813795243426,0.8265875600236491,0.8806169730445031,0.7648783160793204,1.5778526922837395,1.2947121201032379,1.208749401838275,1.3558306433433105,1.5027204306290531,1.0983295359270215,1.1134216908684897,0.8894683908340061,0.4375515258108463,1.027833731813345,2.1240703041326676,0.630585021810536,1.2721518536366523,0.8843173654427046,0.9106503700771111,0.9016400782096526,1.1355465079810665,1.1867253247153626,1.0828204013933094,1.2086292814998196,1.0355666144452305,1.1641216640916308,0.760560637247174,1.1175062983283512,1.3582836538489482,1.0975812969173895,1.0898959711294574,1.5073148082092849,1.0284397280218571,1.163084125891349,1.0765810278964576,0.8826030666627626,0.919343416849291,1.0085603797823368,1.002193107274291,1.1390188256116482,1.6811884383044031,1.4341953616648464,0.6885870961124648,1.1441271024691075,0.9519345482701823,1.0577652960206412,1.0757894887318749,1.46178884331466,1.3838871790160645,0.9732085827127436,1.323560237051827,1.4473841957277798,1.0879365420184834,1.0136493856414752,1.1971052963836026,0.00617371485332502
1.7398393208758336,1.2284263907541328,0.9305449134171965,0.8233291744957073,0.8835833067485039,0.7589720493477429,1.5724840771160284,1.28452635300512,1.208289558809323,1.3581185796948383,1.4911598711276555,1.0880872753630515,1.1108427737387143,0.88681352466184,0.43409807108906484,1.0197920946977217,2.1095579155533137,0.6376328043179718,1.263745876570815,0.8876829340751192,0.9039124558718233,0.8946291809680682,1.1266041752156593,1.1859399276095302,1.0747881430365203,1.3911486799900268,1.0355666144452305,1.1641216640916308,0.7632319839830072,1.120493126850567,1.353889810053322,1.1007128415892884,1.1104968098325276,1.5127517756999733,1.0391337618414749,1.167048552353252,1.0783497150697556,0.8949737037388481,0.9218150850674983,1.0186464460932663,1.0158593029166925,1.143490211832396,1.6871903473457626,1.4390397306318654,0.6922349574520158,1.160978321135961,0.9630865751866761,1.0726310048569543,1.078850040928678,1.4674190215694312,1.3890837557907405,0.9856021793745314,1.326013003319835,1.3426566556499224,1.0879365420184834,1.0136493856414752,1.199135491331079,0.004939364009672348
1.7345991462605537,1.2213040755179092,0.925146852199021,0.8265288126831831,0.8821205105415,0.7582064354212558,1.569744465971222,1.2825550093593172,1.2154528329875252,1.3609750443553192,1.4965847661523537,1.1041852472319078,1.1086135542753226,0.8817605720998944,0.4334048221810215,1.0180180009029947,2.1048751791424603,0.6293361529745114,1.263772972625741,0.9023159227210856,0.926623432362262,0.8930576475723452,1.1252915295767243,1.184915887401542,1.0641928101709834,1.5731983326900165,1.0355666144452305,1.1641216640916308,0.7701752987220065,1.1256170981840576,1.3643269538856593,1.1048391288876307,1.1100164430163226,1.5141643292362539,1.0387368744643375,1.1672599056514616,1.0885974630148363,0.889527701761963,0.9188656323930859,1.0158216844766355,1.0148775259291458,1.1388769456111985,1.6878630191858128,1.4398782768175813,0.688699379962879,1.1912322847792918,0.9767448506504971,1.0749605265676474,1.0868065991813451,1.4667904877798286,1.389506061185474,0.993733131607255,1.3170444885558719,1.4766544399125872,1.0879365420184834,1.0136493856414752,1.1971640058048423,0.004479413721450433
1.7576342273986265,1.2212429963074753,0.9295622798592473,0.8267388514329352,0.8864591636080897,0.7615012005976455,1.577212374691822,1.2893931360640636,1.2275172309918192,1.3698043691815753,1.5429996491475708,1.1084840078743754,1.112340687820191,0.8861572034152485,0.43519840029142876,1.0229749993625155,2.1144521892759656,0.6506055438394986,1.278115377743347,0.9009341567075623,0.9303709047627435,0.8974890389463375,1.1307596545962255,1.1957639559239972,1.0802739961586307,1.490831295528934,1.0355666144452305,1.1641216640916308,0.7699255747821617,1.143493106337865,1.3613317876497169,1.1282120729277518,1.114911691807238,1.5097843560189126,1.0351532636216203,1.1640764655651001,1.088978833051586,0.8869803070082691,0.9068473683715956,1.016163763723141,1.0125607994238854,1.1358206967352584,1.6846685328893916,1.4354797992601418,0.687118977163111,1.1803955448248336,0.9745195391109601,1.0751488374350504,1.0840032720615334,1.461925290391393,1.3856353814104387,1.003207661990841,1.3348728995752253,1.6067468875482454,1.0879365420184834,1.0136493856414752,1.1860878376084703,0.0054289923756862465
1.766027874428747,1.2157392436601377,0.9427222210107271,0.827674117122561,0.8887055211222336,0.7638944457696526,1.5759064149846271,1.292215072156937,1.2305586596072635,1.3721932696903842,1.547197915282855,1.1154253304369457,1.135584230081266,0.8873433171073247,0.4362087664534209,1.0254011508989136,2.10323263146764,0.6439740854713825,1.282038435562737,0.9092930427760085,0.9320043440015472,0.898883161203308,1.1345598341870884,1.1911149270467614,1.0938132329662145,1.4412450473201512,1.0355666144452305,1.1641216640916308,0.76946016597403,1.145130777823828,1.3609105091276537,1.128262309211316,1.1132713908305454,1.5100439645454042,1.0398198142829471,1.16381842804002,1.0938696061905147,0.8836457645672549,0.9062734490745511,1.0154672047674067,1.009449294000287,1.1353181443689908,1.6845499192926336,1.4341021227334814,0.681985775620145,1.2159050379375402,0.9670327265844855,1.0693461230648935,1.0908220711817107,1.4609944897363512,1.3852900458400088,0.9886429008199236,1.3077628638995473,1.6333226725147556,1.0879365420184834,1.0136493856414752,1.1816100381973764,0.003881704098073309
1.7627874788418745,1.239018354493395,0.9322294672372459,0.8205913988242017,0.898092759136656,0.7626201791687973,1.5731663189618343,1.2907634064694535,1.228918695596128,1.366294195743917,1.5565237898857858,1.126912125094342,1.1312436784064914,0.886218123156857,0.4355723859429295,1.024127057955651,2.0882350357107247,0.6357538474230973,1.284788649214227,0.9056238729773536,0.9435543038530706,0.8984120253549068,1.1324989609392724,1.2037388993425373,1.1087799451431721,1.4357724061789354,1.0355666144452305,1.1641216640916308,0.7675899053149337,1.1465944462089734,1.3395801461771684,1.1385299571932348,1.1068742030358008,1.5074002815945111,1.0378120210713566,1.1615332699564986,1.1027945643820731,0.8877335974284333,0.9038588813030697,1.0189002488090912,1.0082283504459106,1.1394150824055036,1.6823272767641733,1.4312053663943125,0.6760642771036451,1.2112073954549634,0.9688521687138794,1.0634788453050692,1.0817955439221119,1.4572081487444943,1.3822113154629918,1.0195620106955323,1.3411260947816672,1.632756510152809,1.0879365420184834,1.0136493856414752,1.1842186763233837,0.004610085111086407
1.7552720086865805,1.2401692096979295,0.9523410822932674,0.8095793326949939,0.8991164345413994,0.7629897619756002,1.5791851865748663,1.2913489419710276,1.2373723333197821,1.368262926532412,1.583646251274771,1.1344129946733628,1.123925897806057,0.8810389485462302,0.4355053590878616,1.025012743900745,2.0945476932229488,0.6414832684552702,1.2855855680227362,0.8995563781299535,0.9659225017771167,0.8986386181220527,1.1339531068788438,1.2061499474196917,1.0901697903647332,1.4520176604400008,1.0355666144452305,1.1641216640916308,0.759885331472334,1.144456991392253,1.3370408369855016,1.1425156569351687,1.1100128672411145,1.5049154061981551,1.0363522253144193,1.1586548760894146,1.094897914173635,0.885889942564269,0.8993827924142282,1.019049528448414,1.015755350398249,1.1375762941120509,1.6801311378693367,1.428590773218378,0.6754236840761333,1.260482912925444,0.9666227070016128,1.0698645683579089,1.067663786231862,1.4538476415293038,1.3791658097866994,1.018530099682473,1.3133707152998026,1.7013749267904057,1.0879365420184834,1.0136493856414752,1.1837480053891714,0.007219781436334731
1.7516107876280058,1.2431058303429503,0.9786570659807511,0.8270134652651497,0.8936320138993055,0.7635703726427944,1.594633609179519,1.2919386251832732,1.2434557002302657,1.3677564263033004,1.5850225702958176,1.1263404151583412,1.1191854874909213,0.8812139932408564,0.4357837862548678,1.025732786844543,2.090122958870648,0.6409358910626135,1.2949573592300219,0.9057768901386586,0.9657544799524582,0.8992576471175048,1.134989724009956,1.2014822119690345,1.065542319104117,1.4816806816262889,1.0355666144452305,1.1641216640916308,0.7548338524038586,1.1495636892869971,1.3477586306396803,1.1406428761321366,1.104337664766733,1.5025545462852745,1.026769327116201,1.156706738338732,1.101595533043626,0.8846240209866817,0.8978744099236333,1.0312444478985898,1.0075690681133211,1.1358208494300228,1.6764559200151965,1.4271739566537809,0.6716173272697029,1.2568035958575734,0.9709166340014083,1.0682811108153574,1.0752816240033485,1.4523666719706947,1.377703687700388,1.0295341037600771,1.297967289255368,1.7768947965506534,1.0879365420184834,1.0136493856414752,1.1834636543835988,0.006008382571505731
1.7495516299488236,1.2484319730114009,0.9861555467281236,0.8355899415830739,0.8917251604248857,0.7616261116965747,1.571759778373382,1.2879765056844268,1.2585570028060247,1.3656846033194703,1.5806382472962106,1.1259081107583389,1.1173229687516126,0.8779340661205964,0.43437345231974095,1.022710379983312,2.0844698911055097,0.6686684061195669,1.2945917503760407,0.896439372633136,1.010294439567998,0.8962233769300445,1.1323617465779063,1.199871794609142,1.0395913136485377,1.3764756282360955,1.0355666144452305,1.1641216640916308,0.7546038898587546,1.1615028603716588,1.3455319688386531,1.14116545620562,1.1020554796333857,1.501818987423778,1.0336200155912387,1.155414183670022,1.1123334305416896,0.8842600424941052,0.8968785864516615,1.0218628096606117,1.0074828673482072,1.1385196146990257,1.6761304797513599,1.42430800238307,0.670348623924056,1.2780947357331232,0.9779872454759059,1.0701901106373124,1.0814569455622633,1.4498074829387644,1.3770523711366545,1.030766933067911,1.2732487551479679,1.657039587118687,1.0879365420184834,1.0136493856414752,1.1863951847635719,0.0016873535439512958
1.7523519359738684,1.2456482394835204,0.9829441242932679,0.8362928026651751,0.8846097535422234,0.7634752195114363,1.5686710792850833,1.2897382548009517,1.2570586919008824,1.3649275968675914,1.5654272270427971,1.1276271706178735,1.112425131062298,0.8800179905434917,0.4351147541111277,1.0236111090949163,2.0711590216512,0.6693425417169442,1.2968981807965254,0.8974691153213414,1.0080423107124667,0.8971045552806898,1.1346552275151822,1.1782026004814754,1.079722507362279,1.3051258799555696,1.0355666144452305,1.1641216640916308,0.756672962796125,1.1563804928307235,1.3311601777799942,1.1423945960568624,1.1006722617703946,1.505079631584707,1.0311519994409828,1.1571021710748475,1.1141632887943815,0.883829954636769,0.873346753824578,1.0228167152724577,0.9984866501459428,1.1344658521479136,1.6777899769512945,1.4245904392518165,0.6631332998776175,1.2788696466527445,0.9793639027601924,1.0701043153822798,1.1014818057438582,1.4513229827888192,1.3795363112165278,1.0124069883332452,1.2717704675180972,1.5991316486796845,1.0879365420184834,1.0136493856414752,1.188019019552704,-0.00940782652913303
1.7508883599503278,1.2480549084007706,0.9734364103632074,0.8249735828951174,0.8932307190820926,0.7612454281872775,1.5645483844567598,1.2864642216932876,1.2508378599829175,1.3749360429384765,1.5736658302694067,1.1405085964776216,1.1005452140765324,0.8754587539442282,0.43391811373465744,1.0213776543635387,2.0910334229396597,0.6755933747240646,1.3152786464782296,0.8931952641101999,0.9859799999216093,0.8953831875034893,1.13111834591446,1.2006916832602585,1.076979759534916,1.297462939504575,1.0355666144452305,1.1641216640916308,0.7601527938157523,1.1548468883589793,1.3309317253370834,1.1404446060847495,1.1136006777380927,1.502405001437829,1.0311388211883712,1.1565789524602272,1.1042649856635998,0.9032212118267836,0.8651656722997966,1.0459007001486844,1.0079951121902182,1.1276407845437761,1.6770628622205335,1.4254846680457034,0.6751203154706491,1.2857648973090274,0.991728191436945,1.075134995608859,1.09595770536432,1.4513367098657197,1.3788048313141306,1.0323862800993497,1.2715937763095948,1.5699822189772523,1.0879365420184834,1.0136493856414752,1.1856143292793546,-0.005319974668702603
1.734114130705793,1.2476158350351008,0.9858405106453404,0.8246713604737894,0.893823849616516,0.7618046908902858,1.556068781937485,1.2861077653041386,1.2690398703588184,1.3817131018700155,1.5725774686386544,1.1390254081870548,1.0972330325993445,0.8751859950664298,0.43376921045764555,1.0216164983013418,2.099709869883729,0.6826163900359508,1.317581465894402,0.9001644741597554,0.9848636892659807,0.8952151016258544,1.1301735303354314,1.200372663460596,1.0888145914536365,1.3014938039406163,1.0355666144452305,1.1641216640916308,0.7652872844120477,1.1512433644968807,1.3293114840754912,1.1348617525849856,1.092149307657092,1.4978815612990715,1.0457637936928001,1.1527785715431509,1.0890101344091356,0.9113827873637791,0.86236702736133,1.0428404388378416,1.0045119494476153,1.1239411504693269,1.6718591873366997,1.4218827163334522,0.674367250276366,1.288739521619795,0.9975347105544341,1.0773380448713117,1.091767157201435,1.4482290373547086,1.3746723841638924,1.0202203463718116,1.3001103653639372,1.6159140449329663,1.0879365420184834,1.0136493856414752,1.1900051031324357,-0.0024929038849124175
1.7481824485040693,1.245836535919942,0.984371112427099,0.8571433345113961,0.9295777276091776,0.7642997948041235,1.5583262278663375,1.2895308957397424,1.27068934887732,1.3842454196379856,1.5606620981870674,1.1594550569822741,1.098959531030044,0.8763860868855783,0.4349018649038534,1.0244335851942539,2.1030186900301193,0.6853080342301902,1.3573703512411996,0.8940107530628181,1.0016064977674277,0.8970966556903428,1.1344702269979878,1.2471925074546049,1.0587717370188525,1.271368196064293,1.0355666144452305,1.1641216640916308,0.7623159727898713,1.1825387526533853,1.3404591441973106,1.1306712241773722,1.0941194303873059,1.4869202800690677,1.0400221756422412,1.1462912639946907,1.0838113316306137,0.9058877717869451,0.8583913231365782,1.0234377463192084,1.0002876914226289,1.1411339643286116,1.6632318806408382,1.414510168319523,0.6700381743790954,1.3223340796022145,0.9869671054625252,1.0735424852517144,1.0810811424207845,1.4412599369817283,1.3673394320802614,1.0096419102504859,1.3064893503892132,1.7507210246279514,1.0879365420184834,1.0136493856414752,1.186375791180503,-0.0012367558638037223
1.7270429941995684,1.2510353457096342,0.9805069006270711,0.8557380808060182,0.9342374422299092,0.7633368804426613,1.5548396930076802,1.2859549990396235,1.2831608868547135,1.3897666350513376,1.5831930739862445,1.1566227177825357,1.0890211662551452,0.8846635299176471,0.4338111771614129,1.0214934196581598,2.114322335307427,0.7111066572147801,1.3445141874446245,0.8781365320840555,0.9935084919037204,0.8939101663166997,1.1316362281404984,1.2435049947620054,1.0579288182119484,1.2669423283938022,1.0355666144452305,1.1641216640916308,0.7766579609518311,1.178837931393877,1.3157341337101598,1.117681995325639,1.0772878452320587,1.4818184831521737,1.0366547517885378,1.142397939695736,1.0896675606701727,0.9178282914586514,0.8471759110678473,1.0201848281043888,1.0120962558315731,1.1218795954363177,1.6580651505868718,1.4102731644310535,0.6606230964024173,1.38942887661341,1.0093243890592785,1.0689447478772784,1.0775814548178262,1.4371232653140582,1.3636842412684531,1.0068019253468339,1.3038446507810604,1.7419931110600704,1.0879365420184834,1.0136493856414752,1.1931898331615403,-0.0023026066443542787
1.7270458583178687,1.2504227558456105,0.9959083941378518,0.8551583461719762,0.9344183676728007,0.7629284916494973,1.5441699418800612,1.2851960622658278,1.2829609272276217,1.3901414624140946,1.5999371990568803,1.1625068048227727,1.075886231557363,0.8783124613324772,0.43301467824432877,1.020983690461288,2.1061327121444187,0.7106550427544722,1.3535518362698487,0.8794466215570771,0.9751677803599746,0.8928657617973438,1.1308309750357128,1.1926099074641605,1.0355456431403576,1.209120318135284,1.0355666144452305,1.1641216640916308,0.7761445911250683,1.177979143873874,1.3027047387965633,1.1165106290167988,1.076463153288969,1.4785991542147139,1.0511617296162585,1.1408006258399166,1.0888562105319537,0.917646128456365,0.843457894966959,1.0252394400551461,1.0263404052860146,1.1031062974926271,1.6548776739030742,1.4092241973422939,0.6525199936965372,1.3875629510823368,0.9997658259305964,1.065059812975987,1.051977885424908,1.4325225954765597,1.3634724010086683,0.9902175035796265,1.2874522862277133,1.7232646083049616,1.0879365420184834,1.0136493856414752,1.2000489670244359,-0.005282054604980301
1.738890852418875,1.2342189707104887,0.9895381257070018,0.8503946604395545,0.9609708581047172,0.7606385953591328,1.5481760910422355,1.2805700274736458,1.303265323803476,1.3699925413148863,1.5952834298177179,1.1450306342675576,1.0671839070506322,0.8697393747265786,0.4309081443539138,1.0177399587682694,2.1414217903707704,0.6926718011451739,1.3789933737387643,0.8812960378245527,0.9576003039643866,0.8880083473145757,1.1264308478216856,1.1952842212548955,1.0752700337923191,1.2054557780082198,1.0355666144452305,1.1641216640916308,0.7817961365342392,1.2030719566778247,1.3063011046756174,1.1443773745507215,1.0605568457069416,1.471862296167875,1.0660680739974484,1.1372706563148203,1.0850812287818874,0.9428866314352226,0.8400218890992751,1.0184417836274118,1.0117804578154412,1.09217692287056,1.6504511218264775,1.4055619303700242,0.6481822528688439,1.399972301377845,0.9863537120576445,1.0836700185831727,1.0752988454146264,1.4304098892806576,1.3580161644276314,0.9841299333284517,1.2822750867882136,1.7137249851455323,1.0879365420184834,1.0136493856414752,1.2043198857065647,-0.0008393406941741687
1.7546839717714489,1.2398524950633714,0.989941254174243,0.8521064317793795,0.9825777175682404,0.7623070475968715,1.534191973074721,1.2822674857100487,1.3078826835035426,1.3695529516005143,1.5894793303612118,1.1674644808402734,1.0635583016935053,0.8701840489801197,0.4316531001575756,1.01896421864087,2.13838633813492,0.692824598747724,1.4002702728195886,0.881497487717091,0.9579940274926599,0.8885771621731771,1.1280926454880202,1.195716521964447,1.0970804087004828,1.1790070400373824,1.0355666144452305,1.1641216640916308,0.8006335540790931,1.1977992307421657,1.3056629544969034,1.1420863949287294,1.0591066043995871,1.4693412864710798,1.0619452417178241,1.1359112334690669,1.0950996019904558,0.9441768028422532,0.8250775059759167,1.0302121831518045,1.011151023102595,1.0912488287829487,1.6498058285886488,1.4039722956194525,0.634717548460641,1.3991651645694758,0.9903416257204652,1.10166192785552,1.0733495595877482,1.4281335006137885,1.3568854508382062,0.9836628804196846,1.311996155961853,1.7351222175928402,1.0879365420184834,1.0136493856414752,1.1994839438158345,0.00044441326211515163
1.7541570120240686,1.2439712748435434,0.9910485472069087,0.8498200034337765,1.0284890646877605,0.765018953090935,1.5458265923990522,1.2872035967272892,1.3415769515345835,1.3785397754742958,1.592737063821262,1.1588761937878396,1.0533966054668629,0.8746299120456834,0.4332324300952745,1.022482059491633,2.1408825969603624,0.6768964678823173,1.4021306894693573,0.8747912648610462,1.0060144700818112,0.892293981390718,1.1321729742629132,1.2071034666731184,1.1193078583736558,1.2100524404230362,1.0355666144452305,1.1641216640916308,0.7900209837725127,1.1929050037952769,1.2966518148195898,1.147701423252973,1.044250851554971,1.465432058477746,1.0491820214891785,1.1316171079164534,1.097103423082124,0.9284731206364051,0.825125525868575,1.0640703184407647,1.0136974576761377,1.0872685888013685,1.6480429347248047,1.3987074755956426,0.6343011251006158,1.408223210261501,0.9874093778498415,1.0946232210537101,1.0779048286611772,1.4248264993854003,1.3520625862389877,1.026203209857064,1.2971903445567807,1.8488955919119552,1.0879365420184834,1.0136493856414752,1.1942080491823461,-4.7735922718445795e-05
1.7792349395679052,1.2612532902975788,1.0047100177070316,0.8620009212604022,1.0432534034505085,0.7758388417618131,1.5671720332761465,1.3048104592507257,1.3594620884048862,1.3974805851718513,1.615423210495435,1.1761130290615747,1.0704445825502966,0.8861655187807121,0.43934358189883105,1.0356122180797351,2.1713754128538976,0.6866004213344822,1.4211333304007432,0.886557816037534,1.018798021311159,0.9050608102664677,1.1485887713279175,1.2253821384690704,1.133383075016504,1.2275545199066902,1e-06,1.1641216640916308,0.7792528509128422,1.1771356999015805,1.2778175486638006,1.1320415878696832,1.0304917503969726,1.4453938438549963,1.0342120056994244,1.1153195249293701,1.0810095521479948,0.9148873337671709,0.813199208487152,1.0490150179370947,0.9990059685913941,1.0739928757210457,1.6254139334237612,1.3780732363424104,0.6245342210300093,1.3891073651807844,0.9737822189501655,1.079549926112467,1.0620636482203583,1.405413451823125,1.3335494585565668,1.012195124210342,1.2785369257509933,1.8236742327191078,1.173431702970164,1.0136493856414752,1.1938385089166526,-4.230568598115966e-05
1.7672687591713363,1.2539731753656975,0.9976913396742194,0.856530854656906,1.0350744035258936,0.7709452834296331,1.5593880607064383,1.296018170930255,1.350057895798792,1.3882702832534806,1.605375834105185,1.1673915288534216,1.06452290794724,0.8795898212425883,0.4365881047844443,1.0269247578284717,2.158093416191344,0.6822192781563872,1.4172336361929507,0.882243666614548,1.0136063045040244,0.8993471412269246,1.1413767218104889,1.2158243878228987,1.1246885198337686,1.2199053939960476,0.6696591998968983,1.1641216640916308,0.7827545195401391,1.1833171650966334,1.284795023551015,1.1392888226234577,1.0377935551202926,1.454991324828036,1.0401134667322507,1.1232304824095933,1.0876187484843394,0.9215444858439958,0.8172658980419607,1.0559917624510642,1.005104030629235,1.0827598390043938,1.6357963624649958,1.3862666586005399,0.6292570013495518,1.3980424503212832,0.9812406889064286,1.0909995684685752,1.0683926166876818,1.414159736339146,1.3421256099307726,1.0183656608351954,1.2827992920224882,1.8363079325442213,1.386661610184099,1.0136493856414752,1.1935368313486638,0.00011928835781809053
1.7662867363019428,1.2521283096069176,0.9998964557400475,0.8552920140358748,1.0334533727881927,0.7698574705861297,1.5562705219252293,1.2931698767638071,1.3484471700786123,1.38476892525129,1.6019315453924285,1.1664361622665051,1.063081058836397,0.87912630943768,0.43590602870985556,1.025367957046926,2.1556330684048923,0.6811317856191048,1.4141868765931322,0.8807502672624432,1.0114243293459257,0.8983225803993327,1.1397058616907279,1.2159563880009427,1.121398704751117,1.2179788733916213,0.7255980246280304,1.1641216640916308,0.7826550979566056,1.1857916925235807,1.2881888487368558,1.1412306795567073,1.038741525675093,1.4573747588940635,1.0421791953011017,1.1260786125901352,1.0887622684633784,0.9245504135225862,0.8187380903959842,1.057154907157153,1.0059381651718788,1.0864546899119472,1.638779290844009,1.3897955978457404,0.6302719819415754,1.4003414261173697,0.982849915755112,1.092315858321231,1.070396666547707,1.4168833871094781,1.3444592967247917,1.0201328093328523,1.284574075359865,1.838324461831055,1.3067131284619535,1.0136493856414752,1.1929376319975509,-0.0008549148122811289
1.7613473495765073,1.2502638501866452,0.9962689729571852,0.8542667926421682,1.033033760373692,0.7686348627399027,1.552400035856252,1.2924640087249784,1.347456577881681,1.384353647020136,1.599067111966903,1.1670782582022587,1.0601270634716091,0.8794952325235639,0.43529732297050583,1.0225027484506222,2.1531364513736477,0.6803469882797374,1.4115417258886132,0.8795606846011943,1.0099494104044136,0.89674142560557,1.1383517367107048,1.2150370722506483,1.1203430060174533,1.2169177215003772,0.5183962293033771,1.1641216640916308,0.7843289973841513,1.187506644282218,1.2889055086034347,1.1433309897258743,1.0413707559335108,1.4597203137283192,1.0431770694564422,1.1289407557875437,1.0906451094031386,0.9249542602281312,0.8184307353779572,1.0603831650320443,1.007108135982688,1.0902470753260087,1.6417827427678142,1.3938527999089965,0.631755245062986,1.4029724585904133,0.9832376772628576,1.0949598041365247,1.0720505711739265,1.4193702107769504,1.3470268800523724,1.0207637670286729,1.2792422695689538,1.841694457065364,1.0194325638134674,1.0136493856414752,1.191992716977767,0.00021077874222191013
1.7589358187238264,1.2463713422917535,0.993007109539243,0.852872775424747,1.0298075651641354,0.7676126247033067,1.5513950490317432,1.2894615636899371,1.3449182774974653,1.38017811606277,1.5978047834368243,1.167238859184619,1.0591480739950523,0.878089418278009,0.4346539994066033,1.020504844646627,2.149683234109419,0.6792421241897859,1.4108192466313694,0.8784149195580606,1.012201466795501,0.8953028037831032,1.1365351550373128,1.2125214494598087,1.121715852243739,1.214949941705746,0.5797326602377876,1.1641216640916308,0.7843791203257845,1.1905823354066258,1.2912137759008528,1.1449241749478536,1.0409828060835025,1.462309990996671,1.044392163376207,1.1306206645908816,1.0941303192447007,0.9249313365092829,0.8195088267138395,1.0620520963162972,1.0095844325253454,1.090906840001201,1.6439524303005857,1.3960912372806318,0.6339210956873721,1.4047750043191796,0.9830041440259669,1.098173937478399,1.072791910442067,1.4215287748501702,1.3490222927741806,1.0244645041924796,1.282467907235619,1.8443783638087905,0.982338097424191,1.0136493856414752,1.192077651235068,-0.0008407899345435747
1.7572699135826018,1.2447014579494167,0.9953176949224202,0.8522420409876874,1.0287826142828018,0.7667385062628976,1.5520543453252011,1.290097300705308,1.3436371115515209,1.3766387001756344,1.5989463763504193,1.1672817349123001,1.0594701967144589,0.8785720898598651,0.4342227070224116,1.0188239731762836,2.145674571572419,0.6786685213742396,1.412873787971836,0.8778515075565073,1.0102177238771162,0.8947468086363619,1.135559471144836,1.2099246935924697,1.11532314577696,1.2146149414229306,0.8048024685971262,1.1641216640916308,0.7848637238562535,1.1903011572736983,1.2913123892687006,1.1456904800396475,1.042752474330815,1.4628181413073518,1.0427505057117445,1.1341061790662357,1.0930380025833477,0.9273515998604543,0.8212032524573313,1.0639083380281302,1.012831086584281,1.0912971513229237,1.644724051844235,1.3986012441800613,0.6340469187410723,1.405479022210854,0.9849185488451759,1.0988182724938078,1.0701042890107006,1.4220957938564946,1.3498371457630882,1.024540469327211,1.2820905249050631,1.846093485563573,1.1163563811290251,1.0136493856414752,1.192296538078226,-0.001175265298823302
1.7620353166402005,1.2523251297071005,0.9962957883029742,0.8554194041851536,1.0313564971942792,0.7696644735626668,1.5588552876275008,1.2931505545958561,1.346358713089795,1.3795018791094988,1.605450669232703,1.169091982438511,1.0657952630147134,0.8800952227379523,0.43571810596863614,1.022386971826755,2.1535032042570195,0.6812337288377839,1.4165006071486135,0.8845991765777174,1.0171729537337317,0.8978120726425589,1.1397288643817864,1.2234176421645095,1.1190497861433928,1.2188838718846766,0.822064593878748,1.1641216640916308,0.7804365931929367,1.1857121836658848,1.2840147110680276,1.1410658551288468,1.03765024204359,1.4575329259784526,1.0411279691196162,1.1279294126403774,1.0870248206119835,0.9218129466086481,0.8181400218563089,1.0576523109338454,1.0096013975603233,1.0849253875698686,1.6382671677126956,1.393464894864375,0.633319675157606,1.3999678897731207,0.9808640377146193,1.0991838219130208,1.0665991240797092,1.4166637227743586,1.3444554521110246,1.0254265389448691,1.2725001110224023,1.837289571824219,1.3912491036769505,1.0136493856414752,1.1927415673137174,-0.0021454042155167195
1.7664796196244807,1.2551503827393362,1.0017518532275702,0.8577203727526311,1.0318983393427965,0.7716258396164407,1.5658798744902982,1.2989798183204586,1.3471613192347196,1.3836657827721643,1.606713006143531,1.174930798622233,1.0681041904081028,0.8835755714936354,0.436857347724129,1.0264141605723267,2.158587677492205,0.6832118321484999,1.4202523370348223,0.8876229331761611,1.0191261409676018,0.8999631575604834,1.1426211956157544,1.2263412039202337,1.1203413304778453,1.2223665273200255,0.6716441739342728,1.1641216640916308,0.7782181316270315,1.185214746478,1.275603547318078,1.1379216324580377,1.0339882866831627,1.453445287690334,1.0379127533425094,1.1258675218804897,1.0836511393098622,0.9190217787310402,0.8173378980459561,1.0546843408473852,1.004693771901987,1.0808617185753329,1.6336419827315587,1.3923135188189175,0.6322121085789938,1.3961443360433874,0.978051471431089,1.095706331174634,1.0679628212327335,1.4127521377749823,1.3406123564620636,1.02320676883977,1.2644819677144994,1.8325325108152066,1.4622847277738655,1.0136493856414752,1.1928905619778507,-0.0010725747631010196
1.767415323650451,1.2557199687268596,1.0016319696116118,0.8577809656104324,1.031495627999622,0.7715942855637381,1.5629609740711423,1.297462190290049,1.3466322985924084,1.382652453490137,1.6078182294143504,1.1732832925142749,1.069105938188231,0.8830796946667805,0.43689278095163686,1.024400150927126,2.15369686656892,0.6832841059264779,1.4205259787084321,0.8896340738717368,1.0186011190396793,0.900272212536242,1.142835804624665,1.2313747340062207,1.127759676657062,1.2225462956435476,0.9585202326561604,1.1641216640916308,0.7791488189552461,1.1842555180678518,1.274058648071893,1.1384208607162891,1.0318695388077215,1.4541062176204418,1.0377198516620176,1.1297070239737224,1.0843172062578958,0.9203130939787707,0.8185909866408061,1.0545043709171362,1.0064702865261217,1.0805549408242745,1.6348640921294795,1.3871392797372881,0.6310984166441723,1.3967090091838092,0.9778710133833446,1.0970252648518783,1.067447328223889,1.413490270435819,1.3411293533076019,1.0288390115880344,1.2613565046567685,1.8324207551528007,1.653202356152733,1.0136493856414752,1.192322737406302,-0.001368969240555355
1.7640254292844109,1.2508141136552382,1.0035113256339054,0.8561157418475009,1.0313062148687486,0.7700757237251945,1.5637385369979178,1.2927603740184697,1.3433531023358594,1.378790931047103,1.601723617536294,1.1709624423198275,1.0675900971307857,0.8793035664633136,0.4359324403988234,1.0218294510495076,2.1470008530674263,0.6821192561383695,1.4172733699705056,0.8896446572140773,1.0194188680055103,0.8981776730655597,1.1406124310976222,1.2286722042279816,1.132277760088037,1.2205049245004893,0.922082976187272,1.1641216640916308,0.7801581016073066,1.1877090022016472,1.270816031404042,1.1393548125230868,1.0343475788485437,1.4562049556583971,1.038524558547585,1.130258652219858,1.0825921952240918,0.9204577092742758,0.8187392529540353,1.0588483757818967,1.0074083349259846,1.0810964916741876,1.6366205080949914,1.3860894138523019,0.6336976269760909,1.3979160252984855,0.9777794767746124,1.099581089090859,1.0677066401842583,1.415208495926184,1.3424549756892183,1.0319095265082836,1.2563119925697543,1.8337521917768178,1.5475288431526852,1.0136493856414752,1.1945395752540329,-0.0011101037887129327
1.7567847274438895,1.242940127143333,1.0026656215485386,0.8528201212976488,1.02477672918031,0.766939411858449,1.5544408738216229,1.2854399380432888,1.3407047796701892,1.3754992199485148,1.594309830539401,1.1647955767583722,1.0659485241422817,0.8738848627950093,0.43420343525326816,1.0152777289730899,2.1371167192530716,0.6793944982081004,1.4107687134789775,0.8871073584465734,1.0185414736561549,0.8950755604115077,1.1360392979257665,1.2282484916918677,1.1256013349957936,1.2154943513872685,1.0356771465589243,1.1641216640916308,0.7816886317195402,1.1903921640953634,1.2792485049864284,1.1440270205353151,1.0401828611079655,1.4625685979575118,1.0443204374044093,1.1372039325991046,1.0863648990794246,0.9221974028745388,0.8213595515882351,1.0626108156732836,1.0096094329724965,1.0824822494767634,1.6436333705716246,1.3923955669758445,0.6382819866247545,1.4035052427704444,0.9807469535026432,1.1021666100434244,1.0682956238509171,1.4214346358448215,1.3481373669331975,1.0387415768774724,1.2667987998424743,1.8402838098781027,1.3881146247583238,1.0136493856414752,1.1947431185151003,-0.0023065932120630984
1.7571270681728952,1.2435259203157678,1.0013723260620078,0.8523858179145087,1.0259327617701068,0.7667133036176808,1.5597630285573494,1.283921067546952,1.3359507554051977,1.372901533107332,1.594556513317368,1.1654963888274341,1.066745400898374,0.8711852412374075,0.43419476047911304,1.0175009080233441,2.1311817193798257,0.6790510809322363,1.410728838805186,0.8930727746636723,1.0169003772654621,0.8946134486470734,1.1354117403033503,1.2229958292078753,1.119998247739413,1.214321015830861,1.0214688993313652,1.1641216640916308,0.7847085825025791,1.1885311946134673,1.2829310071414455,1.1453592082835848,1.0425738510835019,1.4646955408647029,1.041056431740405,1.1395923643259775,1.089014630907535,0.9231563050064779,0.8207852134376616,1.06563042722568,1.010690041800387,1.0814612881028858,1.645344548533253,1.3958129457515023,0.6448303200299758,1.405262406740239,0.9813138045671898,1.103281555677852,1.0792605800538175,1.422759618907884,1.3499908411723889,1.036963890714288,1.270803737870608,1.843474393176118,1.3147088026355283,1.0136493856414752,1.1925312555409509,-0.003176568507628401
1.7580749914716156,1.2455658726294199,1.0119998693446908,0.8522235595668186,1.0250344496291812,0.766358409122616,1.5573298231640127,1.2832456913497206,1.334813103238721,1.377659397686409,1.6010686636342826,1.1629984002257345,1.06497965470196,0.86938822123207,0.43386998393909865,1.0173168784653557,2.127370758066338,0.6789074192698885,1.4127517743971707,0.8945470111392332,1.0167039411769723,0.8940808913531406,1.135440475926203,1.231596925676805,1.1162669144948334,1.2141889449477796,0.8997822138438968,1.1641216640916308,0.7807394047138102,1.1938676088683304,1.2840787924408048,1.1444474308932076,1.040930125016551,1.4633738120042181,1.0401147228047267,1.1445690284723817,1.0873306952351547,0.921006958317385,0.8219317382095425,1.067137990353903,1.009718691156382,1.0847148707752643,1.6440178198463469,1.3928221260180165,0.6455654139618615,1.4041168190608297,0.9781293898418016,1.1080000768366196,1.0752168110198062,1.421747840957833,1.3488829262673514,1.0355655489049964,1.2638467955381596,1.84087206721321,1.2561451950688074,1.0136493856414752,1.1934273911543865,-0.0037102536102095484
1.7609603867905599,1.244961556095675,1.0109516204165445,0.8522337574187699,1.0246062036877521,0.7663961172939039,1.5529827452552174,1.2867448957942673,1.339245990342612,1.3753018225175468,1.601606399642059,1.1670142465355493,1.0648821914607411,0.8760908510547014,0.43385226192527676,1.0173346724568266,2.127011229684354,0.6791344082296825,1.420212118950258,0.8927952293712534,1.024096571961204,0.8937961701970245,1.1353208781177901,1.230761446489874,1.1124200032797213,1.2150219729558267,0.800300501041963,1.1641216640916308,0.7831955066992743,1.1942173034906722,1.2746102803687078,1.1425761660806815,1.0369535083159218,1.460405667609452,1.0375778929356791,1.1415926414547,1.087744242111447,0.919875803012743,0.8179816743288828,1.0649294784006906,1.0117938075362287,1.0813844221519682,1.6414953669296484,1.3986097473875747,0.642876943578683,1.4016068618634008,0.976261722663854,1.11176078267982,1.0732762550951023,1.4188962119250303,1.346546388249944,1.0393612830987147,1.2610409511708938,1.83781045347499,1.231047765862687,1.0136493856414752,1.195453243127863,-0.0024525461328287574
1.7636708824669038,1.2475258239702096,1.0153258713102693,0.853462981560034,1.0290884971023304,0.7675345713927808,1.5585725885430792,1.2900705636148497,1.3431544442157621,1.3774426009032525,1.5969265136659727,1.1661121976628597,1.0685051176529432,0.87536799418531,0.4343818840314632,1.0152903134197648,2.1299783869712328,0.6800917700534969,1.428944913496004,0.8941169432894964,1.0253443614097442,0.8950948724307206,1.136857649063287,1.2423501706102216,1.1260148912051229,1.2172291372010797,0.7834429188206591,1.1641216640916308,0.7818289785719378,1.1917725890728945,1.2712648600537,1.1403537754020128,1.0347467530361367,1.4581615693555101,1.0415297860453812,1.1418807626303096,1.0909196576444322,0.9224069386772423,0.8144589850499052,1.0604022503197652,1.011102856111588,1.0745894911461735,1.6385711508580425,1.393082535118211,0.644285086434279,1.3987336667652521,0.9773031858747259,1.1103403944304004,1.068538019112872,1.4172636616552676,1.344002490165241,1.0398206285690093,1.2580047755970143,1.8332665063588416,1.285613856604405,1.0136493856414752,1.1949750353260955,-0.003566378292021817
1.7606307408810828,1.2438705229529932,1.0117975310193708,0.8523074727230018,1.032883917733101,0.7661885758245557,1.5636899848212005,1.284086948490828,1.346478975947393,1.378207228922152,1.5943751469249696,1.1661426760557076,1.0662358809966364,0.8740869550889437,0.43365279246933325,1.0095278516088513,2.1205126256602993,0.679105442964699,1.4274790579331509,0.8920138625457399,1.0290219599795454,0.8938664107446369,1.1348026276057293,1.2398163908685864,1.1282391065936852,1.2164827700099368,0.8714054892329274,1.1641216640916308,0.785738227838945,1.1924340730455187,1.27026804641356,1.141927614121023,1.0355849466934914,1.460984928147932,1.0402203480927215,1.1494318554615341,1.0897045216303247,0.9205518802732874,0.8156847863851044,1.060259234651915,1.0172373824861043,1.0762394079993347,1.641628879807512,1.4035261173605895,0.6504897045658916,1.4005298138872593,0.9784705855351172,1.1144190479533327,1.0692081592150229,1.4199264176139255,1.3463578938226874,1.0421576980543152,1.2568117441735915,1.835764052369103,1.2572858075326883,1.0136493856414752,1.1938576941618626,-0.0041061365825729
1.780010884170487,1.2471948380751794,1.025024060456763,0.8558885155609258,1.0373579900056025,0.7691684239456159,1.5746593268549245,1.2834643170541125,1.3578307160908734,1.378165230658419,1.6107335446657034,1.17043612642005,1.0700878352712533,0.87578241789135,0.43527584241410944,1.0089921469428318,2.124669472967628,0.6818658583785993,1.429509201183691,0.9009407586205563,1.0245832497606429,0.8975219876085941,1.1394806596778966,1.236671280439478,1.1371925490299368,1.2228393550778738,0.7901196991987042,1.1641216640916308,0.7889226947852388,1.1899342450385832,1.260298968690584,1.1396783978682636,1.042336409473823,1.4593315891567045,1.0495541853232673,1.1541663183264113,1.085771731676172,0.9244988172129986,0.8145155205106408,1.0583795824380888,1.0142709247534085,1.0661208016061032,1.6393454980577182,1.39545576676413,0.6504380842261096,1.39761689116534,0.9741309056036402,1.1083543078924105,1.0632954015010059,1.4171242599259444,1.344729470845374,1.044069296425697,1.244171938098493,1.8320649182783353,1.418755463452856,1.0136493856414752,1.1878116216821337,-0.007622130855977023
1.780045069141711,1.2436054176027203,1.0182687254444203,0.8549691226326196,1.0325148737998489,0.768091555108779,1.567498638972479,1.2783571226728268,1.3605843264847726,1.3727451571204972,1.604373050168327,1.1658086166026975,1.0650421524990852,0.8751047279383122,0.43471227544385654,1.0027337760745287,2.1212110693575705,0.6811471479606667,1.4260132041090596,0.9032300719767969,1.0287944808516878,0.8962046531316925,1.138383187485506,1.229518313160027,1.133807693453461,1.2227274481232002,0.7375559825190159,1.1641216640916308,0.790491081482311,1.1883183667478538,1.257451816340576,1.141609511349696,1.0409938149712898,1.4624102171204836,1.0502907157017716,1.1567042493370192,1.0848634097844685,0.9290148062386596,0.814177204795016,1.063653197365252,1.012845836777582,1.0683082945738234,1.642659393131234,1.3955445687884451,0.6489449413209075,1.4000901367571366,0.978606306174873,1.1065883468200584,1.062129363905036,1.4192926740825673,1.347519295741783,1.040017466627859,1.2345030764051952,1.8350441876596426,1.304939014678123,1.0136493856414752,1.18902446938606,-0.007345666141638377
1.7842029309357599,1.2372404365579,1.0207507587271214,0.8527539637550234,1.0309962099308598,0.7660370866429894,1.5607438761129813,1.27518321657093,1.3610343384601338,1.3636540388517056,1.6051441998195912,1.1649789799771677,1.0652435938650084,0.8690211789283513,0.4334122340548923,1.0001492513355121,2.1156212532324625,0.6794033670427094,1.417019490099591,0.9045416964331513,1.028978925043693,0.8939377265341056,1.135258238988671,1.2259937691915053,1.137259567840321,1.219243714390902,0.8236997921183088,1.1641216640916308,0.7900683675572349,1.2005345640886897,1.2640105882471913,1.1456595393049143,1.044172123979027,1.4680155342673356,1.0582251534293003,1.1608628678788069,1.080468176385606,0.9339666974499774,0.8164963025100542,1.0697316055774138,1.0180267152308715,1.0738624649309736,1.6491773281621014,1.4009981409598975,0.6511012728887005,1.4052480640433627,0.9848136749876913,1.1102521328737855,1.0699172496577907,1.4242654637410237,1.352223787615969,1.049964428925742,1.2301960384710184,1.8412588186368222,1.186927548164879,1.0136493856414752,1.1856920119511807,-0.007146469687386872
1.783227937629232,1.2372178081041303,1.0185120412858208,0.8522606351209009,1.0295974135071206,0.7654248429523967,1.5600637884972084,1.2728009004117673,1.3602067886817442,1.3662296204415134,1.6020583104966153,1.1656870485851492,1.0643575390730728,0.8650384492417851,0.43301100684046334,0.9946876652206968,2.1176337619061205,0.6791453436415836,1.414847912108276,0.8997929921990484,1.031484071156411,0.8926354737773737,1.1344495828210852,1.2494814235886527,1.1511666738966535,1.2198084762728694,0.9080874751652578,1.1641216640916308,0.7936016522078534,1.2042495946723526,1.2590397006546417,1.1466696542707187,1.0434738377175359,1.4698340624006816,1.0588081111354568,1.1633396465054922,1.0809142408911305,0.934711521012019,0.8169059963960049,1.0694272593017773,1.0169163130691803,1.073511130141145,1.6513584461120157,1.4137821756128734,0.6554922226373983,1.4067374867125313,0.9845185974520688,1.1161029322667415,1.0753772324822002,1.4267713794771406,1.3531364873655987,1.0437988926275146,1.2208408659159535,1.8407141547192347,1.2227255280752043,1.0136493856414752,1.1840709736311315,-0.007617391398691541
1.7817335908593104,1.2441750038351378,1.043141326406916,0.8534524329622346,1.0338523312828505,0.7666482436239805,1.561489737708399,1.2677760954132449,1.3630864167338872,1.3708896266425439,1.6042888639711153,1.166477945133969,1.0681685958498808,0.8624579651821601,0.4335413255454937,0.9966199035798511,2.1207785613704866,0.6801847955680164,1.4168412503120633,0.8979180177331113,1.0374564717935724,0.8935179942864677,1.1360152607727525,1.2512133747352652,1.1518773061060177,1.2223674435266958,0.8283062542476226,1.1641216640916308,0.7924901047838501,1.2058228777874032,1.2528006918710015,1.1454776712753447,1.0375050484434707,1.4689015805027468,1.0578598868772486,1.1652625507284227,1.0865534723649632,0.9339770010913782,0.8153929902704004,1.0650540996303437,1.012661901587308,1.071476430793383,1.6499150052285627,1.4152778427123083,0.6548152192108362,1.4054808730405042,0.9866811974950612,1.1189683813781026,1.081939840554832,1.4265584525903812,1.3517831627214125,1.0427775746870631,1.2110588307510637,1.8361202281351732,1.2643031143237329,1.0136493856414752,1.1821685983963346,-0.007687154224154581
1.787755394432827,1.2428777364027017,1.0682105009948268,0.8566039491524864,1.0396446741442122,0.7697728285293928,1.5682240346550396,1.2649945541803653,1.3675461547860432,1.3739434011402683,1.6091832050811445,1.174614743806245,1.078440794225885,0.8728127671112789,0.43519821603880976,1.0042962950386767,2.1395285813169442,0.6825789989056997,1.4253916594614795,0.9013573540005239,1.0440403720286617,0.8971197966866581,1.140110092348263,1.247286673071092,1.1521330267989833,1.2268192390974761,0.7845879539077034,1.1641216640916308,0.7855707868546691,1.20345878772235,1.2404134860213183,1.141135260355834,1.028175034719029,1.4634579404881771,1.0605388194217624,1.1635832393087884,1.0823677874170023,0.9370307944823945,0.8157737503411917,1.061035224295598,1.006800423719578,1.068593424878054,1.644335838614137,1.4147802844355541,0.6502219736747566,1.3999394984697333,0.9833085593551325,1.118546798775305,1.0695599773526583,1.4217697090036245,1.346629914525613,1.0390313400718305,1.2403442282761032,1.8280958839885095,1.4565537355376657,1.0136493856414752,1.1800571763492913,-0.007279935972439548
1.7926167007318106,1.2422487920903078,1.0688972778576675,0.8571663780510284,1.039478368793744,0.7702920892193077,1.564938000639038,1.2687106238734946,1.372290868779099,1.372246751126266,1.6062187611833914,1.1725090073743232,1.068877986084856,0.8737569171422934,0.43545412974577236,1.0034679521806824,2.142222360582048,0.6831511316033789,1.4269772815878763,0.898126634112501,1.0366169692868625,0.8978358608509497,1.1402763775713236,1.2529866112017158,1.2082844581027081,1.2292432411057208,0.8112355871221513,1.1641216640916308,0.7860546029404332,1.1999667374799654,1.2386613064281429,1.1403284343207567,1.0294761865975552,1.462647884552539,1.0614933977567704,1.157766958404731,1.0804566872730623,0.9317629380509231,0.8116432971936468,1.0587725001369652,1.025794622678433,1.0628822865334686,1.6442789486809666,1.4177445910524114,0.6499582472584057,1.398756839650428,0.9837557794253208,1.114163570716094,1.0646045643731714,1.421936305699374,1.3452850625647783,1.0356797816045697,1.2291251973831845,1.8243358214497452,1.5039949417416805,1.0136493856414752,1.1806573817543227,-0.005363153237783321
1.7912091827589465,1.2402287053246455,1.0614928561318997,0.8568746355290922,1.042979672126666,0.769361064466134,1.5649259470086994,1.2617730018922053,1.3683697269852826,1.3645080971638808,1.6216493466593183,1.1663428732811902,1.0678983595295004,0.8899713982368728,0.4349274623803735,1.0051061259295229,2.139024919923775,0.6830142542443032,1.4256224708385727,0.9013302037451096,1.0415595166675864,0.8974159364323266,1.1393374513362693,1.2407726238287164,1.2079322717738785,1.2291611650218446,0.7862112019522766,1.1641216640916308,0.7866269558101361,1.1991367738222367,1.2361499155542912,1.1396193261061076,1.0225777483987615,1.4615543846380143,1.0548115091523202,1.169586251745482,1.0829357810326106,0.9350743356705538,0.8085814160905644,1.0609928799012067,1.025165139641642,1.05835717449817,1.6432929916793715,1.4157663176311919,0.6648354204970619,1.397264757255916,0.9822677537951804,1.1083508300362972,1.0603519147793223,1.4199908647399835,1.3445714307853345,1.037126039977464,1.2283107172851992,1.8223931307353771,1.5300273382749916,1.0136493856414752,1.182475818241748,-0.005438245969638326
1.789562665379492,1.232673072271947,1.0723291262971943,0.8565481897165541,1.0413640455667217,0.7686809813809163,1.5608551562100543,1.254561156146774,1.3642724890639213,1.3571964204649174,1.6215990385151016,1.161429578952393,1.0752747592587835,0.8947789838036507,0.4349114608308794,1.0029091704013136,2.144257728039048,0.6828973047288351,1.4195381359151982,0.9025553931931192,1.0451037193774528,0.8966973405002264,1.1389271571063155,1.2363968551116598,1.2052300261537034,1.2301370706112924,0.7971143563289788,1.1641216640916308,0.7885675445468311,1.198202855238647,1.2347163299690849,1.141083842968288,1.0281357710052481,1.4634694190851496,1.049808424403907,1.1711498137573946,1.0888760160591402,0.9324613947290521,0.8045409661568412,1.06258315390073,1.0207346619167121,1.058527839970192,1.6457940091521643,1.4246995051641487,0.6617112484493276,1.3989511037168216,0.9898827332911094,1.1081178537296301,1.0599111802713086,1.4224672856147649,1.3457901522870397,1.027886156549691,1.2336680938764677,1.8231808334664281,1.4704648679293082,1.0136493856414752,1.1821810965766792,-0.00338887900492455
1.792828374170018,1.2347243021764795,1.0627317269292815,0.8583726030737477,1.0468835625196475,0.7700757187065395,1.5710935143077875,1.2483840484349453,1.3769034655483796,1.3627983509789874,1.61352532959011,1.1707702834358338,1.0883655601240716,0.9013094608577588,0.43596053007419266,0.9972027062241509,2.1481779474552334,0.6841995856427294,1.4197797317919785,0.903572117276538,1.0358506325427461,0.8985145967604253,1.1408185802873063,1.257312580065299,1.2275816206872583,1.2335549018354413,0.7990334636382395,1.1641216640916308,0.7924568909563343,1.188369943949527,1.2331811290997303,1.140538565946704,1.0226246281061226,1.4639316530488071,1.0497786741493993,1.1837419245448662,1.0966131701321133,0.9367553653573578,0.8038613182697579,1.0607614867070985,1.0157020058826212,1.0613152906319254,1.6459273877684117,1.43760853387423,0.6614954439052357,1.3988954346424523,0.9923965551848306,1.101978343925517,1.0650391901099119,1.4234567006483396,1.3453490867909947,1.0174687565780713,1.2541757334208898,1.8228092437342538,1.5624091797978181,1.0136493856414752,1.176195810947362,0.00016075666228004232
1.7934749687349694,1.23458285985464,1.062176085023491,0.8584553997261962,1.0606571654212158,0.7699648140447731,1.5640832310696835,1.2482445362737982,1.371697355018779,1.3654702439136575,1.6028003030258853,1.1707349921142791,1.0905684300371665,0.9018362398036818,0.43575498229557696,0.9912377942269273,2.1315897179411305,0.6842084200745479,1.4277487699210525,0.9032767643591909,1.0430356674577534,0.89853742666679,1.1413115620699126,1.253151295412709,1.212919696580086,1.234582660275694,0.883774526335676,1.1641216640916308,0.778338972173362,1.1885302962456499,1.235506578466138,1.140629373043816,1.0223464494776535,1.463997473324397,1.0432846166603436,1.1838228032581741,1.0952369787115879,0.9420080633562222,0.7981831055133398,1.0721059684139542,1.0159308392705007,1.0588834856125462,1.6468631237092501,1.4454890159852256,0.6585741986200275,1.398767018033482,0.9884098801662928,1.105664501650292,1.06408832963926,1.4232695626690655,1.3463154352279416,1.0185926670010024,1.2321699784546534,1.8244615444459955,1.5903425463530545,1.0136493856414752,1.1776145560496867,-0.0024600574385815893
1.795242130349091,1.236993428642639,1.0716067645770098,0.8588457978426428,1.0563864814782051,0.7703299037992117,1.5648386348986691,1.2305067839744903,1.3724998738950165,1.365121328497098,1.6017057275490392,1.1705847146112256,1.0948335563107132,0.9025819363874789,0.4359215201346401,0.994152516522476,2.1203323638992084,0.6849656328458443,1.4234879817734158,0.9035873271607878,1.0444486584005912,0.8987082756200961,1.1417000396704944,1.2402009874118076,1.2140012646580938,1.2359639144174581,0.8246576375134008,1.1641216640916308,0.7798506500900663,1.182529297396891,1.234272063860139,1.1405964012995653,1.018264797168621,1.4650140819418203,1.0487353434546003,1.1788367329845724,1.0957234822300703,0.9397874035483401,0.7969605884857215,1.065451015245139,1.0159687267567334,1.059263952053657,1.6476311345386536,1.4464878601962452,0.6590257401247982,1.3994286731139873,0.9825527259149196,1.1060193252916326,1.0692561078939429,1.4230814796356501,1.3466128790499108,1.0167609618003712,1.2055958271007428,1.8237778516851386,1.5383416648193775,1.0136493856414752,1.1791497114707166,0.0022470574331181037
1.7993707543666102,1.2294001602808913,1.071937084834823,0.8614452231461602,1.0583313340739084,0.7721229752859893,1.558362833291365,1.2244977607240755,1.371653425608482,1.3758659116627319,1.600567162761733,1.1731973060769088,1.1045263958529583,0.9032540075034581,0.43702751519905364,0.994270658433185,2.1234053272945745,0.6871020033076486,1.420061452492276,0.9101464878315509,1.0544748404653654,0.9015662957485111,1.1446783852235451,1.2474322975216197,1.2438283301854416,1.240524661675925,0.8802430258755913,1.1641216640916308,0.7794283579018648,1.1773517446022495,1.236910072325921,1.140215042118091,1.0171734771937586,1.4657713292347367,1.0513127850048058,1.18746728698637,1.0869997699605196,0.9320658253881607,0.7913452817561841,1.0648747408695343,1.012645038494549,1.0574896924208512,1.648600285464684,1.4494982337493665,0.6653153839490047,1.3993770363216689,0.9772228746191298,1.104112960499634,1.0545053276091056,1.423500718083842,1.3461078870006278,1.0138671405634845,1.213508810778205,1.8217333011562062,1.6444542187314868,1.0136493856414752,1.175917558675905,0.0045948446964764805
1.7925793218412616,1.221443413008248,1.0629694213955816,0.8613353434110739,1.0555849815236955,0.7720308303209034,1.5491015911538568,1.218237657471041,1.3736633458938117,1.36611685928086,1.597130510561182,1.1846720424385206,1.0965806621585443,0.899508248662549,0.43698860593981637,0.9927945148838765,2.1176343961748705,0.6875378019864897,1.4150813325218958,0.9085761398444149,1.0551764816028375,0.9013269984141913,1.144393858591122,1.2444754455974663,1.239480209765808,1.2401337470867817,0.9391745291892832,1.1641216640916308,0.7770659271540931,1.178860810423179,1.2473496685044907,1.1433907891509856,1.0181834829761607,1.4699717834552881,1.0490430469181742,1.1838487187504936,1.088056340419638,0.9320679176368664,0.7943936744608309,1.0608988381608175,1.0242230148687308,1.0501860796156317,1.653191747666316,1.4498131768878844,0.6623221807656606,1.4036437495019087,0.9711399698008054,1.0999476458672008,1.0569857237325786,1.4256904642924941,1.3497112092404364,1.0194580666907436,1.196681637199799,1.8277510699323938,1.594070933500648,1.0136493856414752,1.1758093834431043,0.008271434249360528
1.7937479624386024,1.222569289817613,1.0701661218088545,0.8612158522352338,1.0694188609501687,0.7717942961651718,1.5508529572713288,1.2061246764648048,1.3821980794950366,1.3573276032178403,1.5965865536363053,1.1858648033346681,1.0964431974550306,0.899377528653377,0.4368735696228023,0.9911113482022847,2.120148362365427,0.6871893018885266,1.404880441246255,0.9113170878911844,1.0761534840810043,0.9007317259944388,1.1443935727619123,1.2294288974753729,1.2347430597984708,1.2408786101394944,0.924797412333816,1.1641216640916308,0.7881759547633104,1.1822023883269883,1.24852022381133,1.1418057601762313,1.0319893752536942,1.4700022476488244,1.0480771758423264,1.192543097760442,1.078480448740696,0.9192119217083652,0.7936268036545499,1.0582717102001344,1.027620583829643,1.0491701143442111,1.6531251960700497,1.4506618574053978,0.6633596558188571,1.4014783626308283,0.9619426232011027,1.097644963068735,1.0578987986053583,1.4253680582266706,1.3491730148946117,1.0055964036343388,1.1988125659047246,1.823414797455282,1.6197558845039066,1.0136493856414752,1.177203893539199,0.0026771126537735884
1.7870000630404037,1.2206051718959159,1.0639084221095485,0.8594330308272193,1.060061288279027,0.7698080279762118,1.5515403655702884,1.2094297573072732,1.4201591232759543,1.3524829672733265,1.587486963221789,1.1912759867144802,1.0973633556652518,0.8967265273984822,0.435675808892132,0.9789448451969741,2.1161560445171017,0.6857824582847806,1.3986154896718428,0.9302696042305201,1.058419709819015,0.8984350271066538,1.1408063033387008,1.2274178326055478,1.210048356820022,1.240815773337974,0.991592803868123,1.1641216640916308,0.7876233269270597,1.1785512308807695,1.2346570490516873,1.140837919697998,1.0520585233273334,1.4696903911991925,1.0652372306169513,1.1949510737502553,1.0699400711638738,0.9342718115698211,0.7930420630209177,1.0509655699700222,1.031607659465298,1.0401763748978174,1.6506329144588419,1.4593415735531587,0.6630009091165798,1.4000994962651017,0.9678609881547432,1.099918301798878,1.053889777256338,1.424092023372317,1.3493268429723109,0.9967390901871526,1.1965171383548685,1.8247993144676806,1.5869262848238097,1.0136493856414752,1.179323710956133,0.004686243927515588
1.782808994450921,1.2159356248318103,1.0525757727974883,0.8615224010591757,1.0513020723991209,0.7724011656367943,1.547205373365416,1.201684582897254,1.4213805521374518,1.342850981849908,1.6008276942553659,1.2125772801640744,1.1077939725834107,0.8947368275579541,0.4368693752788222,0.9795727508072721,2.1187737183260427,0.6873928560782337,1.4056005343241393,0.9330406883044035,1.059142549231629,0.9016192011739331,1.1438155316583316,1.2593168147272025,1.223107851687221,1.2451720556561596,0.937435974736111,1.1641216640916308,0.7796852014361765,1.1764995994075609,1.2191567760544297,1.1405335454387375,1.0445303993669472,1.469467646469847,1.0692513715804695,1.1855757218974525,1.0854227120364854,0.934588517061225,0.7870668175296401,1.048362709716603,1.0468392767458135,1.0380467210590898,1.6502878952357551,1.4507274708289852,0.6578287448266603,1.3998148372153203,0.9663637677953216,1.088491498138074,1.059232103794996,1.4241144481755503,1.348438244086458,1.0058002666173584,1.179738103757337,1.822984961428557,1.6622126763197587,1.0136493856414752,1.1767125913400578,0.0038809432094800123
1.8034845014714542,1.221981338070931,1.0502540821564637,0.8612685423850874,1.0600143617474207,0.772092261204298,1.5465359382713684,1.189444063861475,1.4216072696775464,1.3374369472582879,1.601168318222083,1.2133173341255572,1.1191915343953807,0.8877552458254069,0.436362602613838,0.9769073008594166,2.1137663890748803,0.6871494811268911,1.399188896184295,0.9456605069067365,1.0644344123104086,0.90078044061513,1.1427392445883098,1.2647351676177152,1.1985457659334857,1.2463460041596295,0.8733426787544571,1.1641216640916308,0.7774364217348139,1.1841181936313823,1.2107171130623544,1.137598315573405,1.0436376501956015,1.4669967053735338,1.0869545353089274,1.1967938288597058,1.0769396746476498,0.9315776693665088,0.7939662954978005,1.042265591305169,1.0506645813318514,1.0312180476193598,1.646639865189991,1.4513337845130398,0.6579056925594573,1.397166105461689,0.9591326398417965,1.0782389890151531,1.055435831880577,1.4195694055364227,1.3455903984425013,0.9891519891583714,1.185138851372842,1.818771461917931,1.6705336919776914,1.0136493856414752,1.1795746678547467,0.0033949008495874106
1.7983227477850678,1.216042000892587,1.063488831877042,0.861133687638665,1.0558716851167158,0.7715385007872401,1.538742166197905,1.1879815203179334,1.4166893424311624,1.3521819882688866,1.5907407993985239,1.208178831154391,1.1154362430096034,0.8898633700625087,0.4364410697411885,0.964844609851168,2.0993798285516405,0.686805082905736,1.412689690530888,0.939487278471623,1.049920831302347,0.9008008232971207,1.1424321341824022,1.299113889429144,1.1922789272673564,1.2463753402822766,0.9421916326569159,1.1641216640916308,0.7909552855344986,1.1785365264617327,1.196322281129508,1.1389794688028965,1.0426340245699757,1.4680413294306138,1.0828894003789293,1.1879169869407777,1.074006145134676,0.9513145347009611,0.802332249493395,1.0351631636862635,1.0478567519955289,1.0387041415731826,1.6485175016018532,1.4512275530844128,0.6532854658976864,1.3980445641610009,0.9544977246409795,1.0664303475275594,1.0501202008850599,1.4235780048060385,1.3476073013456593,1.0093781173659213,1.1762271031064362,1.819132187841778,1.6842414636377565,1.0136493856414752,1.1803994265553068,0.00013820418206499807
1.807248795213946,1.2266214683851686,1.0497885253762322,0.8634217036486322,1.0662338077076214,0.774888907910022,1.5273546322068317,1.1988302572604186,1.4244858221423868,1.340588417749689,1.6029973830695434,1.2074308241791452,1.1263160850623715,0.910081984827043,0.4381648474173703,0.9590565796308341,2.0804816053740494,0.6884621986361846,1.4044047506949908,0.9325106887365198,1.0505302994512828,0.9036021325196888,1.146454859909112,1.2876177608567463,1.2031449913448689,1.2480546964775416,0.8759288003773705,1.1641216640916308,0.7986288885088199,1.166765814252902,1.193550814474915,1.1406860453270393,1.03045034345506,1.470280804787539,1.0909785499922477,1.1933984652342322,1.0648941939510437,0.9592889051438073,0.8065991479163531,1.0273309116782599,1.0419997432221102,1.039794733774159,1.651758840801456,1.425441065874175,0.6478448948664204,1.3998414923344928,0.9591420160831697,1.074344345981276,1.0756607316758748,1.4239799512960776,1.3503767037587275,0.9990015089821612,1.1894761609016762,1.8232084878811035,1.6295282407280838,1.0136493856414752,1.1748634974319012,-2.5297872214134087e-05
1.8084147296486137,1.2196241281026383,1.0539890400568948,0.8623688936492249,1.0913309061398755,0.7742649726653006,1.5126799029393787,1.1944997658515708,1.4122308367421044,1.3273196899471413,1.5921353760626593,1.2093711443586976,1.1434161151930033,0.9132080429665896,0.4377594497161735,0.946934895408352,2.079916856371272,0.6886086309511452,1.397758504706945,0.9428691802753799,1.0777570901077915,0.902434260546593,1.1449438917351829,1.293869964606249,1.2129774881881252,1.2455320781931885,0.8111004136250165,1.1641216640916308,0.8133490654616279,1.169084184803785,1.1923702948212216,1.1384724719757677,1.0379889038338412,1.4680850431641503,1.0917305949340546,1.1818335489089995,1.0542965772110178,0.9514872996500554,0.7954442627835091,1.0131181678688723,1.041858156554585,1.0306268272615107,1.6503952952427485,1.4259665272522855,0.6490597603351317,1.3977822422839163,0.9471938800929598,1.0945316969452707,1.0786714415218819,1.4217681973907539,1.34720238596975,1.021779829614181,1.175993554855624,1.8154434558154782,1.6109160884312548,1.0136493856414752,1.1793580800777275,0.003838583174196171
1.802288621661045,1.2331542593254203,1.0646324295907654,0.864811559950095,1.095345043830043,0.7771198372075135,1.5105336635656996,1.1820134724027525,1.3992648163468278,1.3352985969784597,1.5948458114216957,1.2021160891685427,1.1743122786202536,0.9158344297548869,0.43876591821294825,0.9512423784933086,2.084389365878718,0.6909426615907416,1.3953382098583311,0.9444734348697885,1.0693641373565148,0.904696380382114,1.1481909934836738,1.2911403382315838,1.1889882270302743,1.2517165597270814,0.807776861284609,1.1641216640916308,0.8149112730715001,1.1697901184616915,1.176158244584048,1.1394027214228035,1.0292729339993685,1.4689084188366635,1.1171891112403078,1.1877323955414303,1.0549183895062486,0.9427517658503244,0.7972521793199014,1.0171808779421418,1.0365508205351999,1.0181068436311067,1.6505270974356994,1.424470645034571,0.6423803023161819,1.3996864835569502,0.9367293998834393,1.0918106696704535,1.0766910968417849,1.4229741724927836,1.347837336366457,1.0210982981392354,1.16575785546099,1.8174428629279102,1.6658056835408073,1.0136493856414752,1.175000117312061,0.005517834647169369
1.7537097569732976,1.1989467598368408,1.0366485718886196,0.8396456768908898,1.064035649208457,0.7556547529189181,1.4694211048982577,1.1493178898337373,1.359242447514528,1.2971334768805896,1.5501123397220624,1.1674969650633236,1.1414047030264536,0.8893527371264357,0.42664160705758697,0.9248827272926763,2.0281800690541933,0.6717099953973986,1.3551813933619408,0.9177236329015972,1.039538904216771,0.8797657151595382,1.1156837473447017,1.2548051784602712,1.1588531952803756,1.2163557489960395,0.7848741096489121,2.123936270917281,0.8392694289867776,1.2032793640333967,1.211643421900261,1.173142170301949,1.0573110929462908,1.511122663247699,1.1484736705106855,1.221779949670793,1.0839730754411678,0.9693105214882025,0.8190758557950322,1.0451425470492268,1.0661563109802372,1.046883467383172,1.6981500255030857,1.4651610548113398,0.6602535498135416,1.4400101472576157,0.9626483807776411,1.124419407048584,1.1069461469080488,1.4635737538441398,1.3845147216578675,1.0522469189105683,1.1984796248318887,1.86953082296551,1.7132577810513816,1e-06,1.175128210145989,0.005146130434631866
1.8049202775969075,1.2319224390346364,1.0657602900064003,0.8648641296394919,1.0940222224753455,0.7771298968680801,1.5121228026368505,1.1821166788770014,1.3987994183590162,1.3337741314000344,1.596466162830974,1.1997721184403498,1.1728493200560748,0.9156133388757337,0.4389044197923621,0.9511462187556909,2.0837283823746264,0.6910603189877235,1.3969230450786254,0.9429304439107801,1.0689327262186608,0.9043379212140983,1.145850275670954,1.2897396579454894,1.191577005733408,1.2515243980630746,0.807381471556816,1.1622026960678884,0.8163319800807952,1.1733670487483956,1.1764551871320446,1.1388378432790929,1.0276088755374626,1.468834683120081,1.1142255052507728,1.1876271229527544,1.054609058003518,0.9421182044929177,0.7954577966784562,1.0155211241484507,1.0370627246909372,1.0166922923921067,1.65123667609134,1.424254402441875,0.6426835311205736,1.3996516917193804,0.9356198710691399,1.0925758232085736,1.0754902269267421,1.4221261169392283,1.35006711658362,1.0213557710748964,1.1642160791292104,1.8186104170662618,1.6651868002731052,1.0056550045975032,1.1754929808671297,0.005383424868939124
1.7969431225750345,1.2287696489576458,1.0611190685300356,0.8633863582845317,1.09150413796911,0.7741016291337328,1.5041626734584859,1.177518110589682,1.3912845601701214,1.3297569304328842,1.5890379156895107,1.1936126541087524,1.169264017192325,0.9139553263296915,0.4370871497509276,0.947576870738253,2.0743776021811016,0.6882198053230343,1.3915414973019813,0.9401446030157805,1.0632289696860941,0.9010493038643462,1.1383735791160285,1.2844760210948465,1.183547293409111,1.2465810115229836,0.8043481669242941,1.3141431220888566,0.8187286962539763,1.1768505908901339,1.1787529765209714,1.1450939040662989,1.0308647106135236,1.4746062687935302,1.1188244800438842,1.1927378316063122,1.0577732005240696,0.9471877108096621,0.7982399506360107,1.0214523461608558,1.0406231197971767,1.0218922134615105,1.6576860575514205,1.43046986306381,0.646389326068173,1.4055461903206266,0.9388438461556482,1.0990687210442744,1.0804278493561426,1.4292114190180243,1.3523287192969036,1.0263571934291977,1.1718136038377729,1.8254707619450967,1.6723021827096232,0.8640678550974971,1.1750458337651095,0.005351854812426367
1.7981627423273714,1.2290242926368782,1.0636048172262875,0.8635455853552557,1.092106043427088,0.7751372560229106,1.5074398870150163,1.1790948263576353,1.3922348958625064,1.3306238546301359,1.59191056756689,1.1938804824949227,1.1704838201006307,0.9139720540387601,0.437655193735328,0.9489158488641154,2.0777961575516817,0.6891691216727897,1.3940007965057029,0.94031371932989,1.0634965701966266,0.902351822364697,1.137169936540729,1.2876196851776454,1.183134603456439,1.248222220244199,0.8052573616140128,1.03126655805725,0.8170119851580188,1.1768792051850876,1.1768492410347806,1.1426147747607656,1.0286833029726,1.4730595777945246,1.1161343051464296,1.1913466477682297,1.055585877672498,0.9467487584707435,0.7965152597535466,1.0192247248024437,1.0400259448205107,1.0195432112946305,1.6558233409923153,1.4288718228992627,0.6448691974597167,1.4039193651494626,0.9383659019186146,1.0970260833641745,1.0774776798942474,1.4280687372664604,1.3493417347694299,1.0265015432934352,1.1717279926754394,1.8236610114709377,1.6702183507432637,0.610418615471255,1.1753886958096813,0.005480138929448886
1.800008778558465,1.2296640962106382,1.062285307552091,0.8640909003636267,1.0941491304823834,0.7759626939889165,1.5096110938195566,1.1804249120327557,1.3918138963248892,1.3326729126031598,1.5933605129563866,1.1954076169454793,1.1724175399874797,0.9152610788274821,0.43809886648258045,0.9499722971088399,2.079311710443414,0.6899365365577177,1.3952224364237291,0.9407154633873405,1.0676731192485043,0.9034349001839226,1.1424466739383075,1.2884848783888962,1.1834716593665926,1.2495125223051875,0.806003155056121,0.9919877474475894,0.8162545588609895,1.1763041791767626,1.1729982629378446,1.1409245003113346,1.027210439682468,1.4717429474015178,1.1153578438737821,1.1901400987188417,1.0529687218056858,0.9454134431622022,0.7949491928895938,1.017873949049433,1.0394295450767508,1.0182351626519615,1.6538496278753116,1.4271995355529479,0.6438179731130252,1.402243722166471,0.9378321140102364,1.0974422436314508,1.0758839277988468,1.4263188786002554,1.3470883207473792,1.0281229574210482,1.169998632933045,1.8215668300646177,1.668623027251347,0.6597068232880965,1.1754037957071923,0.004213780633090214
1.7967067664696115,1.2277575479520682,1.061894892700248,0.864012209456093,1.0939717746148487,0.77490055780339,1.5063292876560102,1.1788817494709058,1.389548772822203,1.3304575571575672,1.5915613576485275,1.1957858082991832,1.1730677424263674,0.9137022801240103,0.43754135793804616,0.9486353962068054,2.0792019235392254,0.6888542264465478,1.392662066351157,0.9393484464692368,1.066023371475572,0.9022090504000683,1.1419813202469449,1.2897799601685982,1.1800387594031911,1.247967778977567,0.8051580686928557,0.9452434075704395,0.8180277363592992,1.1771396846293911,1.1747646749638083,1.1456957117807416,1.0274580131906705,1.4729913540329609,1.1162582026205008,1.1913861011726383,1.0542963727021188,0.9478777157282616,0.7954066769283347,1.0188925951802088,1.0398122724866226,1.0189218012277579,1.6554244990271263,1.4284745501334029,0.6449822533672273,1.403681194949317,0.940702986367567,1.0974313223215761,1.0792223478137213,1.427584211613812,1.3495898496785592,1.0287940088959757,1.1708220794303525,1.8234221262114543,1.6707801366173594,0.5179219492280535,1.175594049690041,0.0038234935739757544
1.8019007383162726,1.2305122158138766,1.0685738431653213,0.8669971303395808,1.0973035607914137,0.7776082030242113,1.5113186503278455,1.1828674970090014,1.3942832071464921,1.3360609327809883,1.5966400182258338,1.2001121041692546,1.1767451822141295,0.9179853358415355,0.43897127692555127,0.9517874162287122,2.0846530311112423,0.6912207089685443,1.3981623178096632,0.942329092941316,1.0692619168066149,0.905231993509435,1.144478987738381,1.2917424266769426,1.180084356629448,1.2519570789271623,0.8074160678353344,0.813403703969927,0.8156812005810126,1.172662009578067,1.1701093638822528,1.1423508647531608,1.024771363565169,1.4674321466538662,1.1116366029287608,1.1869135543420075,1.0490310879646934,0.9435525536295949,0.7913665642596542,1.0154634731482057,1.0358292827275413,1.0151011395831013,1.6488275946876854,1.4232863170694934,0.6414798903582748,1.3981665627528364,0.936534283165926,1.093049775883987,1.077890114510303,1.4217428609173974,1.3445920892247705,1.023182869061605,1.1670802569948786,1.816377629614567,1.664717991160181,0.6738247248131883,1.1766781189488822,0.003825560992612219
1.796529510227806,1.2258137647750866,1.0702082421945078,0.8662406296453748,1.0969836626313103,0.7757901144475884,1.5068274877050867,1.1801265530135716,1.3906484406781254,1.3344077984003326,1.5919152513625667,1.198348484714685,1.1747523567255567,0.9150723928760354,0.43805865331224786,0.9495883914651412,2.0791869573385027,0.6896717513896217,1.3967221482338374,0.9394791405796797,1.0646849571499872,0.9030748794482011,1.1384927733695527,1.2899019110835817,1.1743873186983529,1.2492799218239545,0.8057619800244343,0.9397792615087853,0.8189815643661733,1.1761170100777825,1.1758262213325397,1.142931599535311,1.029697968759247,1.471003277990558,1.1153203782904286,1.1899862024645829,1.0523854853089192,0.9446201503203836,0.7922179993389645,1.0169947410773668,1.0380423202955118,1.0171546732121848,1.6533113627082854,1.427126356412991,0.6424009571981577,1.4019452327126682,0.9375744874936408,1.0967948633328528,1.079301160994656,1.4261871940518758,1.3495282987669048,1.0229834805784785,1.1726634542519327,1.821459965555703,1.6689850535344388,0.5969464179719404,1.176045184172237,0.004082626375756622
1.793578449132215,1.222631562117481,1.069272528275368,0.8690795251217501,1.0936054518089673,0.7743505235042842,1.5061594714177358,1.1779473206490003,1.3882668188276261,1.3353596406194994,1.5874446220784202,1.196040661245236,1.1739323620932178,0.9116448121150215,0.4371559743362466,0.9478613919073555,2.072293440563139,0.688352873154471,1.3941491752062969,0.9389215730412878,1.0624813809406681,0.901294533221255,1.1374018417476173,1.2912405370576687,1.1680102226403963,1.2469344933431517,0.8042847693016136,1.0760104416275509,0.822475216444185,1.1781767243507164,1.1750005448749385,1.1459241434510135,1.0298701357473887,1.4728493219276224,1.1154603345435135,1.1917288259263141,1.0537813637424114,0.9470604894826071,0.7922819297655649,1.0156761737192561,1.042507645556874,1.0206145724301345,1.6553827911434047,1.4293836691045312,0.643342926626461,1.4038899561187987,0.9402863164284171,1.1009290066358586,1.0813123062711574,1.4277632013286186,1.3499100262829538,1.0247054454183826,1.1754607975447402,1.8244300673880198,1.6716747619848975,0.5975578436182529,1.1764752261390636,0.0049657918777625855
