2.0107015496585476,1.3322929072807983,1.0734133462380253,1.0649748659950793,0.7252929206915852,1.0274204753361178,1.4569699235866997,1.420353558197076,0.9947309698261777,1.7706254259118264,1.504317894650308,0.9376024817243154,0.8914039086199723,1.0779307143921502,0.42898216844293435,1.4058368148228193,2.518569008133371,0.9094897712029102,1.792334989417881,1.183683625864335,1.077866749780481,0.9990847918888935,1.3973467621973528,1.499269568738384,1.0212055849141757,0.8178739001122788,1.3653598746685531,1.673891993819914,0.6720875250775613,1.0307528641214299,1.2322010872465345,0.7497851523590278,0.9525377520711085,1.1490564432697412,0.7510401195846911,0.8280090089011721,1.0408344666093616,0.5571020288095546,0.7647994990751998,1.0896310720619244,0.9658695213014609,0.9551574991100766,1.2646508551950353,0.9139150863084822,0.5218826439946732,0.7216316329201559,0.9962499528624263,0.6257689696693147,1.0483509208976702,1.0341562672132882,0.8638451614462389,0.928781252454762,0.8015905546466559,0.9905338739079096,1.0879365420184834,1.0136493856414752,1.3427376088716885,-0.09212572504379933
2.026729286032415,1.3010990275690673,1.114765995838959,1.097500994513139,0.756342661731066,1.063872646463504,1.4154800101962963,1.4176639326777658,1.0666167674681686,1.8266521718821371,1.602262691049317,0.9702607132652861,0.9141013425575092,1.1665287102967732,0.4464224198968651,1.386508339932863,2.610078892778854,0.9085413742898775,1.9171933015746314,1.2748933614795102,1.0586413769495682,1.0492246098890359,2.956045910258793,1.499269568738384,1.0212055849141757,0.8178739001122788,1.3653598746685531,1.673891993819914,0.7019457800280589,1.0581610290209769,1.2315036479011967,0.7537926398919423,0.9082162453142116,1.14347493620851,0.7474237922807289,0.7829039165205922,0.9874236549392902,0.5577098981870581,0.7325345499471447,1.087595947979311,0.9972895377769385,0.9318940679050159,1.2650937514352794,0.9194326259035529,0.5237137155721464,0.7582459501022039,0.9910483415657575,0.6000591109534411,1.294404652708671,2.7582136945852547,1.924469460928276,0.928781252454762,0.8015905546466559,0.9905338739079096,1.0879365420184834,1.0136493856414752,1.2795493318343782,-0.056758412897472015
2.019859336535275,1.301584291568019,1.1087912283857606,1.1558919763525346,0.8700526672142336,1.0571843627318127,1.5851340427780845,1.5339097935570585,1.0099043469637958,1.8434370368395323,1.5983046991249321,0.9688143518488773,1.0648922357600465,1.2187837400368002,0.4459757060956135,1.4248556586056829,2.6771995565143523,0.8536117515205548,1.8437975373209332,1.28755136899489,1.0437292640730018,1.045303376479925,3.140917940373016,1.499269568738384,1.0212055849141757,0.8178739001122788,1.3653598746685531,1.673891993819914,0.6534800943790124,1.0651696964077138,1.2342704994017082,0.846448641668284,0.9101180032555254,1.1461891205204002,0.7762383182341462,0.8242367844248762,1.054470178678589,0.6872815525763457,0.7367679167169409,1.0592066165853224,1.0053433254033761,0.9358371946240359,1.2732878973344046,1.0400068516594807,0.5340218961438857,0.7630811391328854,0.9878040801371274,0.6530654861655693,1.2840373826964944,2.6600306292613767,2.003023098620228,0.928781252454762,0.8015905546466559,0.9905338739079096,1.0879365420184834,1.0136493856414752,1.2200357406224585,-0.04056734220696856
2.1402553070115204,1.471176301790347,1.1260884022852284,1.0856741228355116,0.8607006076204425,1.08761212199345,1.5632930784079766,1.7944088206244568,1.0433163474391753,1.8487631044877129,1.589381741573967,1.036098082230707,1.115626014547452,1.388273037099667,0.4461618972386408,1.444646617419225,2.68948343844952,0.7869738097236432,1.9175621109046415,1.254553621354202,0.7965417796186147,1.6656099559246014,2.130673880603098,1.499269568738384,1.0212055849141757,0.8178739001122788,1.3653598746685531,1.673891993819914,0.6501469911114085,0.9862869800443681,1.1936591604016948,0.8151382962507339,0.9416207388721825,1.0958326720713893,0.752140862837548,0.7765632364271988,0.9917260254651395,0.670937892223498,0.7572455428964383,0.9885613213864727,1.0472655465641165,0.9341721692751499,1.2313207874612466,0.9590595302247069,0.6618635317052693,0.7215804763470612,0.9525568057931245,0.7317460902256759,1.923853422693421,2.031730307232007,1.581970317665132,0.928781252454762,0.8015905546466559,0.9905338739079096,1.0879365420184834,1.0136493856414752,1.2233665293463756,-0.01887857926699401
2.152909380174101,1.5113406551930688,1.0876535553279205,1.0588604103378825,0.8349872146183223,1.070797604739745,1.7277233460605146,1.6989007017247606,1.112809118039337,1.7977687110020597,1.589902209330276,1.3027271979488342,1.0773711937792896,1.4087371702392757,0.4082549950992756,1.4360888987598714,2.520780125535614,0.8069679910711003,1.9281353437458844,1.1722079947193293,0.7360653412318878,1.2155971998313737,2.073407137931648,1.499269568738384,1.0212055849141757,0.8178739001122788,1.3653598746685531,1.673891993819914,0.8357966778423832,0.9298662361006499,1.205017289939795,0.876014805767374,0.9422925951776081,1.104813578657119,0.7384735544428349,0.8522492357717882,0.9723525570626034,0.825243620445493,0.76866528946422,0.9905182704383094,1.055254685071935,0.9483704058202951,1.2419240490252408,0.9480379214723411,0.6375703014405274,0.7376845589904457,1.0240227618673294,0.7144048300711686,1.6128821697658293,1.8310946829205812,1.1515025700028285,0.928781252454762,0.8015905546466559,0.9905338739079096,1.0879365420184834,1.0136493856414752,1.2180743769026396,-0.027145216144102494
2.182196060542019,1.5793369802005324,1.085987924816372,0.9758996281424179,0.822098050117718,1.075359321131969,1.7937185069611907,1.6270414126015809,1.1122040374353341,1.9050576809234874,1.5482085675940624,1.228761855753959,1.086936054828264,1.4366341184316573,0.3930170058913352,1.450141341989927,2.4353474338498566,0.7983690817185872,1.9467209851928309,1.1735697116033879,0.904889273051736,0.969719023877637,1.9766757649382096,1.499269568738384,1.0212055849141757,0.8178739001122788,1.3653598746685531,1.673891993819914,0.8538398812614462,0.9385058114783577,1.220144422491585,0.8589566711788589,0.9568389875102102,1.1134800646300456,0.8006623319039201,0.8695915276065357,1.0608613245606757,0.8265446457910536,0.7314533447600535,0.9741654181230722,1.0630251844287495,0.9609387919749552,1.255174855919637,0.9763419571652889,0.6112557591347199,0.7580005094172846,1.03768974897693,0.6666303035190493,1.606991608835171,1.6194595121931183,0.9204526369353937,0.928781252454762,0.8015905546466559,0.9905338739079096,1.0879365420184834,1.0136493856414752,1.1904140390965854,-0.02953985606435451
2.1865214458452558,1.5950169240688725,1.0912835633012252,0.9499179226404433,0.8301196331480313,1.0840176865236948,1.7702562615462443,1.6187671531045154,1.1349519393016143,1.8153323173441962,1.4666433072734562,1.2396339308078965,1.057219827828419,1.3706000100337086,0.39887946228110266,1.4771533718894092,2.3976035166120098,0.7719684275720856,1.8795047489455265,1.1684661109151642,0.8916096601092416,0.989399431382964,1.927234764312349,1.499269568738384,1.0212055849141757,0.8178739001122788,1.3653598746685531,1.673891993819914,0.8881727270020097,0.9566604058498784,1.2357758261905782,0.8431565489909831,0.9993358781444183,1.1368203346941161,0.7806414909485733,0.8336999683491984,1.0646354634391781,0.7924138088433414,0.7314536403741506,0.9886377244958335,1.076269864885277,0.9761732695740221,1.2800625856435648,0.953950426020532,0.6060644561642038,0.7457945870486004,0.9747743754314869,0.656509288780177,1.732209021747863,1.5293349716342808,0.9284860725555157,0.928781252454762,0.8015905546466559,0.9905338739079096,1.0879365420184834,1.0136493856414752,1.1837834512957257,-0.04304863312241569
2.1644749590476255,1.6156396263567356,1.0835682162689253,0.8723540199977226,0.8521658288589131,1.0825773774149652,1.7665405201816802,1.7319388843790464,1.1269281357949317,1.7797049972913601,1.484133598737982,1.3338693082813002,1.0329144154594592,1.3730063694569752,0.37352171579980165,1.595266703008099,2.4229218436118267,0.7887085903573663,1.929758240894005,1.175463187993204,0.927357901666518,0.7906202400636898,1.8679975595073435,1.499269568738384,1.0212055849141757,0.8178739001122788,1.3653598746685531,1.673891993819914,0.8730914600038554,0.9503223128875129,1.2399280990088273,0.856353914119639,0.9886118302255651,1.129097449532453,0.7888390370957774,0.8212079210264611,1.0540506900184097,0.7910099323275127,0.681074245255806,1.06393321001116,1.0471181399014324,0.9879918197795782,1.2871125126658287,0.9808699492843425,0.5903677299306623,0.7460012712453389,0.9463140750812609,0.6356953240672105,1.5718239870374175,1.543266669365221,1.1355682271787868,0.928781252454762,0.8015905546466559,0.9905338739079096,1.0879365420184834,1.0136493856414752,1.1658454658886828,-0.026261775324623104
2.124429828494702,1.5564708031010577,1.0710808238173941,0.8801616707712038,0.9673100118558848,1.0974204556049372,1.717331518649022,1.7143743670829208,1.092516569882045,1.8545851842447152,1.4208337155837056,1.3772154825804594,1.0913219392419464,1.396103793660137,0.3805942926316661,1.6270380370852722,2.2966490830576376,0.7947891347648713,2.0457862273587817,1.1363191024780808,0.8081269600872278,0.7223905822050998,1.812761051670497,1.499269568738384,1.0212055849141757,0.8178739001122788,1.3653598746685531,1.673891993819914,0.8456219566348685,0.9539647120448657,1.2516038151083588,0.8612752043558239,0.9727991765473748,1.0920110006288037,0.7644325650900222,0.8078735473122372,1.0587098555607457,0.7780143683146608,0.7371878310114559,1.046549528415362,1.0322659853344216,1.0192335784834812,1.288712286636297,0.9726539523989207,0.5916064736663468,0.8207288925930223,0.9188859294871188,0.6328009470398356,1.4096574848601335,1.3937748820727531,1.4033811858402618,0.928781252454762,0.8015905546466559,0.9905338739079096,1.0879365420184834,1.0136493856414752,1.1544427943622373,-0.008245832268271408
2.1333746981293986,1.5360607665879515,1.062798161348052,0.8795842287088863,0.884430982272279,1.1091896567531074,1.7667230670195675,1.6541102427250154,1.142580419280328,1.7960657265947086,1.3352081136068004,1.3756997029118458,1.1097064612641343,1.4517116111727566,0.38488649706906686,1.6408212417892547,2.238331156530462,0.7625572925084049,2.0755637456996636,1.120245788383264,0.9487471107059419,0.6441044162223271,1.5717175577503597,1.499269568738384,1.0212055849141757,0.8178739001122788,1.3653598746685531,1.673891993819914,0.8184554558165779,0.9240615215710818,1.253771300191837,0.8361348598740244,0.9975756139219462,1.094369063139184,0.718850921007476,0.8543205678096447,1.0123361591688984,0.7634383081287338,0.7058737727689666,1.0474754273265046,1.0073208220839558,1.0441759370204537,1.2869167012995872,0.9647753191737866,0.6209211315031561,0.821381270625108,0.9327370594312722,0.6413375029529738,1.567991213969895,1.2208972669828382,1.2620062171175708,0.928781252454762,0.8015905546466559,0.9905338739079096,1.0879365420184834,1.0136493856414752,1.161363066400063,-0.02647383268743303
2.138850933618826,1.5548987707370991,1.0655873173356938,0.8570753689993766,0.8801637228854645,1.112993735518329,1.7008247535533798,1.5928109070130536,1.1361661062637243,1.8635835942212196,1.3571403027593434,1.3483493129362756,1.0871461142066816,1.3807741237008375,0.37382473001075267,1.6626144459981873,2.2955637079477222,0.7422119419376213,1.9714970619016612,1.1690123029179869,1.0268885356949884,0.696914705585475,1.5332919725226164,1.499269568738384,1.0212055849141757,0.8178739001122788,1.3653598746685531,1.673891993819914,0.8305226524356148,0.9173981445367414,1.273361168483386,0.9224984600357425,1.0092360329925125,1.1115576982844217,0.6645586985821443,0.8893038488134057,1.0322731052982486,0.7922182133927164,0.7450858138335698,1.0536427596256777,1.0265443053463463,1.0286343188643374,1.2713453376146797,0.9999712503411039,0.5885299546740318,0.8391064184780436,0.8937190238521906,0.6554500305528178,1.3050093740135194,1.168468259620147,1.10388497041585,0.928781252454762,0.8015905546466559,0.9905338739079096,1.0879365420184834,1.0136493856414752,1.1552408084196397,-0.030779099516314565
2.2370012176366196,1.5710426773232407,1.0929512214709975,0.850347454402165,1.0331894886853386,1.1168001842372477,1.7201031737224037,1.6055807042635608,1.155113014256566,1.9074321079103074,1.3329448178635752,1.346760588450878,1.0733095146983924,1.3712937450000966,0.383151852595198,1.6674947630852295,2.3073025489692673,0.7454814047737461,1.9888102927277278,1.0874398923047266,0.9953758340040046,0.7437974362362789,1.4374634676995606,1.499269568738384,1.0212055849141757,0.8178739001122788,1.3653598746685531,1.673891993819914,0.813357894312139,0.932800665155547,1.2697397458540916,0.9123261799053878,1.0234525444351286,1.112302368446569,0.6345962166265458,0.8968555507327336,1.0411355226992711,0.7782611875612518,0.7576001248073578,1.019943270250605,1.017504090652643,1.031107293609193,1.2853412838592613,0.9910830894867332,0.5938401111201473,0.8630993793007549,0.8790227394526118,0.716205904815637,1.312182603340404,1.4340437430312434,1.1428071695705873,0.928781252454762,0.8015905546466559,0.9905338739079096,1.0879365420184834,1.0136493856414752,1.14202335022568,-0.013070182566957538
2.148293264182041,1.565648965621707,1.1058370885021085,0.8548055376475294,1.0374382108289417,1.138198535940402,1.7020746488420813,1.5876394005173895,1.1589793928736778,1.8531457053669493,1.2518367495100733,1.3459847033550054,1.0302340178169032,1.3533704834001121,0.37027088341293274,1.7163418934750032,2.134563317138208,0.7158350034429695,1.8795017492531927,1.114259172890759,1.00399520808969,0.7986924689426111,1.4422668213512875,1.499269568738384,1.0212055849141757,0.8178739001122788,1.3653598746685531,1.673891993819914,0.8241992333236545,0.938398385557232,1.2929092376785423,0.8687647012364669,0.9989039717933786,1.1336286550442982,0.644796647112438,0.8856049747243198,1.0425734380735105,0.7329535588969862,0.7561453568694646,1.019345063634742,1.0481019598148107,0.9693926854420741,1.2871632807442304,0.9203309643493289,0.5800109128488232,0.9027919157462703,0.8884157339502404,0.7100176295616253,1.2040211555154814,1.2918930791664933,1.1575475371715693,0.928781252454762,0.8015905546466559,0.9905338739079096,1.0879365420184834,1.0136493856414752,1.17151482227838,-0.02882249430756204
2.339645233871263,1.522901357473903,1.099145382442576,0.8209697855326947,1.0098647221785269,1.1367680069040957,1.682900072044035,1.5278774919182303,1.1728623926222623,1.922903258371617,1.2522587934064693,1.2924303862833562,0.9777677709381113,1.3992822434844385,0.3743630722984709,1.655313406788551,2.0950069155404956,0.7513832779539851,1.8645534979761005,1.1076743683588721,0.9067423846122744,0.793377142418933,1.7189709882642035,1.499269568738384,1.0212055849141757,0.8178739001122788,1.3653598746685531,1.673891993819914,0.8049432147795578,0.9275666188637014,1.3285363988971575,0.8370995017881425,1.0967360407933364,1.1508413190961961,0.6610906239577664,0.9166258236267125,1.138197393559943,0.7873720547242893,0.779995840200382,1.000483548864987,1.0313971802657107,0.9260744805199511,1.298164832022347,0.9050101195302958,0.5503570265962896,0.9451452548341907,0.8903922419415254,0.7132083542640939,1.131175752544696,1.3217536669280037,1.2055361966005713,0.928781252454762,0.8015905546466559,0.9905338739079096,1.0879365420184834,1.0136493856414752,1.1510818559309601,-0.04905945055015658
2.3303026255113823,1.4789759436275072,1.10115411642006,0.8598703803457356,0.9745607950671495,1.1324826689625767,1.6207279996898467,1.5744661168492642,1.1469747024624735,2.045314745503441,1.2610405661676232,1.3861680875850972,0.9803413307190145,1.3877341956675626,0.3798804964361878,1.5919537788167601,2.094573877394627,0.7519955655924172,1.8808866654350818,1.1100633816875878,0.835091730464072,0.728669713123223,1.7923031828963398,1.499269568738384,1.0212055849141757,0.8178739001122788,1.3653598746685531,1.673891993819914,0.8058324258189415,0.931578498850794,1.3197327876496379,0.8426666293714081,1.122267708737658,1.1467636921455815,0.6807532663588362,0.8769387431190385,1.1368463930225825,0.8226108219277337,0.7720848295014054,0.9421573379260102,1.031323212033787,0.9234971162098502,1.286606347326311,0.8700985244946067,0.5389403191109143,0.9377944649715115,0.858258272938362,0.7413902063961135,1.0164720384311876,1.3814738764444718,1.3591797679704487,0.928781252454762,0.8015905546466559,0.9905338739079096,1.0879365420184834,1.0136493856414752,1.1582635085967403,-0.07271170591942126
2.2499227055408393,1.4841556173870016,1.0987716854919367,0.801225792303138,0.9782736511836404,1.1479260995457372,1.6083623737970223,1.555030218717719,1.138132330755275,2.0533501510678835,1.3057896243631761,1.383665349817111,0.9989391927850879,1.398348887968181,0.3542805252673612,1.5979829486936965,2.081816657740501,0.7060337999641354,1.8436653556615645,1.1116038616924167,0.8487812068623315,0.7610319797898943,1.7373212889477039,1.499269568738384,1.0212055849141757,0.8178739001122788,1.3653598746685531,1.673891993819914,0.8180720011990439,0.959417942542749,1.3267255555556843,0.8305212795932446,1.1141463761183805,1.1355613566613083,0.6845751147239181,0.8861955857846731,1.1220514889282522,0.8163787010486466,0.7424396737600365,0.9251259391283028,1.036480413799253,0.9003892489939225,1.3130601292277804,0.8691336938722747,0.52658242815707,0.928760626524705,0.9035811891709411,0.7435716860722685,1.0236485602654672,1.2634128162043934,1.3062261294570225,0.928781252454762,0.8015905546466559,0.9905338739079096,1.0879365420184834,1.0136493856414752,1.1583952808623852,-0.08325903984505463
2.113521355831985,1.3833942724826467,1.0577668324158962,0.7898444379991438,1.0158093749434576,1.1353627630879894,1.6110415028232572,1.514686790515597,1.065398389898881,1.95628060676767,1.273785989122123,1.3304814359497483,1.1482122412155462,1.2424430370981947,0.3218106074248236,1.5023102468963851,2.045619696258618,0.6053756471680067,1.8231050440091758,1.2067858954943937,0.820625528408898,0.6676336953591006,1.7137964537704509,1.499269568738384,1.0212055849141757,0.8178739001122788,1.3653598746685531,1.673891993819914,0.8061203358488457,0.8680793795097056,1.3469797072002858,0.8215671327103052,1.1037115227093584,1.1624517271639907,0.6262269963621913,0.9061798800603663,1.0827674957650106,0.7966857855234354,0.7479444992740838,0.9347634545208362,1.18099025336795,0.9019848600462339,1.3351758883956817,0.8548563597773337,0.5343250832245359,1.0001026124828234,0.9280191669888942,0.8541943298745212,1.0519663295436745,1.4217861381283936,1.3495829708544234,0.928781252454762,0.8015905546466559,0.9905338739079096,1.0879365420184834,1.0136493856414752,1.1732113468563667,-0.0844386730464357
1.9631018585816897,1.422387331852095,1.1009308316184891,0.7282690542254501,0.9798797437351703,1.174915709945903,1.5650368308669775,1.5662934976279488,0.9728346593765794,1.9197674200380233,1.321146594453086,1.3554758753072094,1.0980143906279831,1.32692715746259,0.32051725270599296,1.4932214908303574,1.9962009308514193,0.6398122704381921,1.8429390196031754,1.217685650968397,0.9015194161636444,0.60703517162166,1.7055535242376865,1.499269568738384,1.0212055849141757,0.8178739001122788,1.3653598746685531,1.673891993819914,0.790742430183123,0.887975097067432,1.3919242589541267,0.7973040959004405,1.0423919658122291,1.1926476812729767,0.6632807063425276,0.9318673312635251,1.1398790793640379,0.765665299107538,0.6940278318317373,0.9618375781222727,1.1042189169532144,0.8969144075188279,1.3723665936342853,0.7611030147073495,0.5009225553514146,0.9659568814267429,1.0158186088109273,0.9333299914662987,0.9747535421498871,1.670493020579257,1.3953764691036583,0.928781252454762,0.8015905546466559,0.9905338739079096,1.0879365420184834,1.0136493856414752,1.1347246610869992,-0.04993236321569595
1.8274723428556883,1.3605103703094108,1.1134469241029292,0.6792563026373867,0.9517353525945276,1.2025120975638628,1.663618218114763,1.5894548898425214,0.9182006413430687,1.7941363001228245,1.3926890238946656,1.370141262829267,1.0467905864695164,1.3194347977031218,0.31163008532671943,1.3980215736381794,2.1373728179484277,0.6736430280589345,1.7795735158117958,1.2083284620552506,0.7559870784509933,0.9607747055301106,1.4337698269119987,1.499269568738384,1.0212055849141757,0.8178739001122788,1.3653598746685531,1.673891993819914,0.7198700206443984,0.8739412261828903,1.407364593810015,0.7771862011458907,1.1322398353578214,1.22130219534819,0.713295844331756,0.8634055114707807,1.2185813002308794,0.68338805300029,0.6558428473669753,0.9746601997766114,1.0030356868864545,0.9192021188444818,1.3720877642211835,0.8013170269290871,0.48051257277181175,1.0561134237122465,0.9526324504687451,1.0675907868128942,0.8981468806017144,1.6272461138152787,1.3395086157706941,0.928781252454762,0.8015905546466559,0.9905338739079096,1.0879365420184834,1.0136493856414752,1.1361331370783596,-0.015081946960846112
1.7032984705323426,1.4626787538266903,1.12343182933454,0.8838026891130903,1.038468937383493,1.223338822350848,1.6690249344848558,1.610353880023381,0.841247638939402,1.823386248513363,1.5143616365500256,1.420615802095203,1.0545966911913096,1.3205818252510177,0.3031094256830827,1.4200492162444276,2.191381720307509,0.6715354290606876,1.6886488274877667,1.208145435919293,0.812909406700456,0.9077877366222713,1.477908005030758,1.499269568738384,1.0212055849141757,0.8178739001122788,1.3653598746685531,1.673891993819914,0.7332516623552943,0.9304605592326439,1.4285561954947723,0.7496875191598651,1.193171469758979,1.2110323820537083,0.7038472904515135,0.7717185128548458,1.2169653303117844,0.6934294229020249,0.6459844558686206,1.0115920310286233,0.9931527483793072,0.9174570873222817,1.3799974376786825,0.8991440720599017,0.42027849875914464,1.0555996934412755,0.9533670833377806,1.0604019900110033,0.9326660716247122,1.7074487649483419,1.3116770162074476,0.928781252454762,0.8015905546466559,0.9905338739079096,1.0879365420184834,1.0136493856414752,1.1172159547969394,0.009619406196505158
1.868304397064005,1.4962390834274115,1.1727219891229186,0.9042817760764941,1.0720304285348439,1.236199019727953,1.7124789332472021,1.6104782399771738,0.9446815454391355,1.7488163717259735,1.4836568841630386,1.4734252311415934,1.0123071232138392,1.2263613098864758,0.2964105538312711,1.4560733657969358,2.158369167484888,0.7692462316951207,1.5891884578809383,1.0579703747126896,0.8026998769941597,1.0637954342771105,1.506964491353549,1.499269568738384,1.0212055849141757,0.8178739001122788,1.3653598746685531,1.673891993819914,0.7316078205458619,0.9331430794113477,1.462767815424945,0.7533174257838036,1.143336173356818,1.2596769707470816,0.8014959345176558,0.7727532622681467,1.1576070867302937,0.7149757155838175,0.5992338651661616,1.0193693230714447,0.9650171164427569,0.9664398455059721,1.395924387566871,0.9047873902375928,0.39962062063367537,0.9511540834816622,0.920109488598347,0.9603778946402627,0.942265744576466,1.7895714052796456,1.3145126451536937,0.928781252454762,0.8015905546466559,0.9905338739079096,1.0879365420184834,1.0136493856414752,1.078358252051019,-0.035523808840896544
1.908473856534167,1.4785027788089553,1.17089600466761,0.8362461239040849,1.1046162390831782,1.2170629334564504,1.5982605795966285,1.5194621417712428,0.9358850376381221,2.127002179864856,1.430915529798721,1.412172867530085,1.0128187731109026,1.2063399483167114,0.2979950766959025,1.2668389835298386,2.179062867431482,0.8037171965578417,1.6369985896571662,1.1214609490918241,0.81198469416139,1.0665463748924624,1.7341488467445039,1.499269568738384,1.0212055849141757,0.8178739001122788,1.3653598746685531,1.673891993819914,0.7089762727421683,0.9718921881703763,1.4354057219129268,0.7717683884580278,1.1141366846394325,1.238744497130569,0.7774339678165904,0.8306359184276398,1.1528695623115965,0.6620378971516336,0.6304597230605473,0.912242339232183,0.8633355166706628,0.9576098548719896,1.3913183398808846,1.1846476005027995,0.3656639947694434,0.9167347043797985,0.8535985062448358,0.9177200235607619,0.9020215547309512,1.7674304165736008,1.1947678885263842,0.928781252454762,0.8015905546466559,0.9905338739079096,1.0879365420184834,1.0136493856414752,1.1197531494038977,0.003984008626003406
1.8333065759466134,1.5172242976215249,1.1892672450944193,0.8721782757462012,1.1285277689487665,1.2063844900818792,1.5445436194988458,1.5818605254865767,1.0526186031249305,2.2014125339121935,1.3589163353006029,1.4011806178871549,1.0587673938481488,1.4023548490739661,0.2713031843288856,1.3249379320738792,2.2248970606081273,0.8175930862055912,1.645222583668248,1.153710864487421,0.6961875759314294,1.0952844171923701,1.6946151691192297,1.499269568738384,1.0212055849141757,0.8178739001122788,1.3653598746685531,1.673891993819914,0.7180284151205686,0.9202658224773903,1.4202110810028872,0.7842842257751638,1.1171830643198586,1.2567114132690391,0.7614924178661037,0.7959597615338331,1.1729365212863896,0.7573418417699751,0.6212428392698643,0.9218145749143498,0.8167093258662881,0.9543485201918173,1.3916665648899604,1.2652345523012314,0.3691432024753614,0.9166417801840205,0.7897914186641694,0.9210126125810935,0.8530776692822625,1.7887711594389495,1.2130932502440654,0.928781252454762,0.8015905546466559,0.9905338739079096,1.0879365420184834,1.0136493856414752,1.0819152251581472,0.029450212616406853
1.8365134120810338,1.5031892341768995,1.2377830820582463,0.9921084382954756,1.0052217222986255,1.1593966373780824,1.4635494851853983,1.5805115526998257,1.061667935494716,2.212852412815686,1.3573176872639021,1.3141179690326705,0.991685931453144,1.4029952697268355,0.23526857500916717,1.3049090447842335,2.4140660598896213,0.840681426659428,1.6953299991180846,1.1305307048353144,0.7078877254995967,1.0114013958083887,1.6883227579714157,1.499269568738384,1.0212055849141757,0.8178739001122788,1.3653598746685531,1.673891993819914,0.8896743372904017,0.9399129857980222,1.3771708263171765,0.7455725916985629,1.1835188668717507,1.274640128569772,0.7757775517653588,0.7484452798587305,1.181395139475765,0.7615095792992412,0.6483398295600671,0.8695158377742307,0.7666354015297089,0.9650692391112031,1.3963466426542257,1.3108501974073545,0.35670927990547485,0.9463375032903723,0.8048881203297552,0.8575569433396051,0.8734310494435625,1.7286375080655185,1.1467818753799528,0.928781252454762,0.8015905546466559,0.9905338739079096,1.0879365420184834,1.0136493856414752,1.0737063883506883,-0.009998302567850599
1.8531557516262833,1.6057853903226376,1.3285786877982042,0.9174137478167225,1.0005506368926635,1.130859700098582,1.5194561040694916,1.5885329170673579,1.0014442222409785,2.0725096489799193,1.5138443467467353,1.3156879488595243,1.0120254833125064,1.3512794345818917,0.24023772443767635,1.287565967846075,2.4333982858483183,0.8056463181884292,1.6022170510847014,1.1146786548231857,0.8618991556248744,0.9610846172218657,1.6381952375066315,1.499269568738384,1.0212055849141757,0.8178739001122788,1.3653598746685531,1.673891993819914,0.8908969728175965,0.8960554887706186,1.3346342868588312,0.7121131627151593,1.173949870558076,1.391785625122146,0.7818294134256769,0.7343832890951899,1.1668219567643998,0.7612905934287264,0.6895503396543012,0.819955207049536,0.7521358268956617,1.0431513282192648,1.346249401872412,1.2586712224506613,0.36895202683761635,0.9967993460748296,0.7598952362044633,0.7918210286840017,0.8129475834049831,1.4727513491890585,1.2309422952333018,0.928781252454762,0.8015905546466559,0.9905338739079096,1.0879365420184834,1.0136493856414752,1.100999715467126,-0.03775212279129338
1.74336407250579,1.6897509236147041,1.4433159831428424,0.9131531548971007,1.0733523839320889,1.1343707457115746,1.5301943196641599,1.6600151864844932,1.0331906466520995,2.1461212865719554,1.504401641318658,1.3262282540263286,0.9187379748638058,1.4276242444886582,0.20583945510466456,1.1954361284247055,2.414235845282183,0.7764801381896059,1.640752669444431,1.1210184831007326,0.8799195629735715,0.9873252134087283,1.7234727946931938,1.499269568738384,1.0212055849141757,0.8178739001122788,1.3653598746685531,1.673891993819914,0.9234382381092409,0.8701387870119427,1.3062336137180177,0.7113028714214505,1.1669422491702004,1.3889693321579757,0.8029837994304981,0.71599107766951,1.180678638775339,0.7630188507382977,0.6536590277386866,0.84698318785435,0.8052035164705748,0.9579338769568496,1.421905847625278,1.2624435489419845,0.3494901565386989,0.9905377478993351,0.7565931318229693,0.7761292380876721,0.7685745628544617,1.3971372659807266,1.1385065431657642,0.928781252454762,0.8015905546466559,0.9905338739079096,1.0879365420184834,1.0136493856414752,1.0960446749486041,-0.013677806867057392
1.7438480367632017,1.7273298312314693,1.3326266392533885,0.885171382280018,1.0290134619776956,1.129966788572558,1.712594358057178,1.631393913292246,1.039162642860657,2.0958785057068505,1.607468293017438,1.288108890154858,0.9235153157261634,1.3672751990357621,0.1498145218203941,1.1298178022330763,2.531937355905827,0.7414155094899675,1.5376298539404514,1.1477243550661513,0.8148193443267402,0.9891513111019856,1.6023929252961289,1.499269568738384,1.0212055849141757,0.8178739001122788,1.3653598746685531,1.673891993819914,0.9026496595894701,0.8410722132132117,1.3138009266837458,0.8082804465779646,1.1175544095704348,1.3895253610646527,0.7703742431496525,0.8083162934839895,1.1795037366481977,0.705682661810368,0.6440096854009376,0.7817268188456472,0.7868620916001038,0.9117113368415303,1.427783231827566,1.24357404939185,0.36971923655987404,1.0076460439637895,0.6826949748404764,0.8472400974335806,0.728300635321853,1.3777252249681797,1.1037640353335294,0.928781252454762,0.8015905546466559,0.9905338739079096,1.0879365420184834,1.0136493856414752,1.1085986402546548,-0.031088760532634686
1.6869446096945975,1.7640142319351364,1.320345963424066,0.9367262001558185,1.0171984191072396,1.0925576168091342,1.7260991289597931,1.6995030729711775,1.0170425863754262,2.068027338200052,1.6512226366237848,1.1802235290108425,0.9367653136407462,1.3405657775733775,0.16439253663268635,1.2180540098708141,2.618958188008041,0.7290839099799866,1.5421362045058737,1.1437399669288302,0.7937779215202778,0.8523518824247133,1.652122071383775,1.499269568738384,1.0212055849141757,0.8178739001122788,1.3653598746685531,1.673891993819914,0.8875338432391752,0.8304204032749006,1.3312156904313956,0.8088076253663931,1.0304007723418391,1.321944664453722,0.7574455251289202,0.8115645544371534,1.1412993494692198,0.6864552194660356,0.6585761752742663,0.746920168227578,0.8042591073960416,0.8675078734403944,1.473776492758921,1.2023231231760527,0.3625289791014155,1.0039642183781563,0.6271740568496664,0.8174231457851373,0.7190406362346784,1.2782804112594133,1.1049318646548556,0.928781252454762,0.8015905546466559,0.9905338739079096,1.0879365420184834,1.0136493856414752,1.1068320201258448,-0.03274161047037822
1.6335602084989087,1.7640223761466371,1.325156981789406,0.9911809388642578,1.019258248601213,1.0760303469259058,1.8459339511891855,1.7241676975909555,1.037258397294505,2.1089894834201837,1.6224177953983554,1.1569482704979128,0.9415477138613413,1.2870910555912487,0.1756923837116088,1.3168567037895096,2.617662716920132,0.7250740275310243,1.4878042945226146,1.155143580235279,0.8144078487879629,0.7923258851047951,1.4888670471351648,1.499269568738384,1.0212055849141757,0.8178739001122788,1.3653598746685531,1.673891993819914,0.8921349387407623,0.7855943517200698,1.2765271887885012,0.8065494497808682,1.055098552142833,1.3303278264319365,0.7641187932422129,0.8249315266382169,1.1241296941673933,0.6256470378719685,0.6610417428153816,0.7419100537199963,0.804553761012777,0.9266551610475516,1.5429784785700782,1.260607154871425,0.4576587629808833,1.0032405738807995,0.5553263195584541,0.8328248936127727,0.6633934312326478,1.2508916520824191,1.0255667773064272,0.928781252454762,0.8015905546466559,0.9905338739079096,1.0879365420184834,1.0136493856414752,1.1059285085210095,-0.020971146136030308
1.5681590028039842,1.7640981341429849,1.4052718556552766,0.9633365835420982,1.0030996532430887,1.1211235488371274,1.8300859293830956,1.860668099601721,0.9911054102843688,2.001962507016393,1.720583192726028,1.093290422313242,1.0622076758459422,1.2577026425287068,0.18578640223484716,1.2782969355150713,2.646177256997635,0.6828588818779064,1.452168293963155,1.0626340413932776,0.7869242006427183,0.7736827778717145,1.5226901702572362,1.499269568738384,1.0212055849141757,0.8178739001122788,1.3653598746685531,1.673891993819914,0.8523715398271694,0.8185435296560803,1.2217391407134905,0.8171112478194923,1.0720391577137827,1.3329117500000338,0.7498727690145809,0.8207471174715422,1.2002815536589837,0.5941008455058947,0.7084354714339387,0.761847972518711,0.7784238415845197,0.9327161510866749,1.4751117746837166,1.3064356750644037,0.45891019398645483,1.1191828185715924,0.5640442525147047,0.8227656807752408,0.7448367434399839,1.2649155502314757,1.0360110678306595,0.928781252454762,0.8015905546466559,0.9905338739079096,1.0879365420184834,1.0136493856414752,1.1009206465633323,0.0031571951223153378
1.6794181324662203,1.8601017110404996,1.3463481149110978,1.0149602184538389,1.0066903892262222,0.9235020568917904,1.811739231538406,1.844194068301314,1.064090993116774,2.039710146963404,1.6544208954244761,1.200369880476352,1.10246244890255,1.2290795209456702,0.10506144927981839,1.3760680231211033,2.6281547056775314,0.6956949259117128,1.467660341572441,1.1008078241820975,0.8210555407396171,1.0619134401495556,1.520760653200388,1.499269568738384,1.0212055849141757,0.8178739001122788,1.3653598746685531,1.673891993819914,0.7867102658674884,0.8512495710885644,1.2220662720079913,0.870121267876933,1.0504653522455736,1.4578284861209152,0.7606387310767938,0.8026759587041415,1.185847241431401,0.5972051388676514,0.7644804264093316,0.7659869490982615,0.7681286991358945,0.9165244014129744,1.65838503822473,1.3257806443878055,0.420167136916053,1.0996940701481437,0.7026566648081823,0.8587417379295509,0.8027046734966548,1.2610552151521643,1.037540859975353,0.928781252454762,0.8015905546466559,0.9905338739079096,1.0879365420184834,1.0136493856414752,1.0707153093718924,-0.01949530434491914
1.702576704019838,1.9284897054972163,1.3270129896942677,0.9940169587550671,1.0340389907389034,0.995406809336456,1.8035603510195402,1.843946878802786,1.1206599930303416,2.0881808244284987,1.7034365538480554,1.2234271544215387,1.051145393392608,1.1814971616081307,0.11575046217139386,1.3067091503187023,2.545337764930788,0.67180435717489,1.5587435972370562,1.1110329735942677,0.777100411457202,1.140492861026074,1.5861401073542691,1.499269568738384,1.0212055849141757,0.8178739001122788,1.3653598746685531,1.673891993819914,0.799839101774336,0.8726218347621789,1.2487036697178324,0.9148371907795496,1.1448718711506924,1.4998172713885671,0.8098021013773712,0.8671658590767622,1.1992212882514783,0.6110412794722749,0.7474632469167233,0.7811984566013308,0.7510374768043843,0.8682033294962939,1.6978668143792222,1.3887034960686735,0.46344457300535147,1.1516303992588377,0.7251194858213901,0.8456253389433402,0.8115897685459604,1.213527666832322,0.9809810397436944,0.928781252454762,0.8015905546466559,0.9905338739079096,1.0879365420184834,1.0136493856414752,1.0391819907773692,-0.02419851480705388
1.682477356766035,1.9276374512767949,1.5326485525694271,1.0146596356004056,1.0227472980599577,0.9808811325672688,1.7923169857243646,1.8988805676347638,1.198317198090706,2.144905615594954,1.67931847551698,1.243223861909877,0.9983918398460894,1.2444523897322983,0.13453003716000117,1.2911915725070844,2.51612822869049,0.6472761752282985,1.4891224702313073,1.0832530412528005,0.7972243882310518,1.0834650510746373,1.5641055857749098,1.499269568738384,1.0212055849141757,0.8178739001122788,1.3653598746685531,1.673891993819914,0.7940611928201319,0.9218948408572074,1.1761714754558004,0.9208866471385898,1.1525402679463148,1.6387188952456426,0.836982962495429,0.8309807406067168,1.19281970116155,0.6251636308162887,0.7483945015160917,0.7697823749629154,0.7065081334103718,0.8891960356124523,1.638877306054746,1.360511435167692,0.47644035421544034,1.1229953568321207,0.6955530191426049,0.834144545939777,0.7970858877953809,1.2293170379616494,0.9513783847278173,0.928781252454762,0.8015905546466559,0.9905338739079096,1.0879365420184834,1.0136493856414752,1.0523849877108433,-0.03833268645383344
1.6162268147080838,1.8875950944090512,1.798393087474833,1.188123118507768,1.0221268404368307,1.1263275242446613,1.820967947926535,1.8454624498871033,1.2047011412109752,2.0706303183350414,1.6139057686987224,1.2789630607901141,0.9625455056610022,1.2733520523955721,0.1550883088148495,1.3012438493490037,2.498787336282571,0.6842673572101091,1.4643289686579029,1.0552290093649452,0.8016907850382581,1.1650141384578874,1.52254828482804,1.499269568738384,1.0212055849141757,0.8178739001122788,1.3653598746685531,1.673891993819914,0.812074586611414,0.918353178293198,1.2234919690669726,0.9152598747469717,1.1155756752191885,1.7485455647830572,0.858068457550809,0.8436850181259565,1.1727204583245723,0.5973670862686227,0.7635053465069301,0.8189370046005137,0.7398470322178662,0.8498414919892827,1.734902715986092,1.3260779026786222,0.45641260876815004,1.105654877184502,0.6588950579300059,0.9582549328402475,0.8073232374911432,1.258514579770118,0.900081688877251,0.928781252454762,0.8015905546466559,0.9905338739079096,1.0879365420184834,1.0136493856414752,1.0289348000923941,-0.03240903951635198
1.5785780974961874,1.8340337266766076,1.9306623901569755,1.163927463888356,1.0471798072726504,1.239080920370843,1.8453439460326209,1.8094839646051402,1.2469162194797472,2.018090963113168,1.5567460340073855,1.3023031999873111,0.9912892128367737,1.2359025571550333,0.1765077345838924,1.2563753889127347,2.4316803582297677,0.5818352681361537,1.4594216830255766,1.013552178662998,0.7570533927745319,1.126835600088216,1.5144111670749503,1.499269568738384,1.0212055849141757,0.8178739001122788,1.3653598746685531,1.673891993819914,0.8101946174155329,0.9218213544417851,1.0293139435758476,0.9432880250580229,1.1153013843999893,1.6877973426620594,0.8899542180173822,0.944874956084474,1.1943297375067063,0.6116024977177266,0.7473037653612017,0.8302068650406419,0.7049472043409486,0.8898278087368826,1.6232073042996797,1.3479586490576057,0.46668639272340856,1.2020041264635895,0.640345099443629,0.9803288520750236,0.8431320468760143,1.267082429029633,0.9274664057703538,0.928781252454762,0.8015905546466559,0.9905338739079096,1.0879365420184834,1.0136493856414752,1.0338671255420875,-0.046283047266819116
1.5605524569313554,1.754145412392163,1.757605040827618,1.2047899452595388,1.030341289691599,1.3811595970180255,1.849522909899999,1.8328345568550852,1.2341074830837606,1.9894898151301201,1.5887860105609153,1.3159861614823114,0.9948133253840687,1.2397158725007573,0.20623450667128718,1.278069666381306,2.4361869786046264,0.5746381730462515,1.4465133831722066,1.0733607371032219,0.7185335270503312,1.1276296253181597,1.5053913812907702,1.499269568738384,1.0212055849141757,0.8178739001122788,1.3653598746685531,1.673891993819914,0.7926783523658404,0.9188222949136616,0.7069303130809521,0.934584501028339,1.1694144991525928,1.6558292177991847,0.9140693498806355,0.9362519723513656,1.2062268345624139,0.644006790296629,0.7304668962236953,0.8769470890892094,0.7534507815357855,0.8570248044447304,1.7005908501148084,1.3713686657089688,0.5112582733464314,1.2228878044371299,0.6365012494479858,0.9918197954226807,0.8824403073882322,1.3098616162228043,0.9388197615936414,0.928781252454762,0.8015905546466559,0.9905338739079096,1.0879365420184834,1.0136493856414752,1.0094083921439045,-0.02844451338946282
1.6346771147336923,1.7136251079359792,2.1103930400075077,1.127015181390848,1.0895839291279141,1.4298807132395448,1.8247662547683698,1.7881630494056546,1.3242675364241914,1.961183994622401,1.558056380487621,1.263985169921332,0.9733547268470506,1.1024684560385554,1e-06,1.3315734873332465,2.412528076365674,0.5810355959313959,1.3969728116097735,1.0224660962601346,0.7060280057488685,1.1055653785473094,1.5918555527862015,1.499269568738384,1.0212055849141757,0.8178739001122788,1.3653598746685531,1.673891993819914,0.8183583012662207,0.9372587207670711,0.9059065773797245,1.0332380117012694,1.1946372821644695,1.5730439763807658,0.8997708213475384,0.942678098814708,1.2423438472050055,0.7486531852366037,0.7395081145433866,0.9065982094403559,0.736737944389009,0.842814381294882,1.8057914482637853,1.3897410164381516,0.5925429153304187,1.1970055152255241,0.6334900347064829,1.002412410451119,0.9536426524977824,1.326946042867827,0.9175912111179114,0.928781252454762,0.8015905546466559,0.9905338739079096,1.0879365420184834,1.0136493856414752,1.0056545106976988,-0.036690684188458736
1.7371839719120148,1.7726849816789805,1.4457880816300974,1.1167284497631722,1.1313362947965142,1.3155407540672766,1.8392506026452515,1.8327400742750193,1.3352144313634247,1.9745675433914196,1.6440872286205717,1.321269089810105,1.1050795708715553,1.1327717782190043,1e-06,1.2966796758657333,2.451437644494861,0.5347157445852376,1.4733592447173811,0.9836134198407122,0.7403530005118049,1.1282566068531608,1.6144892111535132,1.499269568738384,1.0212055849141757,0.8178739001122788,1.3653598746685531,1.673891993819914,0.7812362518449518,0.9218402796115673,1.0343510985505846,1.0552605784431408,1.2104919961816771,1.7147971912507853,0.915790651033152,0.9353854506132423,1.197156284453176,0.7400671327683587,0.7326528624008759,0.8834581519340069,0.7157374847109996,0.7938863108039117,1.6130878517979546,1.369696497603631,0.6614109136517018,1.1711565676939857,0.6027716034575106,0.9869791523471005,0.9151177539220903,1.3262432261067694,0.8654955174784899,0.928781252454762,0.8015905546466559,0.9905338739079096,1.0879365420184834,1.0136493856414752,0.9897198512520229,-0.03001540262723412
1.7344372774459944,1.7882597864192877,1.3613447465944293,1.0571200224796038,1.0963996830717984,1.5184432672945318,1.9275956882965781,1.8496259497491907,1.3669796950355884,1.9714567611996345,1.6709419230638394,1.366952726286852,1.075561501816357,1.102426342460765,1e-06,1.2376396144155755,2.563358505581345,0.5592291838649475,1.4689565089759344,0.9917906376349055,0.6995262086387427,1.1295804261286186,1.6494481491690982,1.499269568738384,1.0212055849141757,0.8178739001122788,1.3653598746685531,1.673891993819914,0.7367624078711492,0.8731521219654311,1.2688979586460924,1.0484354323372926,1.1826066592630666,1.6430417028696833,0.9121383298107925,0.9883714206501546,1.1433566081954418,0.7365546566245723,0.6963561074123479,0.8589437098033788,0.7233229534786636,0.8636817593974839,1.9116385988952243,1.3613910907158426,0.6298645379844189,1.1160381334578315,0.6246965793571794,0.9728410872197686,0.9186586154977174,1.3251499628009087,0.8499850500660961,0.928781252454762,0.8015905546466559,0.9905338739079096,1.0879365420184834,1.0136493856414752,1.0173250025488954,-0.011256785011843616
1.4649459448602276,1.6312535240905917,3.0755906785500065,0.9259967922428342,0.9332856452542694,2.881514910135265,1.644635905651811,1.578360297414625,1.22841162931767,1.8353193024158259,1.4604104915405902,1.1824888820051473,0.9778253590133182,1.0175064455053788,1e-06,1.069448423141724,2.138295582293271,0.49068235384442715,1.3019201473794006,0.8144165054513793,0.60661049937353,0.9768689816729748,1.427926832581491,2.4674782448854553,1.0212055849141757,0.8178739001122788,1.3653598746685531,1.673891993819914,0.814621337417068,1.0233344396083208,0.938409613362713,1.2145899807758729,1.3764947551642754,1.750804656197208,0.9674977106680642,1.0748407453239075,1.371533749832926,0.8298509882529622,0.7778553317735872,0.9835869045163838,0.8368602799608437,0.9734390142518479,2.0953801773317826,1.6057925809495557,0.7096430604367793,1.2691970614169328,0.6568122646284218,1.0762066116815265,1.0372380296993176,1.4984482166873705,1.0717020761719624,1e-06,0.8015905546466559,0.9905338739079096,1.0879365420184834,1.0136493856414752,1.0410251099174934,0.008830586757099166
1.6656963461565337,1.9584267784135483,1.0644318473271337,1.0210534720333337,1.0612186213148973,1.8425896781356421,1.8479928821006264,1.7955556370015258,1.3389862338902783,2.007000326700431,1.6226159110806782,1.3612430209351918,1.1106549813778837,1.2024318882074345,1e-06,1.1996756377406383,2.4473297834855514,0.5578977977259533,1.5157158440153038,0.8932067860727609,0.6927155664041,1.1127159248394112,1.659330774746274,1.0017833106117355,1.0212055849141757,0.8178739001122788,1.3653598746685531,1.673891993819914,0.6829590810199755,0.8722270434555295,1.2585612862738011,1.0496017632280925,1.159962668785947,1.5657816269890028,0.8113711956418249,0.9953543102146645,1.1841472835131444,0.726023677949758,0.744500627661572,0.8588119565319757,0.6828392662955306,0.8569539638176275,1.8607415429797949,1.3285655845488262,0.6131541356375694,1.0885990372788865,0.5415087294751518,0.9043972034287912,0.8992874571085658,1.2947572724758203,0.9569610264873283,1e-06,0.8015905546466559,0.9905338739079096,1.0879365420184834,1.0136493856414752,1.0765013164607264,0.010706440810199383
1.6613292906084285,1.9603488251150367,1.0644318473271337,1.0190890426166164,1.1091662540800618,1.190542505899208,1.8118769168015358,1.7502549250262636,1.3316655609858796,1.9842753334766716,1.549855261236563,1.423691553274667,1.091124551890914,1.2205982729269058,0.42736568342943665,1.2435332568620971,2.5942668060456118,0.5607069159742881,1.4934201072059456,0.8490809533066932,0.6742562907850911,1.1116611686609599,1.5857677127213203,1.01640006134255,1.0212055849141757,0.8178739001122788,1.3653598746685531,1.673891993819914,0.6572867603838448,0.8950354853025277,1.2585612862738011,1.0262171841868704,1.1488707964863956,1.0780491070735294,0.7716728766286196,1.0128822722443478,1.2073244759155495,0.7046979755474805,0.8289392335127771,0.873185320803751,0.7142001859613125,0.8213399357196832,1.5952136952931757,1.3297674182086145,0.5738233983074831,1.0702330878362925,0.5364696224212054,0.8802538137674062,0.866297449895376,1.2621503253645758,0.9195279265002391,0.23961282720406246,0.8015905546466559,0.9905338739079096,1.0879365420184834,1.0136493856414752,1.0926412552212774,-0.012999027739897712
1.7528828052978263,1.8998355461964582,1.0644318473271337,1.0357758881401247,1.1975604179331292,0.8427233512260492,1.7143434914433817,1.7351417061324066,1.3747559073818063,2.0758507689043673,1.5033049406369263,1.399413315216458,1.0932092310896857,1.31177996263685,0.3312260249821124,1.1996184288846001,2.581018182707765,0.5748332945167987,1.6004095518897201,0.8956828868343724,0.6863758702201576,1.135533779261845,1.5659204607472395,0.8106303217533654,1.0212055849141757,0.8178739001122788,1.3653598746685531,1.673891993819914,0.6201933442637079,0.8364814472418962,1.2585612862738011,1.034083824115529,1.0889173912237704,1.282477160068287,0.8124708507532549,0.9453968117975592,1.2159094931869159,0.6738972079367193,0.8086932172169721,0.9088197391252589,0.6843567896075987,0.8138468906059445,1.365611108375433,1.214753097580457,0.5304322852015498,1.0514509956658442,0.49990237915962304,0.8377446720128032,0.8470331654621894,1.241122377006942,0.938395197081239,0.37156143106665956,0.8015905546466559,0.9905338739079096,1.0879365420184834,1.0136493856414752,1.112899125573502,-0.02220401123293713
1.7551170201410926,1.8551409600039717,1.0644318473271337,1.003175519079848,1.169027702111759,1.1725075965892733,1.680951392956625,1.672900593719415,1.3574141362546848,2.084554978378888,1.4629336637256132,1.4475812874102953,1.1112279131320844,1.2377854764244471,0.4463131532424019,1.1663492643683702,2.4155834216001955,0.5784932522983084,1.6416497391348992,0.8780365891219948,0.6922357987588869,1.104449800212533,1.5261466193767415,1.1185956669689283,1.0212055849141757,0.8178739001122788,1.3653598746685531,1.673891993819914,0.6087505531715482,0.8673361418300028,1.2585612862738011,1.040327587425817,1.1148114125288875,1.3487050182549336,0.8688831244202613,0.9901016928433929,1.2219737596526605,0.6781856175426786,0.7799968237049695,0.886855336588704,0.6654741109773509,0.8698092029508695,1.5765170490473188,1.1645094390771227,0.49573028487676424,1.0786281239668718,0.4745825804464629,0.8615642955243257,0.8508429473651188,1.2599112598716515,0.9502149572470949,0.3162999693255712,0.8015905546466559,0.9905338739079096,1.0879365420184834,1.0136493856414752,1.105039511939266,-0.03307962351171694
1.83951692267093,1.856096481659777,1.0644318473271337,1.0506783068546597,1.1530838009554423,1.0916182611872396,1.6451690762751356,1.701583389210339,1.3179828647435963,2.0081584761758804,1.5156094486683833,1.3788789071063308,1.0918622540821905,1.2301987488521966,0.3774996483287192,1.087492030318487,2.4242497243031758,0.5747663878378031,1.5937102945686714,0.8647279289327726,0.6995383796805025,1.1231041611808854,1.5063898774730158,1.6105867501649898,1.0212055849141757,0.8178739001122788,1.3653598746685531,1.673891993819914,0.6305813023258788,0.8748391545092944,1.2585612862738011,1.0403025179423366,1.0999053740255713,1.2786075175169473,0.9317314735670507,1.0274062589655013,1.2254165195871072,0.6554066878002184,0.7678781639097711,0.834142793553357,0.6654013121660686,0.8714018137401414,1.5531719931095609,1.1733938964865283,0.476568074561094,1.0922445769512727,0.4583503868661812,0.8357310969077978,0.8595945406039338,1.2671357167842672,0.9724734575038221,0.6291310074040884,0.8015905546466559,0.9905338739079096,1.0879365420184834,1.0136493856414752,1.097632914267593,-0.012953143685114438
1.874379844627102,1.8187245941024812,1.0644318473271337,0.9896315552175029,1.17506288812217,0.957760821637127,1.6440750053001878,1.7175846776903252,1.307934086875355,1.9402126287826953,1.4795514584832443,1.3832357223194371,1.0540372143787404,1.2332582948746311,0.32054842258925814,1.0992133935621466,2.4601088554250294,0.5623684069977039,1.616728672670703,0.8931901076590966,0.6902627440580328,1.13094446303806,1.4512299706057916,1.7049830461357494,1.0212055849141757,0.8178739001122788,1.3653598746685531,1.673891993819914,0.6460360688638054,0.8909306010720843,1.2585612862738011,1.0414763443415513,1.1033716761502388,1.164546342273577,0.9176026026503592,1.0541116804865442,1.2475635441428854,0.662017620861654,0.7495250908133909,0.8471150006674139,0.6389738982075673,0.8523212256174659,1.409675179492455,1.1997699440509297,0.5087564296685336,1.089716615789085,0.4710459155858858,0.8449151701412847,0.8589260176179392,1.2826327227972756,0.9602879014177792,0.6020857813958179,0.8015905546466559,0.9905338739079096,1.0879365420184834,1.0136493856414752,1.1035587097988122,-0.02479342274373553
2.0051297944064386,1.8089457642981943,1.0644318473271337,0.9914351094669702,1.2297724065660038,0.8843155671699431,1.6742126753732853,1.8621380645324526,1.3242116582397254,1.9603159240486399,1.5297737247821472,1.401807526181619,0.9982011442870289,1.210589591794352,0.27688655670988516,1.0847541587388614,2.4775435988831087,0.5660237172688066,1.636255138161541,0.9761720871514766,0.6909919072886495,1.1302713937311322,1.3764702310817034,1.5643642669951527,1.0212055849141757,0.8178739001122788,1.3653598746685531,1.673891993819914,0.6236972059805166,0.8520559538977219,1.2585612862738011,1.0123490127182477,1.0879870657769293,1.442948743712343,0.9347567889908327,1.0580671631879672,1.2622497574910159,0.7316909096993913,0.780880968446343,0.9021097137464802,0.6263296037287163,0.8308603547843761,1.2655793924721586,1.1498287878719835,0.4904586201674894,1.0999026030719619,0.4482019888322773,0.8680828755266725,0.8415845373417382,1.267619592989889,0.9470105926562001,0.5877950512066418,0.8015905546466559,0.9905338739079096,1.0879365420184834,1.0136493856414752,1.096168201288159,0.004084429133946325
2.1034995911600087,1.7534214474887464,1.0644318473271337,1.0210982449453323,1.2011450274099864,1.3774706661348457,1.607931902272824,1.8431090251633375,1.3110216403939354,1.9264914757057852,1.5704990717321832,1.3695570369902799,1.0107779271903572,1.202670318359456,0.2545101858818416,1.086484897736035,2.5374830900954763,0.5643559804283257,1.8021235445107053,0.9682408549630294,0.6732720579591481,1.142718461861949,1.3569996373751156,1.4613916647140301,1.0212055849141757,0.8178739001122788,1.3653598746685531,1.673891993819914,0.584900337943429,0.8217851776608217,1.2585612862738011,1.0378619299886613,1.081295721634192,1.473304133427916,0.9044309114696596,1.0484431012925746,1.2419929670214935,0.833746284182917,0.7936901456597372,0.9218031500676007,0.6894011934477838,0.9416404513611274,1.5469375534613183,1.1796461869272774,0.5040527794887137,1.1107762749993728,0.45398741759446426,0.8611641214753802,0.8521420039246631,1.2699601531410962,0.9321015258604992,0.6552797774123024,0.8015905546466559,0.9905338739079096,1.0879365420184834,1.0136493856414752,1.0741618169221212,0.003213526121924598
2.1717592605593974,1.8834598067352664,1.0644318473271337,1.1325947350671655,1.2480195742508673,1.19432322620117,1.5958342110258312,1.817666079232068,1.3218832798131963,1.9865059849676607,1.6170225031681784,1.3687269184643602,1.08004339174852,1.2301292840744225,0.356707605943663,1.0820320731569517,2.486976775662092,0.5668871638216529,1.840130598600418,1.0289384468790332,0.6942059946533178,1.1816875654437895,1.3877813824411072,1.42365457869697,1.0212055849141757,0.8178739001122788,1.3653598746685531,1.673891993819914,0.6234805313983773,0.8159511588799916,1.2585612862738011,1.0187118197525489,1.0075277794250352,1.3992060080882138,0.9398782680887661,1.0466489431801453,1.2597777270548312,0.7890041654087268,0.7338555137474483,0.9808146171597245,0.69926392700122,0.9523850376344176,1.548677875000042,1.1289675489083417,0.5361183299149528,1.0858955968629085,0.4355516330410353,0.865659207793973,0.8495203456625002,1.2635001090617917,0.9253175396905842,0.8013648420287481,0.8015905546466559,0.9905338739079096,1.0879365420184834,1.0136493856414752,1.0445174052077755,0.010350674538942048
2.1987903267104083,1.9723485825320284,1.0644318473271337,1.1595459530368026,1.3180901011826018,1.1133575774649669,1.540504571079556,1.8099788530855943,1.3331135720811962,1.9762886139431541,1.5956132152452407,1.3220350385761004,1.0753266687456686,1.1801399962691232,0.5553849117372399,1.0889023767850534,2.5324320557549256,0.5760379960637755,1.8199250793625847,0.9994520320383443,0.680880614746212,1.2045058429018596,1.3919456308625677,1.2940911408206748,1.0212055849141757,0.8178739001122788,1.3653598746685531,1.673891993819914,0.6723047446972633,0.8297573427318827,1.2585612862738011,1.0033767126653987,0.9863067821206097,1.3015590322648873,0.9233953043968127,1.0256910014647636,1.2647499013109258,0.7981863598803102,0.7177277876981363,0.9842422697306504,0.7023346526339374,0.9031665881318138,1.4969735166162914,1.0947355121503,0.5008553182543076,1.0913526774704565,0.44729607654388337,0.8948964238682786,0.8342705294943522,1.2783532682918402,0.9135448196728895,0.9009549949583926,0.8015905546466559,0.9905338739079096,1.0879365420184834,1.0136493856414752,1.0399739824466319,-0.014350979460979813
2.21716732294416,1.8327332954110567,1.0644318473271337,1.1977095526252997,1.341588179953284,1.3707050414261195,1.5246209561496151,1.7158698072626648,1.3617044921303785,1.8661559661913099,1.5141324609037519,1.315211941538202,1.0035705097568806,1.1399756417842666,0.6732573502835956,1.0295667673433784,2.4467785668278332,0.567335114078969,1.8154085029735463,0.9588850986324714,0.6420438012495692,1.1722204768676328,1.3482509878800784,1.3976002152397424,1.0212055849141757,0.8178739001122788,1.3653598746685531,1.673891993819914,0.641419708807519,0.8344189490118735,1.2585612862738011,1.0349175036183125,1.0318567563248637,1.200097084213621,0.9287096727318278,1.0494549661052097,1.2982313230325562,0.8634485483733761,0.7598099669613289,0.9592810642120873,0.7215383135194084,0.9210139983415154,1.4331648114708038,1.1189168556381888,0.490617531979734,1.1011957011951428,0.42852389512206235,0.8506174724398747,0.8432222910160041,1.294849098256987,0.9312170648269666,1.0010042124787644,0.8015905546466559,0.9905338739079096,1.0879365420184834,1.0136493856414752,1.082311339969986,0.0001106692557564994
2.271838976712069,1.8557387888876862,1.0644318473271337,1.2172039770142657,1.3143229056984083,1.4407824709564372,1.5268765026679851,1.8068510355301208,1.296665889918012,1.8690368264152373,1.5296545401637638,1.3502734238438665,0.9769095804428021,1.1062897172731982,0.6365138070450008,1.004746404151955,2.4664151166486867,0.564968197098512,1.8004936690281281,0.9280439371840176,0.6475535299277283,1.198674050589609,1.3182888721812993,1.389971774489112,1.0212055849141757,0.8178739001122788,1.3653598746685531,1.673891993819914,0.626145779242029,0.8200266343562371,1.2585612862738011,1.0297864856728471,1.0395202104753114,1.3037145665661591,0.9313884608267702,1.0620535694956972,1.29194188440284,0.8429211609667216,0.7251917736926391,0.9538194074644714,0.6861356007762018,0.9038976239985409,1.2992786649926538,1.1417981797673695,0.49091364312724095,1.0958700141364972,0.4274777636320875,0.8205047699587618,0.8397876307069229,1.2573962415627644,0.8925460910645817,0.930331935693192,0.8015905546466559,0.9905338739079096,1.0879365420184834,1.0136493856414752,1.0907137268417617,-0.012297080692436721
2.3418242024680995,1.9133294903933404,1.0644318473271337,1.1728995001337361,1.2663955674753438,1.4595770867853617,1.5447333722179672,1.787801216022242,1.2960990942137143,1.9319340875166193,1.5759792973173097,1.3534832369831977,0.99064851818987,1.1155347543726513,0.634926991384861,1.017371290950256,2.4753508081880904,0.5743781298178534,1.8194783719298735,0.8787536414414374,0.6384656204609125,1.190353465131927,1.3008191164202196,1.2818898563045527,1.0212055849141757,0.8178739001122788,1.3653598746685531,1.673891993819914,0.6253404643287357,0.8334017458727815,1.2585612862738011,1.007071001089274,1.0219742537313468,1.2702458663202105,0.8973526095423907,1.0807833310813058,1.2820982996897665,0.8611754525663717,0.7544253556697177,0.9385139012489255,0.6655712825781629,0.9484648118809117,1.297957635352484,1.1375119506978633,0.4948393274608225,1.0714223647477916,0.46728035011877816,0.7944035153887493,0.8398482368018165,1.2676105037726828,0.8545817573639557,0.9469400847006283,0.8015905546466559,0.9905338739079096,1.0879365420184834,1.0136493856414752,1.098557580973454,-0.012448085768042114
2.2817991830471667,1.9286627831035954,1.0644318473271337,1.1272700326851735,1.2290163143422266,1.4517385526400732,1.573887552639279,1.7799433864185599,1.268846918956447,1.8804144711780275,1.5702796229985712,1.3838611354019552,0.9904172183708465,1.137338752196367,0.5870291761548138,1.0301724436466173,2.4891137262625573,0.5576453467062731,1.8204664515959341,0.8602279826476198,0.6481170448413519,1.1897036936018208,1.3031970963339155,1.3587938311668384,1.0212055849141757,0.8178739001122788,1.3653598746685531,1.673891993819914,0.61182495134344,0.8291267874508814,1.2585612862738011,0.9989238675008671,0.9714803404921533,1.2639114287521207,0.8816945210408026,1.0803317000271802,1.2244396231948997,0.8234859204205683,0.7709624927184245,0.9241770866139852,0.6692704990217578,0.9430751827037346,1.3193484676329548,1.1418932613032515,0.5003937661602196,1.061429800234715,0.4644093395512303,0.7717301018527137,0.8450533044159828,1.2601079619574094,0.8687510375147913,0.9567201707424123,0.8015905546466559,0.9905338739079096,1.0879365420184834,1.0136493856414752,1.118249692286966,0.007056942580398477
2.2282800431507295,1.8501596374218832,1.0644318473271337,1.0697532196788564,1.2980929986999292,1.4426901097877503,1.5754758596082519,1.8186357358258576,1.2209663248787388,1.7873617610323205,1.5959186698840468,1.3362474625117318,0.9849685255711383,1.1366709044592889,0.5041667932647723,1.0045268957437645,2.590074161637558,0.5446840511600514,1.8513497501684868,0.8407769310653515,0.6561138930716016,1.2050011320605216,1.3220229146391573,1.3532324460072171,1.0212055849141757,0.8178739001122788,1.3653598746685531,1.673891993819914,0.5901742052610028,0.7907524742449664,1.2585612862738011,0.9456901753957125,0.953002549299885,1.2568492901408315,0.8752930493665443,1.054232900129899,1.24960354090472,0.7978345108548198,0.7475138152695864,0.8871359794748408,0.6604400169987247,0.9746538683223951,1.2586577879507848,1.1602252852468558,0.4744637291320652,1.0539520696157008,0.4948602604087527,0.7376216081627034,0.8507706693799643,1.2398143785285238,0.971319808545202,0.9543638286119595,0.8015905546466559,0.9905338739079096,1.0879365420184834,1.0136493856414752,1.1464853676492877,0.01180756651942884
2.2458497100618797,1.7923843201388163,1.0644318473271337,1.0758741608200486,1.3131040431514256,1.4397797342690883,1.6133472857891809,1.9099974038574465,1.2087409934270175,1.7853028843671415,1.6739025392102054,1.333391683358261,0.9495011883547753,1.1561066997343201,0.5046995735390838,1.0371490890053463,2.723081055953607,0.5530218223610359,1.7709052130834837,0.8345096287323315,0.6560978244001107,1.2024778181497058,1.323357267674724,1.3546811878552267,1.0212055849141757,0.8178739001122788,1.3653598746685531,1.673891993819914,0.6154597010394316,0.7916280498881607,1.2585612862738011,0.9459946526932268,0.9726341274973829,1.2463162268281043,0.8739425841092683,1.123547490917144,1.2613877538917664,0.7944363305760724,0.7199163569967995,0.8858853866450779,0.6627583711214041,0.9529341384791825,1.2520613860577081,1.1624736969518423,0.5105795533534206,1.0512287967125433,0.4777191162076974,0.6890465579134744,0.8498626049424797,1.2589684437800854,1.024214563081532,0.9560266943307638,0.8015905546466559,0.9905338739079096,1.0879365420184834,1.0136493856414752,1.1361702967873093,0.008592557757295482
2.1869427727474213,1.8931052905306294,1.0644318473271337,1.0811960317921718,1.3114524441476276,1.4156233935150146,1.5974925154842565,1.8955308757275413,1.2138845026702718,1.7416221639321492,1.7658426951007244,1.349832301896565,0.9407311702381527,1.1747071121208768,0.4502783668302713,1.124743079027774,2.7364248476416675,0.5930328124006349,1.8221503019651208,0.7949120401118225,0.6642456891523643,1.238423264998451,1.3237542411542895,1.2869472215271096,1.0212055849141757,0.8178739001122788,1.3653598746685531,1.673891993819914,0.6075601813835804,0.8455978288284267,1.2585612862738011,0.9424104587139656,0.9879371528687106,1.3182699858187266,0.8527074942202013,1.0592602137274447,1.2426722057354158,0.7909024444286661,0.7092984395325882,0.9099223149835014,0.6095136992871197,0.9571435035678089,1.400098558555499,1.140800597921769,0.5074799095712599,1.0363166313591736,0.4821526529509522,0.6612501782067856,0.8429815760267043,1.208732358072715,1.0117766002256166,1.0000608103934567,0.8015905546466559,0.9905338739079096,1.0879365420184834,1.0136493856414752,1.1346541395573762,0.008516999615482487
2.232984834083502,1.9191839436884275,1.0644318473271337,1.066670984584202,1.3502030034591201,1.198053778775385,1.4843108219957075,1.849024824972206,1.2135522289839409,1.7399603188440846,1.722600918144403,1.298253696712666,1.1058236961412604,1.2188874766552031,0.4390234704265986,1.0854288605116469,2.5851208746414462,0.5661851660751616,1.8144518933719063,0.7682824727240857,0.619659189339988,1.2341877549837759,1.399773495361856,1.2909634747917564,1.0212055849141757,0.8178739001122788,1.3653598746685531,1.673891993819914,0.6472168354282927,0.8887236301102784,1.2585612862738011,1.0511458893569563,1.069918364119062,1.2363630943235695,0.788680743190935,1.0731652341824613,1.255803383393448,0.8160037828580073,0.7402125173580603,0.9487727241181635,0.679333793038054,1.0665752894197722,1.4154373001544345,1.1737761309708616,0.4989344556712712,1.077550216409891,0.5236109488625912,0.6492353902752925,0.8583891447082918,1.1636722767227448,1.01497111296789,0.9116099215178584,0.8015905546466559,0.9905338739079096,1.0879365420184834,1.0136493856414752,1.139733484952245,0.005895155149230649
2.245701269060118,1.854154042761542,1.0644318473271337,1.0727058084193017,1.3465313753276527,1.1161119808928766,1.4471706402987377,1.8454969956238807,1.1570633120504648,1.694241003769409,1.7020589952050331,1.3173639083190147,1.0605551702775595,1.159866251763197,0.5510797740277167,1.3373491268271782,2.4915818242203582,0.5353167660320138,1.734500506741449,0.9101278390109138,0.629062837894684,1.1186589081822784,1.3953323130117428,1.1297812693120683,1.0212055849141757,0.8178739001122788,1.3653598746685531,1.673891993819914,0.6172641632310724,0.859861118234611,1.2585612862738011,1.0495646609597973,1.0356675937387831,1.1749011865019587,0.7746827126100205,1.077923344425391,1.214972312872894,0.8802123794737885,0.7459624895254987,0.9680226279193159,0.6904094155292824,1.1268387142633594,1.2818030747917561,1.2434744439681815,0.4591974802570029,1.0216875461975787,0.4973601918266243,0.5658315440333547,0.8630412561114281,1.1355978429072895,1.0024771332059714,1.1185368501572799,0.8015905546466559,0.9905338739079096,1.0879365420184834,1.0136493856414752,1.1799022370010588,-5.2062379729335206e-05
2.2957385907221672,1.7564501174463685,1.0644318473271337,1.0393456810198813,1.352101732015428,0.9615341286649041,1.5547215486247596,1.878099275278454,1.1607973972346184,1.7153288120619967,1.7030294336976017,1.2874617852762928,1.0945242719468944,1.0816750013180059,0.7859582687192127,1.3497320865337854,2.3426897002082407,0.5479877579465665,1.7695870053097151,0.9961408457795785,0.6202732017426335,1.1692101940439874,1.391752068538548,1.1667047574340923,1.0212055849141757,0.8178739001122788,1.3653598746685531,1.673891993819914,0.6227350333203936,0.9062396019161427,1.2585612862738011,1.0897410802130614,1.0358728110681394,1.3398338559301677,0.8150821429160309,1.196475098078345,1.1337353492473716,0.8065550353808634,0.7622608790236423,0.9197040677886879,0.6912302483725118,1.106164711585628,1.2190673867951949,1.1589814811481094,0.4916936312678684,1.044678297824608,0.5169652297150278,0.5878359389775748,0.8639112572413314,1.0722749715748117,1.0087976147504616,1.2491993776649584,0.8015905546466559,0.9905338739079096,1.0879365420184834,1.0136493856414752,1.139983206775118,0.02434301171027197
2.333862725958761,1.666863158423022,1.0644318473271337,0.876114636915184,1.3109095028601463,0.7846946893939808,1.516371474743753,1.8765128236917539,1.2831125365207603,1.7290769908373838,1.5915398400278762,1.2771619387131918,1.0888575589382012,1.1019046820524272,0.8036147083302311,1.3663692318597283,2.2978336982099523,0.47194361472037705,1.8196008925484293,1.0275013756646165,0.5755651839179563,1.1132400137685206,1.410406297868955,1.1165362304306692,1.0212055849141757,0.8178739001122788,1.3653598746685531,1.673891993819914,0.6286126109317591,0.8769610090257234,1.2585612862738011,0.9107787558234335,1.0811764295501451,1.1375956958374958,0.8225474058796033,1.1941218939707041,1.1515747252125117,0.8176889885868645,0.7453919650060005,0.9149118606386012,0.6767871405217297,1.186031874457674,1.2087464763250233,1.1679692524049958,0.46755350363327725,1.144929213102692,0.4918038591544128,0.6001220742621138,0.8772998656596616,1.0316495172522695,1.02375809225017,1.178310301705325,0.8015905546466559,0.9905338739079096,1.0879365420184834,1.0136493856414752,1.1552959726242267,-0.024822154491502203
2.2087944305535685,1.6570722754102252,1.0644318473271337,0.852247465821921,1.2111867040029287,0.7195749619538773,1.5531215203645128,1.8085299692980144,1.2930233983160726,1.5672082067509603,1.6024890911698197,1.4052482704398175,1.1660082073303142,1.1900513133459356,0.7802224562283399,1.5291583122435553,2.418706126076055,0.3935663258090799,1.8250197715930143,0.963718325436273,0.5820404963900383,1.1409867604467825,1.4111235441950503,1.0129737270324197,1.0212055849141757,0.8178739001122788,1.3653598746685531,1.673891993819914,0.5593744298109351,0.8851251684176489,1.2585612862738011,0.8888065183223631,1.0430639900194711,1.1905595105290794,0.9193003566553652,1.1308512633011125,1.1614275927484108,0.8228997405785533,0.6923612506061618,1.0265864812976155,0.6740838557523976,1.1062346160963359,1.2922527488602222,1.0821319327926786,0.45572063779434685,1.1515967639276523,0.49709408576744407,0.6073284622475635,0.887636076600544,0.9939673174614492,1.1827155670804783,1.1166039032941733,0.8015905546466559,0.9905338739079096,1.0879365420184834,1.0136493856414752,1.1345348237696082,-0.05307575363299153
2.240495494398231,1.6309248663206455,1.0644318473271337,1.0223692669387179,1.1366396923566158,0.7370790275668673,1.5192781342255628,1.7921613441211166,1.2302395992000323,1.6068194096117339,1.6389351137450654,1.196246855354931,1.0469057063382434,1.1495534245713146,0.8382060990639011,1.5178278505475036,2.4170973364172266,0.3924764543374216,1.737244892603997,1.0390724078269638,0.6699526345354594,1.1397473426540552,1.4396674255407969,1.0419488001137756,1.0212055849141757,0.8178739001122788,1.3653598746685531,1.673891993819914,0.59370613962911,0.914017136197415,1.2585612862738011,0.8463246203235213,1.0260715635238284,1.11685412677758,1.006621858621665,1.1765657025876575,1.056575799193518,0.7838088538866971,0.7147611327823965,1.046139107660834,0.8426469444029658,1.1469579555077425,1.3106317051942915,1.0876814803670267,0.46925673504555865,1.189021755243323,0.4916964844682279,0.571895368021037,0.9472552882353643,1.023130430660625,1.2124396359348644,1.1451268182370502,0.8015905546466559,0.9905338739079096,1.0879365420184834,1.0136493856414752,1.099161221927965,-0.027496789418261884
2.38222342071048,1.5642751706095062,1.0644318473271337,0.9475310414523134,1.335779974749438,0.7543374663275177,1.6528127279064102,1.7637174904466297,1.1753931155375,1.6927217001309696,1.6725877448469284,1.1629188660125687,1.0284666142291372,1.0415685048892767,0.7430671524372193,1.4692167337094317,2.3302714591897398,0.3437180890195629,1.7103792354196534,1.0989334432217195,0.6600293229869559,1.187270360221197,1.337631166674595,1.0155362428112094,1.0212055849141757,0.8178739001122788,1.3653598746685531,1.673891993819914,0.5215818495032315,0.9191207482612359,1.2585612862738011,0.7881137824819822,1.0191551137748187,1.2846655129221853,0.9317483604044822,1.230801303629484,1.0759054123642768,0.8337670387156237,0.736943591621848,1.068184326862223,0.8554698778196985,1.1730676094329144,1.297906727562738,0.993566109641209,0.5891935001601019,1.2042100611437065,0.48035624595707943,0.6220896693704867,0.9533599310885474,1.0152260141762064,1.5116339691313885,1.1315975378763703,0.8015905546466559,0.9905338739079096,1.0879365420184834,1.0136493856414752,1.092289981336537,0.0045716392348460165
2.431583839879315,1.607056854380317,1.0644318473271337,0.892045440175731,1.3397325574382841,0.7194627647119463,1.6944487275093323,1.688982425622311,1.2759586263953124,1.5935648684206312,1.6674799792488646,1.4183265708105737,0.9937258071741838,1.0244301264180165,0.7653908215916686,1.4215593934796815,2.257840500121135,0.37013886066632634,1.9300695863476198,1.0626739778894911,0.5465809616487721,1.3064670328377206,1.2723176335921997,0.945342871991714,1.0212055849141757,0.8178739001122788,1.3653598746685531,1.673891993819914,0.5270353658297783,0.8952859445882625,1.2585612862738011,0.9142918597715078,1.0198022740414012,1.153260866429285,0.9485474904926724,1.117424339068576,1.027251314937626,0.8098680141668756,0.7391585507716876,0.9669922119830712,0.8986800709046867,1.0729058923837054,1.3163328437578026,1.1197664334175614,0.5588119163507711,1.178526239395211,0.4687730055105846,0.637515943321296,0.999051425817286,1.0870861650708863,1.440601743909852,1.1644038390079827,0.8015905546466559,0.9905338739079096,1.0879365420184834,1.0136493856414752,1.0675520753133225,0.020762178525709697
2.3436441782341,1.5038082618759896,1.0644318473271337,0.8691134300878557,1.3611966144402163,0.7667812177672296,1.81685495251867,1.667369466472481,1.3146391970136115,1.55424969193462,1.705512247568627,1.3705284468293852,0.9764370166488057,0.9295238241266878,0.7912556284914217,1.3747084663514717,2.3023052525386114,0.3911955236234838,1.9299168857113258,1.1208978863520758,0.5163928176869493,1.3126984624813642,1.2334210969849615,1.0430795142345675,1.0212055849141757,0.8178739001122788,1.3653598746685531,1.673891993819914,0.4723986754369135,0.8397545740238751,1.2585612862738011,0.9070638403576157,0.9650207875744169,1.3044977585839996,0.8992013002859681,1.1155039659965933,0.9874168139634133,0.8797954248675014,0.8030871797426462,0.9539028738722639,0.92058992056518,1.207895227122698,1.4031646332791021,1.1128694971058177,0.5645255769996443,1.1536753774743083,0.4890839857491405,0.6527436587832941,1.0007803928303554,1.1461630789962105,1.4547251507654386,1.1528396317175615,0.8015905546466559,0.9905338739079096,1.0879365420184834,1.0136493856414752,1.0912373433128493,0.01586442545087394
2.356464755902384,1.54619141239884,1.0644318473271337,0.8271334578722902,1.393331238392456,0.8407099813844563,1.8203255125246496,1.5992880684644506,1.2849730825098076,1.644918662530484,1.7041209986433206,1.4314290541059431,0.9591768070377473,0.8958333977553874,0.7881144157136543,1.3501988476135842,2.277221557732714,0.409618400829021,1.8953428208408793,1.106373327676931,0.5670194670874219,1.3334887454902473,1.187531045118453,1.1183241921999436,1.0212055849141757,0.8178739001122788,1.3653598746685531,1.673891993819914,0.4556709926909335,0.8352323880985104,1.2585612862738011,0.9259176483270664,0.9669857093239141,1.2618728405660158,0.9687975269697406,1.1075607399311893,0.9418333443601432,0.9103007355058591,0.7445244139433945,0.9307477218418762,0.9138156856729884,1.2109214502801795,1.4065736442779966,1.1515218381690764,0.562393159405574,1.2189238029115408,0.47265516885867725,0.6071587880034441,1.0822177217382811,1.1543017828725646,1.4896613305268689,1.1127812138758002,0.8015905546466559,0.9905338739079096,1.0879365420184834,1.0136493856414752,1.085591244262117,0.032389583348954025
2.3346233286566958,1.533038940816704,1.0644318473271337,0.8301610403262267,1.3593108249604735,0.8234044054017615,1.9170217068673108,1.5965300490026784,1.2266838070856696,1.6660484761154346,1.6229116810298814,1.409312297862415,0.8405772482009972,0.9061462008735128,0.7493170880091632,1.3580777574235057,2.1747435261497188,0.40756164340516815,1.929676053316829,1.1406288791822785,0.6206438551557579,1.6407749021295202,1.3152532020612417,1.1162858020170305,1.0212055849141757,0.8178739001122788,1.3653598746685531,1.673891993819914,0.40889434621535475,0.8841885697538525,1.2585612862738011,0.934465793030609,0.9009427058979963,1.230683974919712,0.9241395217290095,1.1054676990444672,0.9641923782435657,0.9249459294394574,0.7098484697628581,0.9151261814367361,0.8997464990814555,1.1776548376816982,1.3591942525686735,1.1619859680444224,0.5269392004325718,1.3193922346775484,0.49124765533665854,0.699085643434211,1.1415977871255374,1.2419224142592173,1.503172731386227,1.1364094090698194,0.8015905546466559,0.9905338739079096,1.0879365420184834,1.0136493856414752,1.0792207032559316,0.04427128631543602
2.351046549673005,1.5310753616490411,1.0644318473271337,0.8954708490439323,1.4748699581758284,0.8220623368047758,2.033583039682704,1.5623140134933804,1.2147111193850744,1.6071335738032382,1.5414812971593121,1.3993753124734922,0.8305533374888361,0.9812966233978515,0.7498305280407758,1.2822997425653049,2.1504195499828995,0.4044090773037438,1.8936085752035887,1.1241059296051927,0.5349265687994087,1.7808301948058214,1.2933207855740874,1.319835991523836,1.0212055849141757,0.8178739001122788,1.3653598746685531,1.673891993819914,0.39487190263828664,0.8849589722207427,1.2585612862738011,0.9576832720198409,0.8312613870735269,1.2167167261020273,0.9163675028056416,1.0474433284261515,1.0144634684986766,0.9087404761053814,0.7675551759644605,0.9362257397019516,0.8848261887081477,1.232443923762074,1.333172928901411,1.0950576827516258,0.47519038131644453,1.2820121818883692,0.6282237290990491,0.688630558908273,1.318013440414089,1.3033746087900293,1.4719403365325816,1.0789383312796004,0.8015905546466559,0.9905338739079096,1.0879365420184834,1.0136493856414752,1.0980879062520021,0.037321064166759656
2.4329037185966924,1.4629547706791592,1.0644318473271337,0.8473797380598154,1.4485305039455536,0.7451740799839731,2.0600801128139716,1.5777042216351507,1.2444359731690176,1.5222164900050872,1.5002083252786245,1.3689604774796622,0.8831827765054858,0.9883264878448885,0.8250303597608906,1.2577995459439641,2.227701926126764,0.4601574680525622,2.145284561247379,1.14155979974492,0.5394261444487359,1.737699144102434,1.3604797605503436,1.3544232887475758,1.0212055849141757,0.8178739001122788,1.3653598746685531,1.673891993819914,0.4424075575936178,0.9084690755835019,1.2585612862738011,0.9890365241955353,0.8391486710780406,1.281025957321645,0.8877309317943837,1.0412730488124198,1.0060861195338986,0.9234508802408005,0.8133313526039055,1.0149905956747631,0.8137449888892152,1.1732910239457264,1.2785011861328155,1.225740611002288,0.5099824226210472,1.0850511877594564,0.5973658616672337,0.7068316430210454,1.2989828240276602,1.2989190839042686,1.4434735290854042,1.0169493766162838,0.8015905546466559,0.9905338739079096,1.0879365420184834,1.0136493856414752,1.068863539358185,0.07632875401483069
2.4720730813999197,1.4164492820323757,1.0644318473271337,0.8398574214849456,1.3759617578330796,0.754357475119906,2.0567124314790908,1.5057501796434007,1.258385629614238,1.5342517174331964,1.5846193777563808,1.352652989760379,0.8536984891992797,0.982656272238347,0.8951709177855136,1.2240554526185412,2.277740498285947,0.4246049458215904,2.1863513581159992,1.1331608163516687,0.47425407989482077,1.281113727159845,1.3555641984789104,1.3654724059985262,1.0212055849141757,0.8178739001122788,1.3653598746685531,1.673891993819914,0.4197355070342593,0.9071115424682133,1.2585612862738011,0.9493396227959272,0.821184809681822,1.275986516664877,0.8772267165947051,1.0546200534448116,0.9366869890051033,1.0088595190177394,0.8067613536494248,1.0047935923495372,0.8291014789865637,1.1394320148469557,1.3006465933436828,1.1442257137908352,0.494695984011992,1.040132064224896,0.6810399238827252,0.6901372318604363,1.1686242711877048,1.3647948899774462,1.4335151686786094,1.0103299561111643,0.8015905546466559,0.9905338739079096,1.0879365420184834,1.0136493856414752,1.0890476375322247,0.0819771626129617
2.4161398921666972,1.364783017398642,1.0644318473271337,0.90440483265265,1.400189606890855,0.7933586952347607,1.9654462071559398,1.4145976221407288,1.3233328331250456,1.5168321632979702,1.638067278755621,1.2607424535783902,0.9267106741734578,0.9738386979130303,0.8472725069909478,1.2405391275199575,2.419835846608731,0.48575252496846855,2.1096727045789785,1.0907507862759465,0.5311029922830721,1.0986841809043604,1.3453086347080239,1.302161000250811,1.0212055849141757,0.8178739001122788,1.3653598746685531,1.673891993819914,0.3948922196111236,0.8637163255826537,1.2585612862738011,0.8755712048148659,0.8050049598916539,1.3300112093936178,0.807504021708309,0.9832769251748154,0.9020726424549915,1.05512290442369,0.7974597284893223,0.9444666109443065,0.8608024656261469,1.1017346978055274,1.3342203486739548,1.1884614858818041,0.506771705462115,0.8625167492186901,0.6349366305757385,0.700461652990689,1.168982159607897,1.5282725435324442,1.4619338328105824,0.9334977341338552,0.8015905546466559,0.9905338739079096,1.0879365420184834,1.0136493856414752,1.1118139979153947,0.0398086996123292
2.3957706075817256,1.3563647570924677,1.0644318473271337,0.9366131091387174,1.2896596074590525,0.8077266701962998,2.0060382521890636,1.4128736761810783,1.2727613353505356,1.489088511933049,1.6399916458546482,1.2626300776903574,1.0493238645758152,0.9760740626229825,0.8086606639101022,1.2387190517295577,2.456638603979439,0.5537621085572375,1.9591617825015522,1.0447706116508033,0.41568274983113995,1.286012234468704,1.2435811988076566,1.2988117506162968,1.0212055849141757,0.8178739001122788,1.3653598746685531,1.673891993819914,0.3769740163937097,0.86868333689675,1.2585612862738011,0.8880329766428269,0.7742901729489422,1.373404609061906,0.8063738818118377,1.0316049083991643,0.871281500992515,1.0321079275170921,0.8051854839208551,0.9319258635482538,0.8548652732560177,1.0499935598440648,1.3610130837084935,1.2254323643387481,0.48485127744206796,0.8669223623736736,0.6516333549710793,0.7924162199569337,1.360865603793791,1.5020357955667027,1.4312817530415634,0.9499443959983277,0.8015905546466559,0.9905338739079096,1.0879365420184834,1.0136493856414752,1.1024717337301635,0.03262011858148762
2.3499648215552478,1.3533397048804057,1.0644318473271337,0.9072316954747749,1.2491794737348978,0.7750091918451624,2.0069784414241725,1.3826780258936984,1.269457199535447,1.5157356538416271,1.64838567036193,1.3479097649414078,1.1802217204020837,1.013365741587434,0.8038791341925766,1.1910191548493239,2.454886294007011,0.4519528733630578,1.9819633850226184,1.1146363391191716,0.3993549799925774,1.1091336949383808,1.2582673449479238,1.2872848871550449,1.0212055849141757,0.8178739001122788,1.3653598746685531,1.673891993819914,0.3782696249914075,0.884145235610945,1.2585612862738011,0.9417913498734846,0.7427092930585215,1.3287449161575147,0.7589297491930437,1.050753783342598,0.8718203265632523,1.069430419474076,0.7884899008173205,0.9148164819112509,0.8087214877322594,1.0318115369537295,1.3432140477779069,1.2505808346159544,0.4853473602737714,0.9952623905554688,0.6941138034691795,0.7696544242991316,1.3548209734944296,1.4985206925233379,1.4158499583676543,0.9489019640023921,0.8015905546466559,0.9905338739079096,1.0879365420184834,1.0136493856414752,1.1157625758024126,0.04089897155635352
2.3352056003318578,1.42706447258079,1.0644318473271337,0.8791652927355561,1.223926480260566,0.72280355753118,2.0009449618564723,1.4099174794957323,1.2274999680668959,1.5030953807800922,1.575349821724254,1.3442924900629885,1.1710154509747355,0.9468464043675701,0.7243750177120494,1.178299616958978,2.6997278040582238,0.6843441970479346,1.971996658692189,1.1400618071669208,0.4544126253794692,1.0796019064603053,1.1932743592243293,1.2793817960003453,1.0212055849141757,0.8178739001122788,1.3653598746685531,1.673891993819914,0.39252691429879777,0.8708903741971707,1.2585612862738011,0.9061914973789833,0.7444592074349673,1.2878609828787535,0.6943575979055613,1.0160937982916143,0.9374635469606617,1.07130936719385,0.8306832374668363,0.9172826689482384,0.8147043334941054,0.9927138030275836,1.4391252389764035,1.256918413260815,0.4870738331714261,0.3104902162764405,0.6645922504256953,0.8656012597109801,1.5592187594197446,1.6064798158627906,1.4328169072183745,0.9494563964642803,0.8015905546466559,0.9905338739079096,1.0879365420184834,1.0136493856414752,1.1206436528167252,0.03135938847662007
2.2908965034032422,1.4792555161210779,1.0644318473271337,0.8749339643938264,1.2611665016118938,0.7299297820984885,1.989746927477716,1.5383585913678512,1.2461246411210278,1.4826416576083743,1.5012419188601291,1.3204931198308232,1.1389092716895015,1.0836431712522878,0.7417880072997791,1.1759285709934668,2.6797506173681653,0.6701850852555894,1.9093725010202693,1.0777803331969804,0.6039456809393338,1.0541182304397771,1.1816507341985336,1.3595329213709542,1.0212055849141757,0.8178739001122788,1.3653598746685531,1.673891993819914,0.40306885945201953,0.8516506370220941,1.2585612862738011,0.8929668728544669,0.8026764333931992,1.3700978327028022,0.6890260409578517,0.9820039178329758,0.8770036729725295,1.0626426566092755,0.8605343055475527,0.905106704285529,0.8039773037438082,1.0603984819432417,1.4030566214331142,1.230264426634747,0.5154741999760981,0.28417580154165323,0.6612860261269019,0.8648882602001995,1.4139401047265092,1.5771582428416642,1.4094389989493723,0.9782412947466503,0.8015905546466559,0.9905338739079096,1.0879365420184834,1.0136493856414752,1.128540399459779,-0.022944844799983734
2.3305283242284642,1.4712682509205706,1.0644318473271337,0.8931009497566514,1.221917161908361,0.7529368448020262,2.0841346098584155,1.6158657352018544,1.2676488720179788,1.4243149970838895,1.6515417831306103,1.390477211005897,1.2253725038762986,1.107922694049577,0.7156069931066571,1.1642149567109932,2.6825098856812453,0.536925469019234,1.8744469647311297,1.1155628798846313,0.4958023021796889,0.8432418312206692,1.1854582545321397,1.3086246124656646,1.0212055849141757,0.8178739001122788,1.3653598746685531,1.673891993819914,0.40408247539183534,0.8987120723530253,1.2585612862738011,0.8870743381533792,0.7457028857080766,1.326905994265035,0.665734713138626,0.964053416616812,0.8621030520318856,1.0216672831259552,0.8542735143452886,0.8952806456500508,0.7888634062550175,1.1408790369459658,1.4475904067848346,1.266428203928009,0.5355441777343027,0.4309855128586456,0.6686265792443284,0.8745364074075037,1.0502012088929933,2.141019832558296,1.3639115545262632,0.9880551091501835,0.8015905546466559,0.9905338739079096,1.0879365420184834,1.0136493856414752,1.1270730842213112,-0.00023933358071580053
2.1698842701072016,1.3440179121205402,1.8422818210688927,0.8423914557887752,1.0977544199906082,0.7056344655903144,2.0006328371033435,1.5234317403925146,1.1865041001720422,1.32996766399164,1.5618724425767512,1.2940306741459027,1.1600072185104429,1.002801318755116,0.6699384084634584,1.1175692985578525,2.4929716165309785,0.9390967819247716,1.7056778738486134,1.036104108068406,2.819701441571425,0.6862571212184205,1.1416028709209607,1.2554759179194632,1e-06,0.8178739001122788,1.3653598746685531,1.673891993819914,0.455553381183997,0.9477903742240844,1e-06,0.940686894148572,0.8113757669783135,1.423243826769188,0.7128389779235312,1.055579775527694,0.9111569737683317,1.1146227227138836,0.8789150611489545,0.9647785149038683,0.8367983358252991,1.1949571826880028,1.550799944906119,1.3835865320702505,0.5272035968246043,1e-06,0.6869446361021045,0.9626872073443244,0.9944326221166777,2.340119326380639,1.4575332690352163,1.064820133844341,1.4992937118768028,0.9905338739079096,1.0879365420184834,1.0136493856414752,1.1238833211610284,0.00181261170102891
2.177708100269561,1.2965047263966558,1.2268795317460879,0.8478674718573371,1.126759050091304,0.7105468812488343,2.02167215384953,1.558627620204613,1.1861388179637278,1.275956492701541,1.6618772421692698,1.2508349774008274,1.1203212858748939,1.0104462936312302,0.6765495028952094,1.140877557120573,2.5527027977785153,1.0782898263277025,1.7486076070507401,1.0077335097267077,1.36488062015575,0.9990847918888935,1.1703016884019497,1.3558494008237274,0.5222241509165428,0.8178739001122788,1.3653598746685531,1.673891993819914,0.4850566379175062,0.9389875843853759,0.9560001669752601,0.917450995818565,0.7589283409496325,1.3823017660874715,0.7068294779813361,1.0768441227519503,0.846530064720929,1.1541778989398332,0.8843529434887121,0.9629598076691984,0.7834910062596688,1.159212795228012,1.5151801412380124,1.347974746106122,0.496510336454984,0.9563711281253835,0.6814365110603242,0.8877438531846484,0.5965013808713193,1.0341562672132882,1.4249761015936755,0.9963206925507049,0.7283410344855191,0.9905338739079096,1.0879365420184834,1.0136493856414752,1.1635466031003125,-0.02206295986040528
2.101395814870254,1.2072790399091855,0.7024885201139989,0.8451101838080644,1.2097375903067293,0.6895938704817807,1.9871510710222335,1.5135127115598765,1.2772882393732419,1.3007325143515442,1.7242874245240543,1.2460444152091985,1.1583219529464568,0.9945179746285515,0.6820991983834626,1.1803062839190748,2.592570854933772,1.0782898263277025,1.643792998821426,0.9741668733763893,1.915479995022019,0.9990847918888935,1.2597703896782497,1.3956887376096603,0.6488096365965427,0.8178739001122788,1.3653598746685531,1.673891993819914,0.5107461712050175,0.9503438379075831,1.1768569535723123,0.9056384332576378,0.7490074360454325,1.3687618618405075,0.6936785180409002,1.0957101733553727,0.8444943620081328,1.10324051401141,0.8518063911846337,1.0098491979113446,0.7425163160050251,1.1628063895477747,1.5114074150269097,1.2837641896556742,0.5841631747918238,0.9563711281253835,0.743429165928593,0.8375283628224157,0.8791791230007922,1.0341562672132882,1.3288917610568256,1.0270558167070916,0.759392599487444,0.9905338739079096,1.0879365420184834,1.0136493856414752,1.172092132284251,-0.04034316411422371
2.3552694225691564,1.206725507408233,0.5991983072569949,0.8771131855344384,1.323489285062606,0.7159257101878918,2.079050595274425,1.5622433970043095,1.3199978447124112,1.3198325776653093,1.749072692299763,1.187779864948547,1.1646835526748636,1.014604168561675,0.709557377415496,1.155192810955376,2.659236843230193,1.0782898263277025,1.6981384418255914,1.0177035193455688,1.7668972292341887,0.9990847918888935,1.2538695029859506,1.4185304545244966,0.5327553863703777,0.8178739001122788,1.3653598746685531,1.673891993819914,0.49528919239681857,0.8873264699605717,1.8439442375080053,0.8825153476099883,0.7812623237505634,1.3210198749705195,0.6662534387911381,1.0458393263212191,0.8181068380136483,1.0230536699929618,0.8087384765130667,0.9793251328181403,0.6958083980537182,1.1058765073612837,1.4641471304978948,1.2269331776556416,0.6148180834678282,0.9563711281253835,0.7287551105025859,0.8180240917589146,0.8634771291210946,1.0341562672132882,1.2615183697163372,1.0101876047448637,0.8244687862127434,0.9905338739079096,1.0879365420184834,1.0136493856414752,1.176928216987792,-0.022360894752948047
2.3753318260830847,1.1674461209619,0.4534050654021721,0.8766454119097808,1.2840650034838745,0.7197666534693844,2.0247601174156467,1.4821891843697705,1.300524567253382,1.294645406922992,1.7669638202628781,1.1992746982715001,1.1806696169932847,0.966235447845635,0.7079273582133127,1.1799536305594531,2.7568403445202074,1.0782898263277025,1.6486315254249666,0.9524864302875924,1.8964175318735716,0.9990847918888935,1.2176864849664735,1.4185719377607957,0.4545756654421589,0.8178739001122788,1.3653598746685531,1.673891993819914,0.5044845671667826,0.853648495742167,1.6095605213145279,0.8840263799646328,0.7668541490510503,1.33693787706951,0.672407850273121,1.0336297288207927,0.8004069958572042,0.9739037386531199,0.7993634104380911,0.9864044449182442,0.7016163797096273,1.0979130882288064,1.470845954712973,1.2016630197786617,0.6188319894812739,0.9563711281253835,0.767664902797081,0.8011993790406935,0.8607126056327019,1.0341562672132882,1.2551854878164073,0.996114463434037,1.2029026013034758,0.9905338739079096,1.0879365420184834,1.0136493856414752,1.199650427647439,-0.039179284373102426
2.24920013124732,1.1531166873682062,0.8727361287894164,0.8686337479061398,1.2139421592021964,0.7156335979695209,1.9828830888863211,1.5101458996286008,1.2232201271498424,1.3027394449600291,1.7297442139617827,1.1809249972577456,1.300581854546664,0.8999564777111134,0.7113798090600945,1.1222961678744925,2.6485248138510697,1.0782898263277025,1.6161201431625545,0.9136455390056214,1.7997229918268978,0.9990847918888935,1.2405795545208624,1.5202572752956196,0.6205703590840689,0.8178739001122788,1.3653598746685531,1.673891993819914,0.49065101478791323,0.8604943076910209,1.724619760433556,0.8729595041750133,0.7529796619336449,1.3397752285281694,0.6500618635277425,1.1340804453418012,0.7597773497862126,0.9480738181794758,0.8440102298174853,0.9316173057300217,0.7396430482895837,1.0289836282410825,1.492148762811373,1.1928315579163777,0.621217094310932,0.9563711281253835,0.7744728109418975,0.7736600803138485,0.8479671866264809,1.0341562672132882,1.329721576654424,1.0311148702414903,1.4130869840352798,0.9905338739079096,1.0879365420184834,1.0136493856414752,1.2267157953385837,-0.07327878926023731
2.241134030567197,1.0907143570956082,0.7789806539155029,0.8649202692646406,1.202995137608271,0.6825956391011733,2.0493854324384073,1.5330094262125575,1.1702234679152388,1.2754108764976828,1.8155777625982192,1.1422793765027486,1.2693791214324384,0.8915910788342836,0.7019283606833195,1.059674258269698,2.7225268499754467,1.0782898263277025,1.5990760985005665,0.8928723187209227,1.8400295709235415,0.9990847918888935,1.22514410843168,1.360169012911169,0.8327717980359133,0.8178739001122788,1.3653598746685531,1.673891993819914,0.49876838024862774,0.8516536903879508,1.3945255284441918,0.884265815874041,0.774648575824915,1.3496611119031987,0.7073848302855944,1.2267547498239384,0.7673197409752205,0.9583380204444725,0.8015842746896821,0.9092847676388951,0.7412263285776604,0.9951111567339472,1.4954842371621795,1.1996931921092995,0.6110278375333928,0.9563711281253835,0.7883082342935791,0.7957666136979034,0.9477242364659374,1.0341562672132882,1.3551035565812555,1.044082878934378,1.448938077740933,0.9905338739079096,1.0879365420184834,1.0136493856414752,1.2368121517769552,-0.07317831719955434
2.2664839555061103,1.11545610232575,0.8687523503330876,0.8581479494774751,1.2092855640381446,0.682296026004877,2.0359900899794576,1.5370678716848514,1.2705058242600173,1.3778419063005558,1.7940629074046253,1.0966628058030317,1.3568896546439184,0.9250842690803937,0.7160108832030317,1.0350640616510536,2.8395789566660445,1.0782898263277025,1.6721055632705515,0.840691580169654,1.7184766387262218,0.9990847918888935,1.1792582302283439,1.3438663043300392,0.6945255593672846,0.8178739001122788,1.3653598746685531,1.673891993819914,0.5413370755983451,0.8209255843786484,1.3154311101397984,0.8689541114235271,0.7608795548605469,1.3318034722084102,0.6940609301144232,1.1973342636716466,0.7394434497711749,1.0101025261637173,0.7949274266680169,0.8717943174426419,0.7557251441116761,0.9813719885278245,1.469924792882729,1.202478277635457,0.6586610188953197,0.9563711281253835,0.7649249470822658,0.8411647830675022,1.1859227304171207,1.0341562672132882,1.2942442413008064,1.0255922366877506,1.5027502622463955,0.9905338739079096,1.0879365420184834,1.0136493856414752,1.2435119479629837,-0.09057438824266552
2.25978146872256,1.1564574562287293,0.9512701941955589,0.8714998500063821,1.1461693308053316,0.6902224754790252,1.9993620048991176,1.4781279103759448,1.3847245294875203,1.3960348887257705,1.8532827811235686,1.0697559066388271,1.25293254439145,0.9135156934809936,0.720713494000173,1.0271190414100448,2.8337040488976513,1.0782898263277025,1.6664746353986168,0.8239472400972471,1.588945207992042,0.9990847918888935,1.1845884675240579,1.358119722976059,0.7148925360480677,0.8178739001122788,1.3653598746685531,1.673891993819914,0.5830515495051056,0.807085363803379,1.2564272313050762,0.8675786728257783,0.7155905316100633,1.3287778192993875,0.6564750600948129,1.148988258560745,0.7338179368022049,1.0022036896481725,0.8050488833601412,0.8685595448507283,0.7583199366271632,0.9890505592393924,1.4730897841246346,1.1956716060182393,0.6479853211860903,0.9563711281253835,0.7598403181246474,0.8308994957494863,1.3193780050912751,1.0341562672132882,1.3024647198140322,1.0684952336700588,1.4459259202558272,0.9905338739079096,1.0879365420184834,1.0136493856414752,1.267292011940082,-0.09682567368096998
2.224312446068874,1.1547579760164643,0.824429208012627,0.8850709047551512,1.1787937899189749,0.6994314812352102,1.9861628835612575,1.4843306571863726,1.342677691195472,1.3566884044125156,1.8088600939523714,1.0402991364925667,1.204061142711104,0.9137933000090804,0.7338731902309853,1.0264425583585077,2.81475225736144,1.0782898263277025,1.7023391650017041,0.8143558046684072,1.6273196930376663,0.9990847918888935,1.1498330768597331,1.38116573835574,0.6080426962143081,0.8178739001122788,1.3653598746685531,1.673891993819914,0.5436189261278213,0.8177590493964201,1.2537293390221622,0.8822927484794443,0.7302700804283739,1.3174913118362401,0.6421242783652105,1.1609144314518902,0.7028139506603703,0.9661908033213366,0.7716210004069439,0.8804956234340547,0.7569295635576869,0.9856258967392453,1.4980956680706248,1.1678599218586285,0.6359724354939659,0.9563711281253835,0.7435417211153247,0.838074169362476,1.3595338115960045,1.0341562672132882,1.2727722503998893,1.0842102213164102,1.3031900726816072,0.9905338739079096,1.0879365420184834,1.0136493856414752,1.2691407998034272,-0.09419501613506624
2.0423257905332246,1.1331996326125138,0.8314031358234072,0.8665497710876693,1.1345938630040147,0.638225768815966,1.956073698865955,1.4659356353859847,1.3242878210730382,1.3910464445429207,1.8006801835475983,0.991121467684739,1.2221763612966305,0.9644808431801054,0.7384980101633782,1.0190143970992371,2.8125388626846393,1.0782898263277025,1.569420111853864,0.8149690598516866,1.7514325064147365,0.9990847918888935,1.0933749937549475,1.3477405608705437,0.6600025377807281,0.8178739001122788,1.3653598746685531,1.673891993819914,0.5359894278521865,0.792325975622199,1.2318911660152434,0.8777538817731767,0.7838068546222537,1.308729861609397,0.654521297923078,1.1289450646922468,0.6782125480156853,0.8814894232505665,0.7712245899522577,0.8942874530755148,0.7472429897099911,0.9262905882001693,1.4643092985770307,1.1584649734386185,0.643231910309436,0.9563711281253835,0.709441890774593,0.8347109928637648,1.2580558474820578,1.0341562672132882,1.2587855129062162,1.026918343741326,1.1131124298983837,0.9905338739079096,1.0879365420184834,1.0136493856414752,1.3225919748431383,-0.0891305176481352
2.033095709492141,1.1010178266121387,0.8850324786598605,0.836596510370846,1.115524693992858,0.6473692307381836,1.9635969671674953,1.4951408877764318,1.3610066534418055,1.3594323835942257,1.7474269017834636,1.0714410940833172,1.3056876652070375,0.9531951546437354,0.73660414371455,1.007917004321939,2.734329475136041,1.0782898263277025,1.5399098818336348,0.770214754749667,1.7996624086771764,0.9990847918888935,1.087018129385237,1.2801436907335455,0.6614598042801981,0.8178739001122788,1.3653598746685531,1.673891993819914,0.5251617928237665,0.7700245056283859,1.2650225947612364,0.8738423727667707,0.7986299872292494,1.3134675709356978,0.6969016308408045,1.0448105211776069,0.6488203903914954,0.8908524789591313,0.7731649237187539,0.8500195642157646,0.7431366128922967,0.9184526708103569,1.4546836611173886,1.1328662503993137,0.5895419111730746,0.9563711281253835,0.7920911450357249,0.8827619625163913,1.2577182086301337,1.0341562672132882,1.274238262772594,1.0784372078402633,1.093701784890374,0.9905338739079096,1.0879365420184834,1.0136493856414752,1.3434352625578554,-0.0966283020331954
1.9297233205681357,1.036666398713015,1.0156518114537092,0.8252018349875414,1.0771947270931,0.6525255402306059,1.968124395207668,1.482655347024296,1.4324519453895999,1.3449413894778472,1.837858136453447,1.0569776473080503,1.3653804832371592,0.9183268361695327,0.7166506850152742,0.9704467483869881,2.624133977890991,1.0782898263277025,1.5394900744663707,0.8094016283131646,1.582720916175465,0.9990847918888935,1.209728644944342,1.304642657240698,0.696946242398892,0.8178739001122788,1.3653598746685531,1.673891993819914,0.5504337354904604,0.7638227423149057,1.3784495623287139,0.8814733370292495,0.7787098957158974,1.3421754062936317,0.6988639765705714,1.0389633062823207,0.6405897349061084,0.8717941961069833,0.7650515826240535,0.9115199991971764,0.7774067124284375,0.8848158270996035,1.4749000703202182,1.1189311824197483,0.595805241785833,0.9563711281253835,0.7898515340895726,0.921107553688279,1.0673480783302842,1.0341562672132882,1.2714453202962595,1.0955558874617843,1.2372477219403921,0.9905338739079096,1.0879365420184834,1.0136493856414752,1.341838207690643,-0.09135499881881583
1.952899818118912,1.0532542236972122,1.1438544484430615,0.7961224840640446,1.0560004017106377,0.612468386480114,1.9816681215942784,1.52483214454038,1.5162726095842283,1.3550378745033438,1.8447898535899419,1.1168282919837722,1.3805539792956503,0.8540504768869216,0.7013616838276188,1.0079785462929574,2.56219774846878,1.0782898263277025,1.4760431282357886,0.8182642612320943,1.6033676692171142,0.9990847918888935,1.2252197940799499,1.3286011336248158,0.728034220902799,0.8178739001122788,1.3653598746685531,1.673891993819914,0.5597908823214104,0.7969498592601267,1.3178367952182968,0.8659340546791559,0.773996281070183,1.3626645327104208,0.7144997047063583,1.0108896555091058,0.63859263750104,0.9048704764914444,0.7138526804692498,0.9167859195539804,0.7784420890760878,0.9347831473256398,1.481744966427303,1.1730470724158635,0.6281686048462296,0.9563711281253835,0.7915191019189529,0.9307696788927016,1.0615805735123827,1.0341562672132882,1.2813685143067677,1.0295109484762028,1.1802702792462776,0.9905338739079096,1.0879365420184834,1.0136493856414752,1.317225060107237,-0.06509723253908324
1.9462176026163798,1.006435776790706,1.1458361049216659,0.7936545472260955,1.0099463340166546,0.5886959273746214,2.0049766037547223,1.4899506710959842,1.56607981279893,1.3700841970132833,1.8451950894742413,1.14488047522825,1.3742802276535857,0.8611616796781825,0.70038620667727,1.011724814914675,2.5787968629354774,1.0782898263277025,1.436997264218866,0.8465655675114551,1.6659316582745873,0.9990847918888935,1.30679989150579,1.3552761988003417,0.728990227590523,0.8178739001122788,1.3653598746685531,1.673891993819914,0.5710579124281178,0.8328772590861342,1.3276098678695782,0.8785772466113699,0.8241713491120597,1.3780182895817659,0.7930681769996033,1.0250985131259738,0.5917578388063656,0.9063699003694268,0.7115167889410843,0.9161936289173902,0.8193355166883298,0.9825848901647137,1.5411188472068154,1.190088862065024,0.6352182950255897,0.9563711281253835,0.7886450250883058,0.9563555849734479,1.0282726851116675,1.0341562672132882,1.3334925011675225,1.0473679311635244,1.2008588401204532,0.9905338739079096,1.0879365420184834,1.0136493856414752,1.2706431880960838,-0.053109857350213424
1.9578217832411744,0.9636523853577196,1.0052271992039785,0.8039390129617422,1.0419375182385828,0.5858294932291784,2.0123328750701632,1.4970761894763258,1.570871830285861,1.3782341882969187,1.8817836191242177,1.1547988092044092,1.4276679457763648,0.8619074130355182,0.7011622391013594,1.0128186770213068,2.5694354330595535,1.0782898263277025,1.4185495147054437,0.8199003385732374,1.6648117361956125,0.9990847918888935,1.3124198558600002,1.3934603576252602,0.6811312926368671,0.8178739001122788,1.3653598746685531,1.673891993819914,0.5815962393194996,0.8807851427693154,1.3465547539046288,0.8889538307809741,0.8033076065959176,1.3809533997225643,0.8040237261747305,1.017138616327674,0.5957772593995695,0.8676107133691128,0.7185269477147063,0.9533683102244143,0.8250717900913169,0.9814119183046838,1.5468768133185213,1.2287189576125412,0.6374286513003814,0.9563711281253835,0.7536181679101364,0.9573274854458669,1.037577175941284,1.0341562672132882,1.3334355438103258,1.0268238339949431,1.2503398578236962,0.9905338739079096,1.0879365420184834,1.0136493856414752,1.254624320323615,-0.04440936897998259
1.9117577048733372,0.9623404670064103,1.026828440507828,0.8107700291252972,1.06305476582371,0.5725505369957457,1.8581603642595348,1.3566713128177987,1.4077521946227418,1.381318782704702,1.8799775441636304,1.2265554705571493,1.678165338483744,0.8823241369841295,0.7109695718003868,1.0095264341938601,2.5157567910206344,1.0782898263277025,1.359078886325976,0.8289063786943377,1.543107013109606,0.9990847918888935,1.2893135657970747,1.555681408103224,0.7421320240428884,0.8178739001122788,1.3653598746685531,1.673891993819914,0.7069793080663608,0.895543855675766,1.405317186830654,0.9148080795880386,0.8287631623416528,1.4236368351466517,0.8743856326429662,1.0062128493419564,0.5252750134238696,0.8865391704859571,0.6831708471511199,0.8572651644657043,0.9218462228929233,1.099792174565271,1.5931988584212402,1.2502366299057364,0.6563342242426168,0.9563711281253835,0.7835643715659937,0.9816168909197553,0.873184067977854,1.0341562672132882,1.3059925735317097,1.005286075800993,1.2068073556436993,0.9905338739079096,1.0879365420184834,1.0136493856414752,1.2112118936608924,-0.06789475456265458
1.8046426034270961,1.0307004629610947,0.9015911170483726,0.8258281599173934,0.9695847693776157,0.5670631299062358,2.032546185483566,1.3424488489560598,1.415388676091161,1.5117931468902164,1.8885734583787586,1.2067798882008258,1.8027845955845367,0.8881995999829206,0.7331702058913018,0.9005935096849084,2.3617968503395494,1.0782898263277025,1.2713958374067995,0.8627411568295416,1.6191765298455676,0.9990847918888935,1.3234851473320708,1.5527005724569203,0.7520330752453088,0.8178739001122788,1.3653598746685531,1.673891993819914,0.7817579742375127,0.930656351981238,1.4469687137122826,0.9127858544517862,0.9698397981552795,1.426465996231921,0.8157228891180036,1.0035995602848808,0.5099982450734091,0.7903313357684429,0.6814991392715195,0.8595883094964696,0.8270515455248946,1.0877979756440663,1.5937318634525681,1.2471769981650085,0.6448968149064989,0.9563711281253835,0.7531107031664022,0.9619070898517947,0.8649173393942513,1.0341562672132882,1.3329358127153523,1.004242331139681,1.0859357535144722,0.9905338739079096,1.0879365420184834,1.0136493856414752,1.218257838342648,-0.05189389174752843
1.6719732112893135,0.9579239935676609,0.7864183235461838,0.8158463890008526,0.9151440893421992,0.5637687703739637,1.9802935522229717,1.2312655538777655,1.3867239937592097,1.4795036384147753,1.9114836660423125,1.2005611982858124,1.8147382903059561,0.8611645531480361,0.7286998094025232,0.976211967921713,2.449246546785533,1.0782898263277025,1.1870347565206092,0.8648839882328948,1.5418527134092985,0.9990847918888935,1.3209940624882468,1.4999140210558166,0.8809471407685106,0.8178739001122788,1.3653598746685531,1.673891993819914,0.7377732177960464,0.9382590246748123,1.4003241502893051,0.9214907480328387,0.9278264931392669,1.4424502529604633,0.9117441652306167,1.052611892985121,0.44862160010319085,0.8002569586072519,0.600043131417661,0.8653407235992205,0.8368188299087717,1.151949469501218,1.6158801823015383,1.237215967474833,0.6909553239165471,0.9563711281253835,0.649105863721031,0.9312198967309977,0.8404503916081367,1.0341562672132882,1.3454297450721282,0.9720282327237366,0.9856175095932825,0.9905338739079096,1.0879365420184834,1.0136493856414752,1.238400579252464,-0.04848278375128524
1.6984000846519376,0.9814562347309945,0.8006489912870066,0.8249210907839196,0.8862357748788069,0.5634150043204479,1.9517011919191576,1.2938895235499965,1.3177473596790976,1.5622078590783466,2.010479379818299,1.1827599386945804,1.8287308584709834,0.810881876728235,0.7652381511945936,0.8789592176404406,2.48076155838131,1.0782898263277025,1.121840930920699,0.8273967148727219,1.2703136115422402,0.9990847918888935,1.2313143526262942,1.3894713173050406,0.8587784909587424,0.8178739001122788,1.3653598746685531,1.673891993819914,0.7429240398790303,0.8893308995471678,1.4013048712028369,0.919252240765568,0.8729234537295966,1.40970150492783,0.8375420745661106,1.0819729409834105,0.42979920169461466,0.8485522827200179,0.6669255380926885,0.8141390285855538,0.8775700172100965,1.1913780696276441,1.5802083692933195,1.2196929724005963,0.6623834869647676,0.9563711281253835,0.6220940385678136,0.933479625834724,0.7289736477495897,1.0341562672132882,1.257518944063485,0.9003137632113355,0.9859663215685327,0.9905338739079096,1.0879365420184834,1.0136493856414752,1.26207818469727,-0.07797351238274523
1.6004324632941809,1.034979136067547,0.7386532944919828,0.8122563599567263,0.8821239959441028,0.5889112484385672,1.9434178221860219,1.5309641524502222,1.2959140358486148,1.5876379634372277,1.8620603059883554,1.228452842679149,1.6715032886032748,0.8197183385779654,0.7643001220000625,0.8519201972720362,2.383397139046711,1.0782898263277025,1.1265477769505472,0.9863715446254256,1.2940583192551685,0.9990847918888935,1.182366228162282,1.446700111289206,0.83974435117405,0.8178739001122788,1.3653598746685531,1.673891993819914,0.8354034047768637,0.8442226363960609,1.2357359279525213,0.8537287642510243,0.849768393141041,1.442077318970893,0.7688359308499256,1.1013992686157494,0.44963468913526927,0.9078926138521848,0.6674086174575226,0.9404968529249875,0.812762562964984,1.0658803438392264,1.5384156390041601,1.2467890944243865,0.6323328897526675,0.9563711281253835,0.6093177933567321,0.8681255455744112,0.7135982199790676,1.0341562672132882,1.183228021427977,0.8507250186892096,0.8950715944938538,0.9905338739079096,1.0879365420184834,1.0136493856414752,1.2884156874509372,0.0011880467865066843
1.5895681948005025,1.050224694488016,0.811910796027917,0.8120978243846083,0.896583279635485,0.5712191430439612,1.9039442415968666,1.700114934398928,1.3031788741752401,1.6243136329618764,1.8160892733514404,1.23923644643932,1.6809105120127485,0.7839642259293399,0.7587592054318609,0.8113463428763198,2.4015906302414805,1.0782898263277025,1.1604479826281762,1.0258965615520779,1.3352846915504375,0.9990847918888935,1.1197748462493666,1.4966278022278774,0.8038393323317946,0.8178739001122788,1.3653598746685531,1.673891993819914,0.7990919243645807,0.8394295385286198,1.1793152119219414,0.8422097350541287,0.8267096839126925,1.4616918885846975,0.8316799608044598,1.0449660450548781,0.46365148293326913,0.8348225767510843,0.659444249787454,0.9286555363447673,0.7932059417976919,1.0291517313279044,1.5225632296457854,1.2541632824918574,0.6377541930416707,0.9563711281253835,0.6182450611932715,0.8712975406599109,0.6638639869920773,1.0341562672132882,1.1711617911405574,0.7587945107987423,0.8924869763166139,0.9905338739079096,1.0879365420184834,1.0136493856414752,1.3065401858902022,-0.04654149710494976
1.6962788333573229,1.0789939399211894,0.855834015043638,0.8169413467931385,0.9302622398579105,0.6313334832491055,1.894289221573613,1.6390914272012211,1.2423125807205515,1.6886189159794305,1.9691708093853912,1.3198644384012452,1.6267336732172446,0.7975820495614645,0.6465423330893771,0.8570692673821786,2.465854095064599,1.0782898263277025,1.0686183348046485,0.9259061788267847,1.3490556206055335,0.9990847918888935,1.0390748481842504,1.4987650884510462,0.855078897946702,0.8178739001122788,1.3653598746685531,1.673891993819914,0.7557276272390052,0.8521642642425413,1.1101338929805766,0.8464227774450123,0.8092313920985819,1.4066233751704889,0.8407450435708912,1.072383399864117,0.5228287845732312,0.7967863166021225,0.7614124658454886,1.0423975940550976,0.793070381004675,0.9868632438297257,1.587272849142213,1.2049300452265594,0.6362355495403077,0.9563711281253835,0.6397400282934176,0.8862948003304442,0.6033794645179913,1.0341562672132882,1.1527287545936653,0.7365919692965618,0.8420984589632386,0.9905338739079096,1.0879365420184834,1.0136493856414752,1.2698312107782188,0.0002715603810715127
1.5422102454636994,1.1998924680829663,0.8586654992374027,0.9019943358866623,0.8532812017317686,0.6802318344551319,1.9124941617998845,1.5183436461398354,1.2093520698233173,1.6900112350037562,1.9817664405867488,1.3529011072327088,1.6170116495228992,0.6946549050582765,0.6175636355590987,0.7780418626373493,2.5094897555884743,1.0782898263277025,0.9895358559714227,0.9403292069177046,1.2707467144846958,0.9990847918888935,0.9784143810152687,1.498366717627033,0.7831946630621366,0.8178739001122788,1.3653598746685531,1.673891993819914,0.7154859904227138,0.8333666362250343,1.1794227842026792,0.9534835712535302,0.7414129723535223,1.5137422702588792,0.7734640495845481,1.032181262458495,0.5211600609247893,0.8093227626344136,0.6904596661178748,1.0070399807712245,0.8156168067629773,1.0657970728275579,1.6009233118987636,1.19546048506804,0.6567752930144539,0.9563711281253835,0.6743479023173082,0.8678341808094442,0.6364809950541251,1.0341562672132882,1.1164745615719336,0.7459572434118786,1.0049509160065229,0.9905338739079096,1.0879365420184834,1.0136493856414752,1.301190276664243,0.027829562128137118
1.87923578363029,1.1708484656884266,0.9812538414242189,0.974373305260857,0.8099722009018326,0.719917233186303,1.8599361006696447,1.4395161830964718,1.1724463717428681,1.680771238087961,1.9947952903157498,1.3455991270072942,1.7755903883873834,0.7490909089347678,0.6592684017968247,0.7664667880970016,2.5498099628874704,1.0782898263277025,0.9788003024030575,0.9379918173975648,1.2949117553312213,0.9990847918888935,0.9251250129659581,1.529151667467794,0.8584580262926647,0.8178739001122788,1.3653598746685531,1.673891993819914,0.621060068631807,0.8708533276170823,1.1108917826052345,0.940669135465242,0.6980638956634486,1.4423182070223979,0.7272961014006596,0.9764740214681181,0.4927051172549851,0.9532996812968153,0.7175298151044179,0.9179747010109933,0.7363881822986317,1.04299443580412,1.5071328857449886,1.0926189063906455,0.6006669131878781,0.9563711281253835,0.6150516917133857,0.7686735152217531,0.609215738753978,1.0341562672132882,1.0154461233338397,0.7070613092735385,1.0262038479923097,0.9905338739079096,1.0879365420184834,1.0136493856414752,1.3855386246197385,0.0783915520299973
1.803508966578313,1.1310042939200962,0.9980733429042086,0.8511721986176198,0.7832310973104496,0.7024917671411223,1.899405808166348,1.4366495181282946,1.1896809670454236,1.5523451948362987,2.099170263259686,1.3962379154515643,1.852297223935147,0.771240119459358,0.611948480270254,0.7128446601643201,2.5328334375501598,1.0782898263277025,1.086873703994704,0.9322076051056175,1.2830605472316072,0.9990847918888935,0.9975824004032384,1.5683343258507108,0.8940511707104042,0.8178739001122788,1.3653598746685531,1.673891993819914,0.6147456541084183,0.8400134820771149,1.020225132853238,1.0254205427874103,0.6672884240843655,1.5598145232873004,0.7231718681349829,1.032061284480566,0.49473578932841994,0.9233360044803246,0.6688559104477662,0.8951234862104058,0.7555711741623808,0.9804660669327472,1.5416340511446176,0.9713462282322887,0.5708471056191763,0.9563711281253835,0.6107097697773517,0.7819941774498671,0.7345326640594784,1.0341562672132882,1.0142388607638062,0.7581766475598123,1.0320809272149183,0.9905338739079096,1.0879365420184834,1.0136493856414752,1.3934979218755839,0.07280378121884043
1.7252952278228353,1.1142517183449019,0.9217830922899318,0.8444118252460214,0.7487385148873047,0.6764385857630519,1.9319474656679554,1.4235096988104494,1.2598838620180401,1.5270997204114953,2.219668370931589,1.4347082610392952,1.803709899017595,0.867090059168601,0.6517885819706666,0.7816953297933865,2.481478082638042,1.0782898263277025,1.1144289864813324,0.9899039606281419,1.252661222516774,0.9990847918888935,1.1893937724653922,1.5159425212747852,0.9178577234460988,0.8178739001122788,1.3653598746685531,1.673891993819914,0.6185613681409613,0.8273730275187978,1.0590919951567046,1.0991885153955328,0.7050990282830257,1.4310726850101216,0.8094085313551868,0.9770001563132751,0.5316764706336502,0.9097258620813589,0.6826697538940536,0.8547791535130537,0.7273664239545167,0.9843214413624378,1.5062396101633562,1.0290270504375534,0.5526697032333487,0.9563711281253835,0.6613508286890296,0.9170186572887399,0.7289826590456115,1.0341562672132882,0.9765935734055994,0.7087297701345429,1.0613252846691799,0.9905338739079096,1.0879365420184834,1.0136493856414752,1.3737005533954758,0.07369442739349304
1.7080935874765684,1.0723971164454122,0.9793921559153773,0.9423700334115177,0.7817786575900741,0.7365796084831994,1.8650757344763396,1.4010038067735382,1.2569361465404278,1.49395834568833,2.2329357520134816,1.4491385580754803,1.8675035029804437,0.8584396082544964,0.6559476733760087,0.7387349342070513,2.5761805884906295,1.0782898263277025,1.0046473332431032,0.9794239056065704,1.2087391605812474,0.9990847918888935,1.1937554860024628,1.6078230382103815,0.8966731338250317,0.8178739001122788,1.3653598746685531,1.673891993819914,0.6686044449101043,0.8041548508699372,1.0274293091269202,0.9270540337892801,0.6937060261185634,1.5648099719822852,0.79917696412691,1.0178438817663535,0.505262114720816,0.915724049202803,0.6814369648989265,0.8214330879381663,0.7860939950524581,0.9570958514195423,1.4902643643812252,0.9863940048928429,0.5539098986043343,0.9563711281253835,0.6997591283630494,0.9027840762550495,0.7620295855047811,1.0341562672132882,1.007733089973187,0.741122597393164,1.0524419652690196,0.9905338739079096,1.0879365420184834,1.0136493856414752,1.403476907944799,0.0488720653162422
1.6641078564084313,1.112525150328348,0.9168756121530498,0.9504298112539018,0.7789224670474332,0.6810697106532309,1.8291799297316957,1.3884792495117757,1.5072864088724849,1.4573885608680526,2.239751485163318,1.4549871241944548,1.8520898824682859,0.8275737048141455,0.5873414194652592,0.7346311617984309,2.587776904293576,1.0782898263277025,0.9362977795342069,0.9660519018453971,1.1214154055215753,0.9990847918888935,1.2177345994594138,1.5240615791530336,0.8512503842618866,0.8178739001122788,1.3653598746685531,1.673891993819914,0.6529073464272483,0.9155380370197441,1.0498272641107136,0.9418640358311333,0.7096712836404051,1.5310448988677583,0.8250271437392828,1.0644690182621765,0.5196364900375912,0.849753325298396,0.6874222225101415,0.7973080614861773,0.7629108698061424,0.9669979852543936,1.3837541592633618,1.0123971153229476,0.5637505789959604,0.9563711281253835,0.6722027285603087,0.91353155497785,0.78460769869631,1.0341562672132882,1.0399053060391603,0.7681410128606694,1.0720184658532372,0.9905338739079096,1.0879365420184834,1.0136493856414752,1.370103912509221,0.06354435076026309
1.6779232545237643,1.0945633398813428,0.9191254970939641,1.0020258686609462,1.041124412861137,0.5420759207729688,1.8225014859186557,1.314185402030984,1.4578866851195418,1.4216384380057663,2.2683678660047724,1.531186118356518,1.8851911334065299,0.8398451074004167,0.5515364335490143,0.7280835577998332,2.675678615999054,1.0782898263277025,0.8928113530782095,0.9622120745851062,1.244578863380164,0.9990847918888935,1.227017206925767,1.5039073843693447,0.841400888818161,0.8178739001122788,1.3653598746685531,1.673891993819914,0.6805644708669204,0.9251361166658266,0.9930996755775734,0.9571280032786837,0.6912752906600326,1.5445142213068175,0.797654330786518,1.066647680750474,0.5756403206280908,0.8395070604684973,0.7034478628949565,0.7655595816963342,0.7585479248194126,1.0350357675711428,1.4280417944049275,1.0880378668216226,0.5801167183952537,0.9563711281253835,0.7016686030685041,0.8969844366093013,0.8026361317048567,1.0341562672132882,1.1663529728308277,0.7728883779481359,1.0777786451737728,0.9905338739079096,1.0879365420184834,1.0136493856414752,1.333959287887414,0.07833856192380993
1.9327768891225638,1.144949576910184,1.0628642289939498,0.9850394394294574,0.9757059884205724,0.5904459478449159,1.8069203180243973,1.3129276448970832,1.4896259766178153,1.439234926706362,2.2961508885680977,1.5376248045990122,1.947073372013417,0.7987578631544655,0.6289889127616354,0.8539362950628511,2.665263215105499,1.0782898263277025,0.898061436788718,1.0033996034138764,1.2480867385801526,0.9990847918888935,1.2203725475005878,1.4296871077449491,0.7969076654633442,0.8178739001122788,1.3653598746685531,1.673891993819914,0.700492254917001,0.9171612077312674,0.9828843527764998,0.947749303191204,0.6837332890471394,1.7160106291683028,0.8794153022913002,1.0516593770792637,0.5756654113273996,0.8084621166076453,0.8120003493332919,0.7583346393100336,0.7580932506319156,0.9948697216456829,1.7161184717474127,1.0949109173099207,0.5875455553698578,0.9563711281253835,0.6950335069018607,0.8285339052951042,0.8063872627219891,1.0341562672132882,1.2950756277150595,0.7906705649711784,1.0919552113696347,0.9905338739079096,1.0879365420184834,1.0136493856414752,1.2932829913196493,0.058995201038132175
1.9530315019402085,1.2751168804692303,0.9812476957054619,0.8964405887851783,0.911887345283903,0.6014414950088743,1.766160407382973,1.2924962203056547,1.7271682834193127,1.4444446171441403,2.2950877552836566,1.509980073321052,1.861734393268048,0.7786250578558481,0.6342238985943521,0.8524879017613598,2.625996722716203,1.0782898263277025,0.8486956286365637,1.0413637514512506,1.1898256798475846,0.9990847918888935,1.1917250847322882,1.4394940180920826,0.9781098436716483,0.8178739001122788,1.3653598746685531,1.673891993819914,0.7350045290139862,0.8756698065033843,1.0621752885247282,0.8671660837628195,0.7216582354580675,1.7663704009165513,1.0094232072077127,1.0388500644438932,0.5513274128793858,0.7999504805382388,0.7973426593359327,0.7193382189066305,0.8385375701654493,0.9776458336732932,1.6807247467218775,1.0988639004204388,0.5856275909331736,0.9563711281253835,0.7064474931122062,0.8206305331612198,0.7770162981097116,1.0341562672132882,1.2670051362766013,0.7612197332528439,1.063896654497884,0.9905338739079096,1.0879365420184834,1.0136493856414752,1.2980388123325843,0.057908114950508134
1.8674171186266384,1.3593591911273868,1.0691087001807245,1.0529753323245963,1.0192249835300884,0.7232488429280193,1.7230441938075727,1.254502012864456,1.7842104215313523,1.4193037287416377,2.2268201992464283,1.430715096411711,2.0026064345219674,0.7760657221326054,0.4311951375389473,0.7782350849095736,2.634568491353748,1.0782898263277025,0.7743949691983915,0.9758093835226818,1.1517026531733232,0.9990847918888935,1.1433402613368906,1.402748232220328,0.9604673602829151,0.8178739001122788,1.3653598746685531,1.673891993819914,0.7217543009603168,0.9590487650370637,1.0148036353303724,0.753148972929733,0.7690060448167905,1.6277634125366254,1.0303506992841522,1.0315668394734125,0.5552007036417521,0.7625111106218687,0.8216977099528101,0.6842478449592045,0.8212315449298232,1.0483145456098135,1.7975193953392854,1.0551330682599556,0.570901462206708,0.9563711281253835,0.708212794083328,0.9263908094403084,0.7665379633863699,1.0341562672132882,1.3336335765680525,0.7690140263168588,1.0548562611972434,0.9905338739079096,1.0879365420184834,1.0136493856414752,1.340347314476041,0.06622319217823891
1.8986230057917841,1.3371535032821587,1.0858265500773572,1.0511811388353844,0.9953635574643083,0.6758349100490874,1.7880513214162626,1.2860665938415206,1.8289949482497965,1.3985433340992717,2.2896055350969036,1.4444710157593035,1.987703898868812,0.8389617507038971,0.16397608378534512,0.8169573179924918,2.529049342425616,1.0782898263277025,0.8787110508907578,0.986073035648756,1.1282993535755181,0.9990847918888935,1.1701570094966507,1.4184161954011985,0.9749544706026093,0.8178739001122788,1.3653598746685531,1.673891993819914,0.7555116334191836,0.9517599636946752,1.0779137250570041,0.7874605906090905,0.7498290592757898,1.6636867787882248,1.052424524340357,1.0700809863007066,0.5751596991956904,0.7108279357317807,0.8250443666406271,0.6864561199737645,0.7804629367719549,1.054552275750404,1.8267950782391302,1.0825128213217603,0.5628250320107328,0.9563711281253835,0.7160101298123099,0.9318346278484438,0.7373349543312414,1.0341562672132882,1.2660107945727224,0.7597718561224779,1.058106893106504,0.9905338739079096,1.0879365420184834,1.0136493856414752,1.3128674361702606,0.08826958906683108
1.8681123927476797,1.3337704161269544,1.0763240431255756,1.0103632376866805,0.9925056241281199,0.5215272131046287,1.784540408572838,1.396813802047668,1.7406532671630826,1.3429942000557338,2.3148925273469225,1.4071345419749897,1.934166940774259,1.023437071070981,0.18770627650928215,0.9168671252072474,2.544178128186435,1.0782898263277025,0.9073816909855078,0.9898941854793569,1.2888196772913223,0.9990847918888935,1.2072442211192582,1.3835402081929067,1.1379286781592264,0.8178739001122788,1.3653598746685531,1.673891993819914,0.7264645633709218,0.918355124686683,1.0762150869015081,1.0004091908725996,0.7438633183120363,1.676332573437187,1.0603415081370042,1.1604697976436782,0.6111457277702241,0.6947060365781058,0.7654314515886396,0.6827177676108356,0.8940698606775273,1.0101875473937219,1.86432368554537,1.1494368048462469,0.5542074037800762,0.9563711281253835,0.7404829247312693,0.8980127808552623,0.789321681274354,1.0341562672132882,1.240767012182786,0.7295926942111837,1.1330084046479976,0.9905338739079096,1.0879365420184834,1.0136493856414752,1.292765766131495,0.12835371089262013
1.9063778034847203,1.291768253687312,1.0070061742023735,0.9033237254941806,1.0279140876318513,0.4442449663332495,1.760209312989644,1.345548368381985,1.842076249792542,1.3451860827497097,2.207741279005391,1.4218469382239864,1.9849168646218294,0.9941060983782287,0.21317949130175742,0.877555797516017,2.547119088033644,1.0782898263277025,0.9135403927737654,0.9730423659543371,1.309255735281759,0.9990847918888935,1.2326639981061966,1.4616535186938675,1.1413578067480754,0.8178739001122788,1.3653598746685531,1.673891993819914,0.7037477522949229,0.9285875759931913,1.082917020284644,0.9437248039993986,0.7336888283772892,1.632601733486104,1.107625746327348,1.1867207473735308,0.6114790785217848,0.6551423601134843,0.8035777545729974,0.6904531059997961,0.890225612885504,1.0295437324081658,2.156292716454401,1.163577544505686,0.5455309121963875,0.9563711281253835,0.7484206455385248,0.9022569286175616,0.7691693984840602,1.0341562672132882,1.25194035881533,0.6908178681065353,1.1361534983087238,0.9905338739079096,1.0879365420184834,1.0136493856414752,1.2805631496860783,0.13288135071591767
1.91864701264572,1.3451003455953685,1.0182073157919866,0.837513720419272,1.1039111965114732,0.5298038314595258,1.7933252219904405,1.305149973993074,1.7531796248674698,1.476365257258034,2.1566648155524253,1.4287869443063794,1.9728829973456627,1.0024094966332566,0.21776177620778717,0.9029198797209524,2.458235000207453,1.0782898263277025,0.9152069301116807,0.9608549536363731,1.3619629280071448,0.9990847918888935,1.2508423124670118,1.4813794636331035,1.146248277300847,0.8178739001122788,1.3653598746685531,1.673891993819914,0.700079053385658,0.9158170660714087,1.0667950294909092,0.6785523678576193,0.7483355774711004,1.955087458429512,1.1054242865369843,1.0878405250885195,0.5835388466656801,0.6526759544503585,0.7969884905299763,0.6637822786536328,0.859080249114285,1.015555481969897,2.143311928997536,1.14867248775913,0.5153370023250051,0.9563711281253835,0.7680213700000773,0.8871122709804066,0.7987846339332575,1.0341562672132882,1.2725806417884646,0.6776072427069854,1.0629062970263952,0.9905338739079096,1.0879365420184834,1.0136493856414752,1.2914243949027784,0.10667507803275542
1.9707583359342289,1.2997888607241788,0.9623419900951339,1.4331909175223174,1.0657581107720189,0.9266626040709686,1.8481292628954276,1.3024074274368402,1.7200963348220975,1.4766848561104915,2.2561185071116636,1.4304212723077057,1.9379370164626661,0.9918115394043266,0.4146368345677646,1.036639530999205,2.3197980851952154,1.0782898263277025,0.8904002155606688,0.9154711742454427,1.3519114885093237,0.9990847918888935,1.2143367814126536,1.4572283317385204,1.1351226238027956,0.8178739001122788,1.3653598746685531,1.673891993819914,0.7840645826755442,0.9281063498472508,1.052198931653987,0.8353019245181373,0.7493009858908971,2.817721377379226,1.1020326489192516,1.0719411268742116,0.5703810010382954,0.6544278727290482,0.7738798516248224,0.6476084160748744,0.8681091086917975,0.9931289609570385,1.9811168330645903,1.1965937766080403,0.5134813150432062,0.9563711281253835,0.7613506534349994,0.9308717636015857,0.8093215924216653,1.0341562672132882,1.3056280458398162,0.6334252124649912,1.0447504551112547,0.9905338739079096,1.0879365420184834,1.0136493856414752,1.311158057419246,0.11141802799463268
2.020223899859768,1.3142563851290758,0.986755451932119,0.2383574755750289,1.0956530693099578,1.3808404900459799,1.9326920357373094,1.3293755843204509,1.9222361991786006,1.4911622378247769,2.2966374979344066,1.4973658345660037,2.018617878396491,0.9523141065509775,1e-06,1.0720321153619494,2.396943007593481,1e-06,0.9376520778578543,0.9288177662748808,1.3816868756701328,0.9990847918888935,1.2597465119699742,1.487921321080685,1.1779030934713803,1.1924298063125343,1.3653598746685531,1.673891993819914,0.7590789752068959,0.8883260524055462,1.006707436434653,1.2246779597806188,0.71458791589399,1.6205145616590808,1.0631102132178913,1.035822690000633,0.5684995575968825,0.6157413347316771,0.7468313855541792,0.7125307678290049,0.839891182887254,0.9367297973403533,2.584790088695505,1.1562500623627692,0.48574203617422695,0.9126984828807274,0.72246596130363,0.8747376955944876,0.756710057179077,1.0341562672132882,1.2690812480491962,0.6275391125020013,0.9803775023714846,1.500898496616742,1.0879365420184834,1.0136493856414752,1.3204160565373564,0.10293463823168664
1.867147853768002,1.2930058530533877,0.9238535653610114,1e-06,0.9615473310452725,1.7745134079869285,1.8103240411133779,1.2115975530314707,1.7417399508843026,1.3188978879201065,2.078106586808208,1.4628257650857737,1.9201366321452782,0.8486221581739308,1.6897604626816516,0.9963080695403398,2.177652842880069,0.5226974601270683,0.9043183004953262,0.857682468577915,1.2315493909231696,0.9990847918888935,1.1541865831653693,1.465523414260186,1.0982489311734323,0.5598710045186485,1.3653598746685531,1.673891993819914,0.8200674179732194,0.9657011340188394,1.097468563116867,1.3766608729562095,0.7447810566387346,1.2330637153691215,1.1054464724315716,1.1185783744281017,0.5834293961644638,0.6769333707511623,0.7786247249913807,0.7506583963804545,0.9242157122964112,1.0619173814622709,0.9189531998148088,1.237607486575449,0.4984778635075094,1.2467796488261274,0.8119419355533407,1.0068074564330107,0.8712258653112093,1.0341562672132882,1.3779255220700726,0.6401549406373318,1.0741362216681662,1.8935883354307625,1.0879365420184834,1.0136493856414752,1.3177456444114695,0.12740552561942742
1.7691574282415246,1.435652963225628,0.9522547179910473,0.9719149741511355,0.9523351522630137,1.7745134079869285,1.7915078067953403,1.1296349673115895,1.705539408461283,1.7118339375075005,1.860756067388175,1.458476740205945,1.855736194698755,0.9375019869846176,1.6897604626816516,1.3939356998330592,2.0213617836792306,1.0317665512993492,1.5394268714570538,1.2407933862141072,1.206281155453899,0.9990847918888935,1.2833466374512557,1.423895383469072,1.1201814765148508,0.7926232564503402,1.3653598746685531,1.673891993819914,1.0682742628356647,1.0180476478721778,1.179393483314499,1.3181300762720958,0.8148396787633236,1.2330637153691215,1.1039822128969825,1.2519134699939993,0.9788623179891078,1.0345348785867086,0.8757772809702196,0.9204477341005255,1.0940740056184577,1.1395865887848124,0.9189531998148088,1.3262086037212513,0.6952239796144952,1.0099205564388662,0.9625988504928109,1.1604178366431672,0.9562035419572532,1.0341562672132882,1.6995876539286183,0.7918321207625467,1.337938407908739,1.1807108296691102,1.0879365420184834,1.0136493856414752,0.9937788528294206,0.10953588213441352
1.979169080469332,1.3664546916653415,0.92182347566446,0.9828239893897069,1.0423585237749917,1.7745134079869285,1.8395965472508744,1.1881419271323372,1.7012464923730242,1.3744284130210689,2.0826018188622513,1.4324874342478116,1.9364694640327964,0.8404155684461292,1.6897604626816516,0.9924079457588786,2.1748785334393914,1.01103679280306,0.8654637535536338,0.9314785657050777,1.3000586278846467,0.9990847918888935,1.1416059276822736,1.424775560301802,1.1585472349533197,0.6595077620970323,1.3653598746685531,1.673891993819914,0.765788732495966,0.9364231367324938,1.0915578463187818,2.0206376462899867,0.7552895103699547,1.2330637153691215,1.0801292196616017,1.1016744225085213,0.6499409795753825,0.718472636566704,0.7976912904615606,0.7698897684724629,0.967037127373937,1.072684184797537,0.9189531998148088,1.221250486667159,0.5080449230259639,1.2520957579823024,0.8031888187061059,1.0517095727243517,0.9326611398434114,1.0341562672132882,1.3659895690314645,0.6797811923970556,1.0715418405048212,1.8141147050926658,1.0879365420184834,1.0136493856414752,1.2948072548043188,0.1417795167792196
1.9705800701450917,1.390053094323562,0.8743046242509388,0.9559628720142411,0.9767355157912907,1.7745134079869285,1.8251995107480596,1.1882651231512753,1.6510792495631121,1.3311008309492252,2.0110932698553734,1.499580341999614,2.000106006644994,0.8086835965438013,1.6897604626816516,0.9741249019702556,2.2159529784195833,0.9798685909547316,0.8400702163939244,0.9279751242683033,1.1653095569803797,0.9990847918888935,1.1107774774527668,1.3771801886768003,1.0949801560239953,0.5098527207263271,1.3653598746685531,1.673891993819914,0.781902036548591,0.9893577690078708,1.0838079246855923,1.7148156808683985,0.78747829470147,1.2330637153691215,1.1124275151383338,1.1256635283369365,0.6346265609391392,0.782684310460016,0.8061885952498754,0.7863171874141742,0.9882239700056548,1.0680646692467315,0.9189531998148088,1.2602428116052362,0.5164165107064914,1.1564746459606705,0.7897372551591867,1.085154732447497,0.9034240146338064,1.0341562672132882,1.410609930653003,0.6765197947613819,1.101078045176476,1.5397561468460153,1.0879365420184834,1.0136493856414752,1.2750140120785176,0.13750714084222754
1.9652719460272776,1.4036705296296594,0.8862826677166343,0.8134569274719206,0.9498870619288098,1.7745134079869285,1.8145957708059293,1.2001384205631827,1.8581492870985705,1.3083514152461941,2.0084810032506093,1.6802071517373693,2.0487923318075913,0.8877634138528022,1.6897604626816516,0.992233740576083,2.140461386338505,0.8663098108007568,0.8201488666711468,0.9166155961636688,1.180616129114421,0.9990847918888935,1.1330432921761722,1.3730189876510661,1.0716626249683245,0.559958868762345,1.3653598746685531,1.673891993819914,0.7734400243493478,1.0086583511079077,1.0534457341610362,1.5476064316217781,0.7745041415648665,1.2330637153691215,1.100393917556877,1.1076591074347721,0.6132776920511321,0.765714238718742,0.8137309490547572,0.7521263118182111,1.096075581003815,1.0472183800926256,0.9189531998148088,1.257672599470048,0.4919269543374991,1.8158148304001152,0.7800363231153165,1.0892116124654918,0.9034694273344048,1.0341562672132882,1.421515501560016,0.7326135609295663,1.082193534636968,1.483896371518546,1.0879365420184834,1.0136493856414752,1.2548910260811301,0.1333239878218684
1.9242753696442303,1.3693973349873687,0.8686892546441615,0.8531481312221262,0.9628297432523513,1.7745134079869285,1.8473180515664716,1.2130358795935703,1.8248381162216274,1.2884395500486638,2.0799784699672474,1.7029530311358652,2.055487108552559,0.8706807454203106,1.6897604626816516,0.9834327238477312,2.099580865258907,0.7306838107189472,0.8647794725724406,0.9839303023733668,1.136959986046249,0.9990847918888935,1.1397722151703642,1.3574231768494973,1.0925721662367416,0.7571368032657368,1.3653598746685531,1.673891993819914,0.7877257085981016,1.0029976335552824,1.119890158074452,1.375415208363582,0.7549711296027481,1.2330637153691215,1.0938732940543794,1.1259952034112006,0.6053474562490178,0.7825701421982534,0.8032602844701158,0.7608382715788655,1.100414055953655,1.0957115271019724,0.9189531998148088,1.2742244920519545,0.5428559814868642,1.7319530463593273,0.7542764418769808,1.073746689072629,0.9481402339276244,1.0341562672132882,1.441064765756323,0.7410344796214593,1.068112492772266,1.5074855830869447,1.0879365420184834,1.0136493856414752,1.2253384315214615,0.14529019311806488
1.9437625923858486,1.4140939171950067,0.8222771614944422,0.9102274364499839,0.9226528443093479,1.7745134079869285,1.782018531438629,1.2102739961375755,1.8249874902464556,1.3030149541656912,2.079379500169461,1.6657442269217222,2.0608642982927097,0.9541074901196938,1.6897604626816516,0.9992395036781793,2.0456439114768488,0.7801966002972046,0.9603621177468032,1.0051164588251233,1.1747781735480305,0.9990847918888935,1.133915248414536,1.3432791008046263,1.0430868022141784,0.6370932454475725,1.3653598746685531,1.673891993819914,0.7861818167310771,0.9992982905990406,1.146122431610995,1.6360287715941182,0.7333354808730014,1.2330637153691215,1.0668626128093448,1.1038675725587774,0.6267323420041577,0.7814942182400237,0.752125874474745,0.7545006656080399,1.0916469662066373,1.0814497205601707,0.9189531998148088,1.2708715664183965,0.5257164755977956,1.7753198416901523,0.7564258132006608,1.054841561224588,0.949130375541325,1.0341562672132882,1.4152424792326932,0.7518864517093377,1.009492290709411,1.2935260635427417,1.0879365420184834,1.0136493856414752,1.2395737390474868,0.1475288825010736
1.9136499910902143,1.4156133776428896,0.8208536663763359,0.8178950874798778,0.897193375226534,1.7745134079869285,1.7410615290682705,1.1938228161831248,1.9106528805058156,1.284412427709835,2.0698165996909395,1.7467777487129643,2.0331442475730306,0.9192927438790243,1.6897604626816516,1.0016023876690572,2.00693006203306,0.805360964157418,0.9828107355762271,1.0372183636606973,1.1034932145031047,0.9990847918888935,1.125069976504571,1.3669537232597977,1.0401924883261828,0.7781537577584453,1.3653598746685531,1.673891993819914,0.7565438632100894,1.033822543991389,1.1798310598578556,1.6070732501380538,0.7781455102385871,1.2330637153691215,1.0190209818903815,1.0688678320190608,0.6060664553292622,0.7845847895440395,0.7886204625230487,0.7525496535583692,1.0562015191471816,1.0594259657291059,0.9189531998148088,1.275308528634085,0.5245874225154358,1.757685601313153,0.7627778230376487,1.0392216644815777,0.9327560843923514,1.0341562672132882,1.4072457306334845,0.7291363812393813,1.0268726291738222,1.3330868316624682,1.0879365420184834,1.0136493856414752,1.2608388788485556,0.14781583923112288
1.9345324567014062,1.3534177270852528,0.8323405994436618,0.8169228605437098,0.8953716431632149,1.7745134079869285,1.7692418047426324,1.1764964726081952,1.899594490391548,1.2439303623890487,2.094495304802322,1.7779911012641616,1.9830712289538905,0.9200056401861756,1.6897604626816516,1.0196921590088914,2.02951368876471,0.7362234004446478,0.9447647442606414,1.1049173873639175,1.0987239556972388,0.9990847918888935,1.148160364244459,1.4066467142741383,1.0200742103220763,0.8223572935029174,1.3653598746685531,1.673891993819914,0.7350826163366091,1.046830200533617,1.1922650740189724,1.6345812922784455,0.7989909876001655,1.2330637153691215,1.0207325512174064,1.0735221369221548,0.639157447248886,0.8070920012365025,0.7782414469095965,0.7782055396958061,1.0522633626825957,1.0237453614951149,0.9189531998148088,1.2731327387440439,0.5002379102800991,1.808590791808048,0.79342546330795,1.0378655646798003,0.894604418315859,1.0341562672132882,1.4415793508303811,0.7113331366486197,1.0359086880966744,1.3556321609223643,1.0879365420184834,1.0136493856414752,1.2429367040671344,0.15360985284138082
1.8597547452101952,1.379689858371828,0.8347259632963281,0.7339551285719736,0.9126816024780079,1.7745134079869285,1.7529280781316527,1.1849146414427487,1.8355103620699966,1.2252387867581032,2.0400341181884873,1.718619679450346,1.9618956693488876,0.9065506209553222,1.6897604626816516,1.0132155344715355,2.120726128162943,0.8384620473860324,1.0402475279166994,1.0687371029862314,1.062559224523018,0.9990847918888935,1.1361979097022656,1.4297966101755446,1.0535518787747722,0.8340006779817112,1.3653598746685531,1.673891993819914,0.7307206865548973,1.0723736976497815,1.2582959740391007,1.6500114936294932,0.7899910473981392,1.2330637153691215,1.1075837338466978,1.086058738999976,0.6109086321771556,0.7812462631170435,0.7492772046088413,0.803624412548372,1.0511354318304753,0.9972145149383428,0.9189531998148088,1.2730134252253549,0.5159633825951868,1.7499257554145498,0.778810313834813,1.0629036197512158,0.8693583998253103,1.0341562672132882,1.4351823990132422,0.7266590721207257,0.99242122653169,1.262424452372064,1.0879365420184834,1.0136493856414752,1.2545768009061422,0.15961968879416272
1.8863823339873211,1.4261756465605764,0.87884529298341,0.7643789380020215,0.9327906473584728,1.7745134079869285,1.729536427606429,1.1718052628401743,1.7747194244226254,1.2005352441548083,1.9990967446815888,1.7577517001725382,1.876595030680264,0.9947074328005557,1.6897604626816516,1.0084682039206623,2.209163392377947,0.8320626564138804,1.1363916547821393,1.08783539242645,1.0610617721475297,0.9990847918888935,1.134582942038652,1.3816530949772174,1.1024590547548232,0.788962953251193,1.3653598746685531,1.673891993819914,0.7027459859627501,1.0848350495617602,1.1936594814412216,1.5705661391184145,0.836124835753491,1.2330637153691215,1.1120279215269155,1.0720410040208765,0.6400912502226173,0.7691620678297583,0.7508718760568296,0.792781445590181,1.0426880203803823,1.0128908395615641,0.9189531998148088,1.27973276058318,0.5934015921123967,1.5641140620439142,0.8285406546785872,1.0350444627310385,0.8841986103675522,1.0341562672132882,1.4305488475496624,0.7450397325781245,1.0256230926272123,1.1816721286348395,1.0879365420184834,1.0136493856414752,1.262996094728237,0.15620706171485232
1.8904860622267925,1.4143945371756685,0.9283822265628293,0.7615517421251136,0.9297448147806632,1.7745134079869285,1.70689160876218,1.1669275252704876,1.8525091614501004,1.2473069172741678,1.9628254443499646,1.7548531003392782,1.9000208047408473,0.9493493075298001,1.6897604626816516,1.003577699464559,2.1579126185758617,0.8047286656420618,1.1546601331156725,1.1222042185539922,1.0965192074847276,0.9990847918888935,1.146711388161983,1.3492191309238,1.1208193007186784,0.8757106675982929,1.3653598746685531,1.673891993819914,0.6863898461485258,1.0937479997459045,1.1975494739262484,1.5555694849562556,0.8561541520092306,1.2330637153691215,1.1131432041195248,1.085171644896136,0.6550700132762145,0.7559829728115174,0.7243969989730523,0.7658060925597748,1.0584318121146679,1.0689772759334586,0.9189531998148088,1.2840829591362473,0.591747371201667,1.6554552666807192,0.8860033489349293,1.0759394645323457,0.9239029635113829,1.0341562672132882,1.4366648899831973,0.7406706689397429,1.0665471929096635,1.1794845839083812,1.0879365420184834,1.0136493856414752,1.2439500891912558,0.15055158643456798
1.943823876476054,1.3904458293071758,0.9620894983442319,0.9878513134309238,0.9261150105093581,1.7745134079869285,1.7533542272396072,1.1374738002671858,1.8208228178527301,1.2201515212847243,1.9497835151759293,1.7357931216069908,1.8837876841210148,0.9398482162613571,1.6897604626816516,0.9998291944826185,2.161049935431921,0.7229928515015077,1.1921957265268095,1.124993343416801,1.1534469312648612,0.9990847918888935,1.1345187367184972,1.3940247542367565,1.0726725189815092,0.9061067500681989,1.3653598746685531,1.673891993819914,0.7324404277713314,1.0906504967357553,1.1867508318929663,1.4981221791347064,0.8393089239168426,1.2330637153691215,1.1015114792932466,1.1077001365853836,0.6385215066516282,0.7356959055480969,0.724809407756173,0.7892466522889084,1.0954676903084983,1.0401169039553937,0.9189531998148088,1.2959906523312053,0.6376263903923316,1.7999967898834133,0.8731042219031261,1.0534956414122838,0.9606416107647023,1.0341562672132882,1.4243437508671168,0.7301553490571243,1.0600358073807221,1.2129362871450784,1.0879365420184834,1.0136493856414752,1.2432157459890611,0.15849653165776512
1.913082685094267,1.406944984154564,0.9911314130517789,0.9238675845684354,0.8845996461878721,1.7745134079869285,1.71514093045794,1.137381907280069,1.7484304357619003,1.2405118007611895,1.9803160240042377,1.7263471188635409,1.8877851221720519,1.0164237940825482,1.6897604626816516,1.0055624663121896,2.1187530620101613,0.6797169418152506,1.1870573663516095,1.088192757465852,1.2716232645467418,0.9990847918888935,1.0820336018484815,1.3669581481044986,1.0400905658458903,1.060570771485832,1.3653598746685531,1.673891993819914,0.7057360112320676,1.0619444327894065,1.145717147673695,1.4397413766604907,0.8569128349656002,1.2330637153691215,1.1059120711870511,1.0970133215255338,0.6878732691990798,0.739624073142152,0.7742239929166526,0.7413134183694331,1.0714982686925631,1.0005933822273019,0.9189531998148088,1.2943158719263117,0.6249023848217363,1.7217372340642871,0.8779696917055589,1.0180151350041853,0.9399029404438713,1.0341562672132882,1.4207841154991097,0.72461068951464,1.1125565990583997,1.2765528018394448,1.0879365420184834,1.0136493856414752,1.2628095611787822,0.17432762684068936
1.923622163104622,1.3706813883180116,1.046474363702659,0.9202642805978939,0.8886865561292012,1.7745134079869285,1.7919104176737122,1.1158067929356967,1.7056428454905348,1.1901924575384204,1.9452655484034167,1.6905013830601108,1.8146586014448294,1.0528560049092113,1.6897604626816516,0.9920704650984989,2.0994569783815664,0.7007460216889024,1.1514591741217148,1.0745828349142335,1.3679442884648692,0.9990847918888935,1.0683333497680194,1.2945447803410928,1.0384260539247896,1.070981013195793,1.3653598746685531,1.673891993819914,0.708147602671293,1.1205861095538372,1.1138182404881505,1.3385498124147637,0.861279040441303,1.2330637153691215,1.0839024350540338,1.1034666118644756,0.7408080948944271,0.7771249923265926,0.7576582212848189,0.7069642309893331,1.0647909123866595,0.9628012027732676,0.9189531998148088,1.2792967336394623,0.6195609975389694,1.623411938381177,0.8930099479936472,1.0080840908632984,0.90924906743714,1.0341562672132882,1.415606130178947,0.7321669673325608,1.1013213065636345,1.2438427945315746,1.0879365420184834,1.0136493856414752,1.2859723463623904,0.1682164567266301
1.8669961750921726,1.423601152925756,1.0556013224674696,0.858870581813659,0.9404716134773662,1.7745134079869285,1.787343872761749,1.128628090066136,1.7529597785290802,1.1515313037951989,1.9276206349090803,1.7190688699382943,1.7644881743473657,1.077441046463583,1.6897604626816516,0.9948690225439248,2.1058203832000113,0.665275914959811,1.153118253448,1.042668098104123,1.3332456725121395,0.9990847918888935,1.0560088941734411,1.2960001985758702,1.000368668397273,1.0734214031389966,1.3653598746685531,1.673891993819914,0.6839249196844563,1.0901545967590216,1.1133883409232932,1.3588674142162045,0.8391466438813435,1.2330637153691215,1.0394236184347883,1.1104007131519147,0.7298301562780588,0.728284703183935,0.7292326328351463,0.7044798301050591,1.0401900844795509,0.9329611850121503,0.9189531998148088,1.2809435801184303,0.6509567470019199,1.6115845709983176,0.8901980577492455,1.0343709621778214,0.9291100328298323,1.0341562672132882,1.4081955692207564,0.7480602528658916,1.1011437650387275,1.2483753657667673,1.0879365420184834,1.0136493856414752,1.2947941390015223,0.14400004251130336
1.8377955257455487,1.4545232562392336,1.184922042407763,0.9333284610880629,0.9387114004132249,1.7745134079869285,1.7873938637456486,1.1193407013209558,1.6607988549525332,1.1124076491687822,1.92265081664778,1.6536165474890774,1.7699401026686223,1.0767767462317201,1.6897604626816516,0.9927876968006234,2.1107614721595844,0.6979319333591485,1.1500289667763712,1.0793948064305368,1.2274309520764795,0.9990847918888935,1.0502440446476364,1.2999984272913025,1.09630394003689,1.0728723439124432,1.3653598746685531,1.673891993819914,0.6813840443853231,1.0633713878895494,1.0931373653726035,1.2669213361468608,0.8476866186507378,1.2330637153691215,1.039500072955696,1.131158679628245,0.7783919729935701,0.7497378481189595,0.7164042998118627,0.7059610268230332,1.0426714890136406,0.9305219185607463,0.9189531998148088,1.2782361503849426,0.6516731686995253,1.5145924072727717,0.9140578823874715,1.036190415167268,0.9920660193324725,1.0341562672132882,1.4124419594688677,0.7588830145569146,1.1089263804594083,1.176433075574881,1.0879365420184834,1.0136493856414752,1.2870696304915608,0.13607006625855375
1.8100205059234207,1.4690064535444043,1.1772580207270957,0.9509901701217941,0.9357684713248534,1.7745134079869285,1.8067267969251144,1.1568799309467301,1.698592468834817,1.162627808436197,1.862841120203357,1.677199228231543,1.7680197682506194,1.0764274130933311,1.6897604626816516,0.9876855444109071,2.1425456290020675,0.7452226983635883,1.2103177386851052,1.1710909067106796,1.226199504563104,0.9990847918888935,1.0679798018824251,1.2405074684545783,1.09052581594948,1.1897423887987104,1.3653598746685531,1.673891993819914,0.6342822370099617,1.0051841056534507,1.090018297937083,1.260594190617277,0.8563903460549459,1.2330637153691215,1.0705779007237806,1.1342806915019887,0.8068136757930617,0.7658675327987889,0.7521659962958565,0.7953888912883514,1.0386022897528069,0.9317922415732686,0.9189531998148088,1.2806572048343055,0.6507648882883406,1.5614814940176855,0.9262197300057179,1.0229004282119525,1.0027808780799605,1.0341562672132882,1.4421927950690805,0.8318377163007403,1.1089248735945572,1.2727644290045483,1.0879365420184834,1.0136493856414752,1.2712680652466908,0.16129703822794028
1.9793502830811174,1.3067752193644717,1.1863111550948073,0.8916642844643519,1.0201850669119623,1.7745134079869285,1.780868660124253,1.155390010714043,1.7736353628951818,1.1161335099642649,1.8335927129102312,1.7145865941371126,1.6031602847573077,1.0380920914056186,1.6897604626816516,1.021895064944232,2.095870213093714,0.7153275888006704,1.1933114216923442,1.2124733955590892,1.1645474320026319,0.9990847918888935,1.0291102788253148,1.2362816405861294,1.1216659332228744,1.1281824314581488,1.3653598746685531,1.673891993819914,0.6661276481962481,0.8922849498290388,1.080586979247836,1.2172535471629804,0.8354599141137286,1.2330637153691215,1.066357089843782,1.131180185879595,0.9025814710920456,0.7936042242431229,0.7598827689609351,0.7826370633527319,0.9433251988895541,0.9530891317765099,0.9189531998148088,1.2837759796337838,0.632321106025047,1.4791676286605322,0.8838207065539145,1.0019287025700814,0.9511352269213628,1.0341562672132882,1.4716066398204282,0.8711609188997598,1.107897466576927,1.223845812183162,1.0879365420184834,1.0136493856414752,1.3049922949646955,0.08853631772175709
2.116040602850811,1.3371137455984072,1.1218453260878392,0.8848627535989482,0.982036503892471,1.7745134079869285,1.8117373369989647,1.2122178734034155,1.8213234848371793,1.1352103768788604,1.9810933066314873,1.5917571865649494,1.4501462433935544,0.8921847343702388,1.6897604626816516,0.947979897838346,2.131618400026354,0.8390158359459935,1.2132222477401882,1.1229122567781362,1.0654513536269665,0.9990847918888935,1.0086641170572432,1.299011431636026,1.1734680075703279,1.1074133693040367,1.3653598746685531,1.673891993819914,0.6318806945913822,0.9616157600789431,1.1643686482234523,1.2251812787574505,0.9818075950694266,1.2330637153691215,1.0772415127118786,1.1437323077426078,0.9562857175179468,0.8179623570428574,0.7318873408389851,0.7214776495626091,0.8918397634074295,0.7936873665127101,0.9189531998148088,1.290990227239645,0.645649756451825,1.4788527693401046,0.9296849482324197,0.9049652107398438,0.91303156160563,1.0341562672132882,1.4691433828551808,0.9413375705663756,1.1612873675176576,1.2147903957050876,1.0879365420184834,1.0136493856414752,1.3116992900781017,0.013668144838511639
2.1723971776331497,1.23147284136988,1.0921930141777507,0.9297003403106523,1.0534342363385243,1.7745134079869285,1.8640627152908957,1.1460277768421543,1.9207142339660803,1.2703485328166382,1.9016514932235185,1.5166581967295714,1.4242643282364467,0.9219089451849113,1.6897604626816516,0.9581116428377332,2.0711520930761016,0.9459979805736249,1.233099222294175,1.2198021363245768,1.077524722611716,0.9990847918888935,1.035656111347486,1.3352220653850873,1.1489456384039411,1.3648777222024686,1.3653598746685531,1.673891993819914,0.6334171745864638,0.9500900420556307,1.1133700358070002,1.1703308883322405,1.1379727952828884,1.2330637153691215,1.1346579433426487,1.1242836584989244,0.9204892358959217,0.8801620575799506,0.7096197868955724,0.8009345630678959,0.9935410283774592,0.8031898341829392,0.9189531998148088,1.3134722948141622,0.6623365411554771,1.5528368516476156,0.9904094301767281,1.0258124796963193,0.9264492144563858,1.0341562672132882,1.5168391983510316,0.9783705153585999,1.1522033466699515,1.0508799298369678,1.0879365420184834,1.0136493856414752,1.3063121740661119,0.011495673420226567
2.122252186595807,1.157182314917183,1.0506588045416463,0.9945233029952663,1.0343822308415846,1.7745134079869285,1.850424838743515,0.9875205391110401,2.019003833727472,1.3366537530363432,1.9838414212378566,1.6381196558969349,1.416433805261503,0.8789796930223484,1.6897604626816516,0.9825734728368924,2.101320655342699,0.8495957122297623,1.2377520867580776,1.3651527704462827,1.1926555451619818,0.9990847918888935,1.0311234104166438,1.3101789340965706,1.134722860788498,1.5881480050025285,1.3653598746685531,1.673891993819914,0.6719412524946698,1.0293713065949575,1.1753101523684495,1.1812237163330235,1.1379022877354048,1.2330637153691215,1.1566502281766846,1.124615947781941,1.0211163547346274,0.8142929855445271,0.6825934216088582,0.7275433073927672,0.9881205819762593,0.7973778813019612,0.9189531998148088,1.2936948969692479,0.629393141389827,1.7055395455414863,1.097129564380531,1.0641882992372804,0.9673371099702951,1.0341562672132882,1.5782458149782939,1.0275023103249568,1.128513999724752,1.125488746796213,1.0879365420184834,1.0136493856414752,1.2822079455199185,-0.012553995660799183
2.214910103158657,1.1347719548804636,1.056921032039007,0.962332825332855,1.0354712598385747,1.7745134079869285,1.8562005947164653,0.8595329378928731,2.0804667676942157,1.402435624690138,2.345060286279064,1.613575916056321,1.376444897748228,0.8952652512543322,1.6897604626816516,1.0104369873531518,2.089705462679305,0.997969555471082,1.3496163259111484,1.2595934514684795,1.1940483584609396,0.9990847918888935,1.100218151567807,1.3531761776177216,1.1942168883996547,1.417803494776028,1.3653598746685531,1.673891993819914,0.6961029718528319,1.210831981741804,1.2229555526862097,1.3374636477386912,1.2315192238632962,1.2330637153691215,1.1390529402054261,1.1872629827163077,1.0915051145700696,0.8343832973280753,0.6319066002590099,0.7791618144961682,1.0262367803539316,0.8315201714167161,0.9189531998148088,1.313182154071937,0.6481783040262419,1.6565928363590108,1.131154252168501,1.118841449981562,1.0075108099349113,1.0341562672132882,1.6348888198762952,1.0830778041503004,1.1721318640267189,1.2796731011491318,1.0879365420184834,1.0136493856414752,1.1650317740325475,0.007064091296082565
2.29160669202858,1.069380378297468,1.116510768146668,0.9667932825928903,1.053007282935703,1.7745134079869285,1.806584857303795,0.9094819425539981,2.075892158309088,1.4152415224796926,2.338000383265253,1.615083970166817,1.547217935080009,0.9053505399703585,1.6897604626816516,1.027156820390626,1.9172856632805624,0.9163062826213532,1.3999705578036985,1.3443943127710836,1.2095935153943336,0.9990847918888935,1.1637642594612307,1.326286741220706,1.226321900600679,1.3802683014744221,1.3653598746685531,1.673891993819914,0.7200520952391091,1.2261845690867144,1.2071418310919784,1.3599817345807825,1.2337355330195814,1.2330637153691215,1.1529825397072266,1.1582389018630654,1.1400332781759777,0.8315469888847606,0.6080935832922494,0.7590743583953904,1.0054888684072325,0.8605245659009363,0.9189531998148088,1.3960079999478172,0.6196132546175053,1.8256391468649829,1.0702327025536407,1.0609261411204798,1.045615750723466,1.0341562672132882,1.6623651468173901,1.0342144285634691,1.137035473322897,1.3257521982133729,1.0879365420184834,1.0136493856414752,1.1378192287076694,-0.031923103449766774
2.29849904306603,1.3083472323383099,1.0566099614976354,0.8781961557904171,1.1399885163176045,1.7745134079869285,1.8030396157307895,0.9438012032355917,2.0569956433059033,1.3688773364261784,2.3839623521014754,1.7162500502868998,1.5230534694081055,0.9125040089238905,1.6897604626816516,1.1335853453610352,1.8009917548187118,0.8393528560748018,1.4534825539681235,1.2321729867513698,1.2660720127931544,0.9990847918888935,1.2216212140095501,1.368498542367773,1.2967337452049155,1.3823750365406202,1.3653598746685531,1.673891993819914,0.7226563333014967,1.2480208623308076,1.1153545447690223,1.4143866590675322,1.2034145478121967,1.2330637153691215,1.1852744378792683,1.2081378792970485,1.166735691786638,0.8575358466569432,0.5956561963498419,0.8144739849733865,0.9955792269145204,0.8894583855771487,0.9189531998148088,1.4108718906150364,0.5774569944700813,1.6985460746906078,1.0890025086416049,1.0146367261868385,1.0125223496917986,1.0341562672132882,1.715134031642715,1.1458027714885575,1.1716480961698654,1.338075066065565,1.0879365420184834,1.0136493856414752,1.1372845231485282,-0.022824613510183292
2.1727293083882713,1.3150034718256995,1.067348803622652,0.7989728416230257,1.1182588849592021,1.7745134079869285,1.8319922020832669,1.0193161759234706,2.0892846192901313,1.4136560121483603,2.4802300866303155,1.772636094868008,1.4162672745515492,0.8535835678097253,1.6897604626816516,1.1823982585068664,1.856950773854846,0.8610378893200065,1.4704694578566806,1.1639070253959105,1.3341000480682335,0.9990847918888935,1.3122522538495383,1.3670718907085595,1.2279099780538794,1.4160255104000077,1.3653598746685531,1.673891993819914,0.6904725176421919,1.2296236761725288,1.1157727902938925,1.4264026379106716,1.2353450521427793,1.2330637153691215,1.1887614203850823,1.2242176462268473,1.1166038979218131,0.8332817718337545,0.5674392902635802,0.8505070640439416,1.057943279402004,0.9014713993655605,0.9189531998148088,1.4626211358810777,0.5966584268925414,1.7786276633946891,1.1035894820909207,1.054565841122401,0.9510291106765872,1.0341562672132882,1.7862323013485388,1.149970538916214,1.0985712107088006,1.3823159346585026,1.0879365420184834,1.0136493856414752,1.1412654705184415,-0.01672856721571788
2.170204269926614,1.318141601127813,1.1827513747760077,0.9124013391152096,1.097662209956684,1.7745134079869285,1.9579530586032996,1.0267734225786214,2.0602956251964626,1.4344638495703133,2.424342906707377,1.679815157202205,1.3916927507256056,0.8631771826572441,1.6897604626816516,1.2598422822841073,1.8582911454353175,0.8512211116523722,1.5265139714031513,1.2128473361381855,1.3103802398166045,0.9990847918888935,1.2978977682454886,1.339390875264817,1.149505795126072,1.4587284763796151,1.3653598746685531,1.673891993819914,0.6772124999220764,1.2788440728058177,1.1892314018257513,1.3880349810364976,1.2052328490473037,1.2330637153691215,1.0955270324559243,1.1758175869268865,1.1562139497418493,0.8397133979355953,0.5854260067671846,0.943552147150617,1.0028503057351972,0.9114012518417631,0.9189531998148088,1.5755146452889053,0.5796221744306712,1.777319749108265,1.0999823628111836,1.040593923789938,0.9542517727763393,1.0341562672132882,1.8068357710160856,1.1326343271032782,1.0730596660673029,1.4530963617545714,1.0879365420184834,1.0136493856414752,1.1313247129033026,-0.026420641416034934
2.18336451755315,1.3719637791535535,1.2290073490886027,0.9792533209008214,1.1004588248982519,1.7745134079869285,1.8084940744699611,1.0453236622266169,2.1462783828389225,1.4429565724132782,2.407236116389787,1.6199248912751811,1.4158777795554258,0.8573680409788486,1.6897604626816516,1.2619544678205152,1.841501750101096,0.9952145099715559,1.4987213495167464,1.1549121882006779,1.4077426808303677,0.9990847918888935,1.0819211929394295,1.3539927073864166,1.0960890074046665,1.3824452191091583,1.3653598746685531,1.673891993819914,0.67155949792958,1.2529552318638661,1.1599902039035828,1.352737006347388,1.177008164027106,1.2330637153691215,1.1008895913267216,1.2188204666519322,1.213799534439724,0.8346311520679973,0.5660285098411714,0.8785311153389064,1.0072719758304045,0.9288553760900784,0.9189531998148088,1.5466022805713688,0.564117213765828,1.7912821816609916,1.1105581979984638,1.0052201923357247,0.9592839905623118,1.0341562672132882,1.8031441354820332,1.1395912861367705,1.0298690778871031,1.3527071764622944,1.0879365420184834,1.0136493856414752,1.153143316341416,-0.06549577313869412
2.2023595262396207,1.3759556173776524,1.1957703596698204,0.9870201165598254,1.0447120808310848,1.7745134079869285,1.7820588304274,1.0642947700631762,2.1132926166730535,1.4380466450702543,2.286965238450442,1.6275638490180657,1.362518441201578,0.8721898711546441,1.6897604626816516,1.4410161308408511,1.7824331295940408,1.007835523715027,1.5321136250202803,1.1421599411143957,1.401452029461282,0.9990847918888935,1.0561863299830925,1.26731152053409,1.1940153490641363,1.3542065711824267,1.3653598746685531,1.673891993819914,0.6581386737665748,1.233685882104744,1.1103482738787795,1.3473251410400997,1.1527514559825138,1.2330637153691215,1.081207809017087,1.206182213348357,1.2197508302208229,0.8217887702809283,0.4928304340001085,0.8850695007350519,0.9302343479342339,0.8993489106161257,0.9189531998148088,1.6484095465508144,0.5197111714167921,1.8135076036682451,1.1191623751199282,1.0029465046145893,1.0151935296420527,1.0341562672132882,1.8639026739351012,1.0704796007293425,1.0277181823907613,1.293249077186219,1.0879365420184834,1.0136493856414752,1.1648415814404502,-0.13165225042594014
2.1532095201103987,1.4055194372882827,1.1937848636431632,0.9309529644983141,1.113415593045268,1.7745134079869285,1.7538340251211009,1.076286279650618,2.023437634655902,1.5021269279899612,2.336650010251473,1.686326347737553,1.3204982992829188,0.8495015660332071,1.6897604626816516,1.4563260753778593,1.9466198199335256,1.0194762707839058,1.6744530492516863,1.1032137802983049,1.319580161069843,0.9990847918888935,0.9946919096287762,1.3518467081432464,1.213202926351754,1.3571455082554815,1.3653598746685531,1.673891993819914,0.6717213835488154,1.2145471779644654,1.120820967374174,1.318969804316703,1.2165323244281128,1.2330637153691215,1.0808452487168927,1.2189358237575219,1.1567910513031163,0.9223662374150948,0.4659603250296205,1.0297754945631161,0.9632529723217355,0.8635992888169031,0.9189531998148088,1.657980942691057,0.5664973598779329,1.753084852557905,1.1896422013302153,1.0238478918404263,0.9788138925988703,1.0341562672132882,1.9453864939989909,1.0932919599576476,1.0227969273635507,1.2806142747763114,1.0879365420184834,1.0136493856414752,1.1506302539420863,-0.08950929472933986
1.9756296573887366,1.3839126574675433,1.2111717433912934,0.9122507675287528,1.06639534192551,1.7745134079869285,1.679207772915431,1.247578484020218,2.052363648752159,1.517999625219706,2.3046907764372704,1.6427670251820945,1.263495246502905,0.8358990013987395,1.6897604626816516,1.7017539331230067,2.005785572961925,0.9732544256659232,1.641581101253476,1.1302010904238753,1.2827825867834728,0.9990847918888935,1.012701717824424,1.2858232750004863,1.207041803188929,1.3463206452688283,1.3653598746685531,1.673891993819914,0.7033093012366217,1.2157834934280076,1.1471865211097205,1.3033829246097264,1.1304206321189632,1.2330637153691215,1.1265664500773407,1.2441410863235123,1.0939387289686033,0.9533354261615912,0.4611901971778094,1.0478169419425714,0.9727072908342543,0.8457420230217859,0.9189531998148088,1.6003353327010859,0.5804620134769108,1.7126252553560428,1.2172639113596382,1.0622216102589144,0.9761409119800291,1.0341562672132882,1.73512201979941,1.065077676923995,1.0883662115538193,1.3540040801322455,1.0879365420184834,1.0136493856414752,1.1787931124497286,-0.06969875944470151
2.0062103802938354,1.3400504322860909,1.1772362782627412,1.0226238228493487,1.2286808512643421,1.7745134079869285,1.678979699608561,1.2113458823185606,2.0503867027543876,1.517493583708319,2.1852837821440407,1.7298733202536918,1.2523164743567954,0.850235604281773,1.6897604626816516,1.393948005558031,2.017764733847034,0.957788038385879,1.8624517006464583,1.1030977541709726,1.3075843890306054,0.9990847918888935,0.9837500625576516,1.4483150754750924,1.1717470183574006,1.3314797275859827,1.3653598746685531,1.673891993819914,0.6909501934606431,1.3296365905040206,1.1614491647621874,1.2677697854850305,1.149098420254337,1.2330637153691215,1.098856710652891,1.2462865908458693,1.0914995169388524,0.9464618435285586,0.44986563209260083,0.9562325913020002,0.9653551612748918,0.9462881309793271,0.9189531998148088,1.7448201348975791,0.5632633933720927,1.7599550742063943,1.160228740838811,1.042658606676669,0.9545573007694513,1.0341562672132882,1.582101261397519,1.0384818500678432,1.104961742461349,1.4389280498707597,1.0879365420184834,1.0136493856414752,1.1688229603081528,-0.061977372431671014
1.9082922475383848,1.3608697681042372,1.1844480119797254,1.0218860084654038,1.2478911706348181,1.7745134079869285,1.6890067354503688,1.2842569449039305,1.956018150072458,1.500601861114294,2.2576447617302806,1.7441666859966736,1.2311403614392222,0.9102614314646069,1.6897604626816516,1.3770349750267248,2.105247876796705,1.006438208818073,1.8533981347061697,1.0273847620484904,1.285687660587141,0.9990847918888935,1.080076433295546,1.4363224596007358,1.1495323774736999,1.3336397420168347,1.3653598746685531,1.673891993819914,0.7431454461433061,1.3216435205640211,1.0870206115597574,1.2150055131549529,1.0428374163687095,1.2330637153691215,1.0702449713667184,1.3683680627891952,1.093630429816099,0.9747097018361504,0.42274041199245044,0.9570139046337937,1.010757105926325,0.8866491721107714,0.9189531998148088,1.7830898614775657,0.5341396395430943,1.812191275707374,1.2185526768911539,1.0310790488277248,0.9531422190475974,1.0341562672132882,1.6600545317481588,1.0432053452880599,1.0998634854495337,1.4273461950219304,1.0879365420184834,1.0136493856414752,1.184314827333889,-0.07363317748752933
1.8955864421965838,1.34107760986952,1.2147150754540519,1.0198096740596367,1.2234657386285266,1.7745134079869285,1.65212431283007,1.3058356650129122,1.93152765711737,1.5040179373306832,2.2732139975455934,1.7392592617985831,1.1288107060159966,0.889741230285777,1.6897604626816516,1.7192861644213704,2.058228278700218,1.0013226999464426,1.836786370074556,1.0393158590073512,1.22519093384063,0.9990847918888935,1.1061142462901141,1.3105425224807787,1.1086674269908199,1.291659287223584,1.3653598746685531,1.673891993819914,0.7510447760960417,1.3229884010653423,1.071411768705203,1.2280014355995852,1.041361530374694,1.2330637153691215,1.088659963534181,1.3944017655521477,1.0970734798589663,0.9973004472546244,0.431278691974375,0.9776781330252999,1.0752271337893353,0.8321181582824362,0.9189531998148088,1.9628916990287109,0.5175565962672343,1.8296102057164187,1.1497790598427773,0.9998779283495703,0.9158173455616867,1.0341562672132882,1.456535151119478,1.0165731568524543,1.099364733867352,1.436345871603458,1.0879365420184834,1.0136493856414752,1.2002633220273458,-0.09606052178654682
1.9465363423090098,1.277588878477988,1.1981296187773325,1.0051175179675107,1.3276469406652753,1.7745134079869285,1.6736259111305065,1.1073860499339092,1.9981717162571127,1.449762584684541,2.273598323558301,1.6476531135647101,1.1065270111274124,0.8427657224698988,1.6897604626816516,1.927945831589116,2.260674585869551,0.9484555401579456,1.8919375295381609,1.0543817576850576,1.201946146909394,0.9990847918888935,0.9777910167704507,1.3258595342781305,1.1432629290293184,1.2905805184495676,1.3653598746685531,1.673891993819914,0.7592295291660248,1.372596565673643,1.0720151695206237,1.2582002088845137,0.9936643596400797,1.2330637153691215,1.124469579975127,1.265720872828087,1.0835222182436242,1.0629354211666107,0.4222854015547632,0.955852749259363,1.0106387379051451,0.7901259897042621,0.9189531998148088,2.202518797087535,0.5063242351359166,1.8078719388368456,1.094773651912841,1.0623938947439893,0.9685042040760542,1.0341562672132882,1.7349621951925311,0.9887834374401355,1.0760413779060995,1.412291338856757,1.0879365420184834,1.0136493856414752,1.2153456653660264,-0.07440820571312676
2.0460857138813346,1.3268955843027335,1.2124352136174068,1.0123883719916582,1.407813693125136,1.7745134079869285,1.6237710461929529,0.5726869536339145,1.9974832932664157,1.490296153581736,2.2442599309948372,1.7470270034010007,1.0909687696305752,0.8204575914399446,1.6897604626816516,1.6733503990214096,2.2619843905403414,0.9574869955488894,1.9630008496376925,1.0632131302812162,1.1921672825638494,0.9990847918888935,0.746470915665367,1.3537746450684265,1.161580072860966,1.2745222785179051,1.3653598746685531,1.673891993819914,0.8046210063772933,1.3556806572607243,1.0608390091648976,1.2301801906680878,0.9793956017434131,1.2330637153691215,1.0936896882964193,0.6963246042390733,1.0966591285637983,1.0115523247029974,0.3996307337999534,0.9869685982942833,0.9439726604540998,0.7798279270150401,0.9189531998148088,1.9752755367870174,0.47213021206255706,1.7841098341107213,1.0805194737412722,1.1080528891204262,0.9450944722784749,1.0341562672132882,2.170545657397562,0.9880410501211074,1.0895212000554166,1.4193174516076064,1.0879365420184834,1.0136493856414752,1.2096136183751895,-0.0787874028807956
1.9421197133170673,1.3153872625087575,1.182880342428564,0.9722368359441372,1.4902704724788411,1.7745134079869285,1.5832678829764586,0.744320645792164,2.011791625436863,1.4722864923192185,2.1947292598087844,1.6390233498867899,0.9882267123965984,0.8260383271264801,1.6897604626816516,2.5927330096569143,2.1565794174121686,0.8788346685629506,1.889091523929154,1.0061132313783632,1.2510292058068513,0.9990847918888935,0.748349700383193,1.3146663394805533,1.1497343683892738,1.2620654077093725,1.3653598746685531,1.673891993819914,0.7999044472635276,1.375209616374623,1.080069101182494,1.28242105690212,0.970030821411707,1.2330637153691215,1.0810149861483058,0.2853714622514374,1.1368031355998884,1.02050647557357,0.4172663648355384,1.110099556189059,0.985793553613524,0.794144401828886,0.9189531998148088,2.2392131584242745,0.49856993971338537,1.8347155866577756,1.1049302171576392,1.1209684595297587,1.003885842832027,1.0341562672132882,2.2165377055028235,1.09134225232724,1.1130958388959666,1.5285468984264772,1.0879365420184834,1.0136493856414752,1.1989005635204013,-0.0809955741918596
2.0924177772450347,1.3562920427273928,1.2326297066254377,1.0265489917541164,1.5435000401728742,1.7745134079869285,1.665611378010196,0.9063137237450487,2.1043091171888495,1.5022629376174654,2.297218137125933,1.722197514629676,1.1348278327346022,0.8308581809486666,1.6897604626816516,0.5550858187903833,2.2828836138193407,0.9275751058603879,1.9613631856985676,1.0438419868108266,1.2530739469405119,0.9990847918888935,0.8221670032156992,1.4090173307487828,1.1879149492703354,1.333261091666507,1e-06,1.673891993819914,0.7838944247009734,1.3112162467352189,1.0232243280582771,1.2322270887899018,0.9415079827841212,1.2330637153691215,1.0341862838457412,0.6184566445918784,1.0763310342219519,0.9414599991648821,0.38410526965268854,1.0516935473353843,0.9364177391715239,0.8251004465881112,0.9189531998148088,0.6057135002296921,0.4482877785601143,1.7628331953241767,1.045669937638119,1.0480274917845989,0.9367609455738768,1.0341562672132882,2.4102905098452454,1.0299006234867754,1.072081950597051,1.4690085299408102,0.9557393353060291,1.0136493856414752,1.184494292630516,-0.08326685390146642
1.939136729327562,1.335261222568509,1.1688803387886006,0.9872816564504368,1.4018968952684747,1.7745134079869285,1.6792459572113545,0.9063375992285768,1.996718816877977,1.4310193587194595,2.168843207486272,1.6312422647967468,1.1242735265458477,0.7717527969360314,1.6897604626816516,1e-06,2.2439294467879374,0.8924761691067542,2.0708178431492956,1.0482211299863518,1.2331670908298422,0.9990847918888935,1.3973467621973528,1.3111304580442313,1.1623259315704948,1.2865081472490565,0.7575336671493796,1.673891993819914,0.7341366175664096,1.293553236868034,1.0278520307120602,1.2802018694595447,0.9985855636805522,1.2330637153691215,1.0486386268114245,0.9649293268930091,1.128856520168443,1.0002687612354,0.37517857908035535,1.0800059061770437,0.9637958440942914,0.9318753670238914,0.9189531998148088,0.5728767722352658,0.4828310512019472,1.8350999755817075,1.1204113118618813,1.192047052158996,0.9783574375556796,1.0341562672132882,0.8638451614462389,1.0728261573251536,1.1201260649943576,1.5326494084382976,1.3149213916890634,1.0136493856414752,1.1745601318516141,-0.10397327663838452
2.009727124719269,1.3700900163891705,1.2709317070307535,1.0007974236924073,1.4045213756948831,1.7745134079869285,1.6532109869015796,0.8799696753810099,1.9306285193207042,1.4097305486763396,2.1460201851194203,1.664335063853342,1.1416964673593981,0.8403829736197157,1.6897604626816516,0.271479779145743,2.2849774655251163,0.9108000185025791,2.040999691963905,1.0635414243298702,1.2178479271466023,0.9990847918888935,1.3973467621973528,1.3853001550108184,1.11820855572082,1.297418919611595,0.8273766943089357,1.673891993819914,0.6996917587904758,1.301489171893086,1.0644013337352771,1.2803048721921686,0.9604674705763163,1.2330637153691215,1.0351473507584825,1.064403364288069,1.0874539460141461,1.0300836290637438,0.3881760718160581,1.0585352869345377,0.9216651315057404,0.987533582579697,0.9189531998148088,1.0262665191543174,0.49202290446177366,1.8438383565684289,1.106915231199503,1.183889336000934,0.989086068067286,1.0341562672132882,0.8638451614462389,1.0947731249619475,1.096285210591872,1.5126230765482176,1.192676111287755,1.0136493856414752,1.1555282349970084,-0.14228555029483414
1.9417747893386113,1.3508456923997192,1.2133956947571936,1.0179106862685796,1.4439902489106895,1.7745134079869285,1.6274285610969197,1.1459084256097578,1.9412968391471441,1.489382536199807,2.130552288149645,1.715558172598102,1.071032187269601,0.9057319218232,1.6897604626816516,0.2161333662165862,2.323452110377448,0.9270925026698965,2.031382001905675,1.0703255388686135,1.2209637312848716,0.9990847918888935,1.3973467621973528,1.3807087318743991,1.132628833038022,1.3318047343689534,0.6275948833237012,1.673891993819914,0.7139508595418712,1.2924752163933328,1.0350633474089947,1.2966315776737205,1.0104219500447145,1.2330637153691215,1.008097566699642,1.1077669499578584,1.1123679036941498,1.0430170512989267,0.37319874662568336,1.1033897244798514,0.9124863082323583,1.0282018762048721,0.9189531998148088,1.2714483577932323,0.5192925697932105,1.870006763317826,1.0667098282109948,1.177091292685477,0.9728840797089046,1.0341562672132882,0.8638451614462389,1.0902203079395651,1.0286850084838957,1.5391659024955804,1.0107118120393173,1.0136493856414752,1.1250488354617696,-0.10145244422208777
1.9434738968066005,1.2652032399579038,1.1831213087137555,1.0116773557428564,1.3828611422995598,1.7745134079869285,1.6497225983631856,1.0900682739439966,1.8951434367327278,1.4133656560395416,2.14986793775915,1.7238881422612264,1.1070469500901998,0.9124890159857034,1.6897604626816516,0.3348592775547111,2.362047988810617,0.9149504140027989,2.024737659427194,1.0560039582693015,1.2512772418261144,0.9990847918888935,1.3973467621973528,1.3576298898864374,1.151673803402923,1.3282963436096429,0.6722489078450786,1.673891993819914,0.690131867815987,1.3065782820277725,1.0484166731653533,1.289758839058242,0.9763360125129931,1.2330637153691215,1.0047376877121525,1.1004624599162955,1.1461840592546912,0.9826347253044422,0.39052013988420814,1.0997556410842855,0.9286013104816946,1.0144466380511867,0.9189531998148088,1.3074057331971003,0.5424809788243232,1.8860418173701459,1.0171443387010723,1.1990339339573435,0.956482266532453,1.0341562672132882,0.8638451614462389,1.1137625962571307,1.0305517692552773,1.535558728520211,1.0766934369256704,1.0136493856414752,1.1415010739375153,-0.13626768113605156
1.914694670851483,1.2496914381642221,1.2150975998210214,1.0012412120908023,1.350389952584812,1.7745134079869285,1.6719236001651119,1.3861080251669087,1.8868422172382542,1.3396802165580892,2.1827146265732504,1.7255162784725377,1.1293467054491337,0.9410309365739895,1.6897604626816516,0.42637212287252346,2.269761914036056,0.9045216383169703,2.120051114344076,1.0510684801037053,1.2275813339956962,0.9990847918888935,1.3973467621973528,1.3055580579502122,1.089257747867085,1.3303113832901476,0.8593957841888302,1.673891993819914,0.7046206617563412,1.290342853052901,1.066454805785089,1.276608515116347,0.9949383208987217,1.2330637153691215,0.9520297196786056,1.2359474244979378,1.0895414881670504,1.020514914662744,0.43188677453979374,1.1165219917658609,0.9850753933228733,0.9922236572720089,0.9189531998148088,1.4596790784644582,0.5339522272869136,1.8907893640305784,1.0529867891057714,1.1857849658006598,0.8936163958552764,1.0341562672132882,0.8638451614462389,1.1051976654261302,1.0357566321903648,1.548685263375273,1.1004418759159433,1.0136493856414752,1.1413433244175215,-0.14729644693959326
1.858345539015875,1.3234897747445797,1.1737612010257361,0.9975322921070872,1.3289544563241025,1.7745134079869285,1.7077191407237637,1.2836823293751132,1.8226792310300755,1.2946745809706766,2.1725548764268834,1.6387612989401201,1.181779980217884,0.9170403531744838,1.6897604626816516,0.520579302046465,2.2623054187437184,0.8997490134384654,2.06811553539063,1.126316077035815,1.29843291122094,0.9990847918888935,1.3973467621973528,1.4353203492885147,1.0782587664951546,1.3419856998332467,0.8578881181957586,1.673891993819914,0.6598646431066628,1.2833069901489222,1.0589534927885746,1.2731334479621343,0.9689759095251077,1.2330637153691215,0.9982917263291506,1.0778514309007554,1.0571761987033517,0.9538637615050104,0.45432050136192087,1.0766627833637359,1.0013427818542715,0.9563194421855322,0.9189531998148088,1.3980972330528998,0.5626224140110684,1.8927444250808538,1.0443508955177423,1.2689352236200053,0.9306226591794793,1.0341562672132882,0.8638451614462389,1.157150371705724,0.9824302474842788,1.5503944911264547,1.3109254563836985,1.0136493856414752,1.149000445305155,-0.16395044216493884
1.8691863246348286,1.30900152335369,1.2237312112016592,1.0227867481559085,1.2727981983937577,1.7745134079869285,1.7570034952812286,1.4176220626537344,1.7025083304856783,1.309251336097337,2.09573158056351,1.6625442539024795,1.1568063573468965,0.9341130207577067,1.6897604626816516,0.6783936313509271,2.2306895534988107,0.9200110207779755,2.103910309352414,1.1474533837444876,1.279608745811385,0.9990847918888935,1.3973467621973528,1.4230744832901707,1.0821701346459511,1.3667296981106543,0.7202062392883768,1.673891993819914,0.6492991907846417,1.3211923113560775,0.9831251132937465,1.2750692275946824,0.9541939323491418,1.2330637153691215,0.9924542241834718,1.1820563866401992,1.0438379221707121,0.9440751256647383,0.47904744658284604,1.0789854139418733,0.9139610382915262,0.9332263472029118,0.9189531998148088,1.51305062155247,0.5756155300307799,1.8487973283923127,1.042201154526718,1.252120940267987,0.9705229565287937,1.0341562672132882,0.8638451614462389,1.1404410614712392,0.9369134201981875,1.5541972815085174,1.3546866062587661,1.0136493856414752,1.1619428304851818,-0.13391759990075475
1.9085783960775906,1.3321910123169172,1.2227146996293135,1.0320947691612756,1.2515334254872295,1.7745134079869285,1.6647504768035295,1.4146746590129564,1.6994595110786501,1.3069090072317608,2.112593393508712,1.6102199574014608,1.1665592242504927,0.9319784018622348,1.6897604626816516,0.6039428832317819,2.1397808144257215,0.9345299897936208,2.0911721870043523,1.1773242593385163,1.2752563397626109,0.9990847918888935,1.3973467621973528,1.5030977503296754,1.1574950650350864,1.37352332872001,0.9942512334404051,1.673891993819914,0.6513542151463209,1.3098177470586285,0.9512205453253858,1.289061249621216,0.9100260577702033,1.2330637153691215,0.982900352347054,1.3419054208775028,1.043106651933417,0.9662730098874498,0.518249197723978,1.0598699337693211,0.9377794158551236,0.9224553694483274,0.9189531998148088,1.2733833896625035,0.5523781513063102,1.85518592126283,1.0292537519388936,1.2711121302466222,0.9642780041754462,1.0341562672132882,0.8638451614462389,1.2071493017339585,0.9298823972120249,1.5617538556211246,1.5129207947638184,1.0136493856414752,1.1552228372521232,-0.1328334581798304
1.9009487182954776,1.277336854493732,1.2730218493177292,1.0315099684345226,1.27013030726269,1.7745134079869285,1.7331631648231094,1.310623279713506,1.6929390462078104,1.2757610075495307,2.0248383457908887,1.5969764249764753,1.1634935512437394,0.871814384514477,1.6897604626816516,0.6476574854868926,2.114050833701042,0.9308202315336747,2.0349004398226462,1.2021836169168882,1.2796705097999996,0.9990847918888935,1.3973467621973528,1.484966627797951,1.2040701608868967,1.38768750335783,0.9343359551558102,1.673891993819914,0.6468034934769185,1.3243301143392663,0.9131318019778024,1.2626900543953632,0.9273619143777634,1.2330637153691215,0.9766069769323622,1.2849331339938803,0.9672034699080481,0.9318436497401837,0.5162303731692155,1.1064546938801594,0.9263107846098573,0.9247339204042574,0.9189531998148088,1.1887522560140056,0.5789020844137462,1.8326506738687505,1.0030710099556568,1.272988978838229,0.9463819372447675,1.0341562672132882,0.8638451614462389,1.194912075329237,0.8981151154396106,1.553170825626051,1.4333223140909974,1.0136493856414752,1.191435988897667,-0.11285812944118258
1.8843999555199198,1.2407146545488685,1.2911165229710246,1.047986708800205,1.2302542634379543,1.7745134079869285,1.6742977916294552,1.2056444128752624,1.7272060333294221,1.3154104008696816,1.981082770802009,1.5538819200809817,1.2115197808953933,0.8418156134909413,1.6897604626816516,0.5728884442405182,2.097558435513536,0.9317991190241892,2.019418142592466,1.2037780973550436,1.3144128633920251,0.9990847918888935,1.3973467621973528,1.5354184249180465,1.193495740703387,1.376823519186427,1.027188188240149,1.673891993819914,0.6228486799839743,1.2943182481463194,0.9489505970629196,1.2607931650809514,0.9405589584835173,1.2330637153691215,1.0144072051212778,1.3618121893837818,0.9676822304681891,0.9099752359535684,0.5093154467433948,1.1004349407244418,0.9083964811647149,0.8971298786018752,0.9189531998148088,1.2044080672583217,0.6061817660458895,1.8381131741313603,0.9781541609749077,1.2640540871093557,0.9121610028708378,1.0341562672132882,0.8638451614462389,1.2202576123171598,0.9361476925706833,1.558518697632635,1.335815739418818,1.0136493856414752,1.1902266410929274,-0.1304915179384522
1.9102617950094847,1.283658553323361,1.2722255466016479,1.051042389739459,1.2636627757174745,1.7745134079869285,1.7916498617122194,1.174754063996926,1.6350131627224815,1.3030867439632403,2.0058913429867893,1.574324827898606,1.2528948679422542,0.8082900932019635,1.6897604626816516,0.7090066369317882,2.0193679281965453,0.9409541243585419,2.0215981810653854,1.2991835091407014,1.2938314360432173,0.9990847918888935,1.3973467621973528,1.4885070999113885,1.1764793099923376,1.3839726525493654,1.0199069999110728,1.673891993819914,0.670779733138493,1.2472016194788622,0.9829369934134724,1.271407877831767,0.9504802961161372,1.2330637153691215,0.9682657557695075,1.312335303565236,0.9864083124992513,0.9046488079305294,0.500252386041756,1.1272753973666017,0.9124561568553147,0.8800967357057731,0.9189531998148088,1.278523443552871,0.6888877556269837,1.8478515586061277,0.97566433422552,1.2559011978745656,1.0058864493758688,1.0341562672132882,0.8638451614462389,1.216138003037403,0.953102850692209,1.5769966454469504,1.2943138033833226,1.0136493856414752,1.1596894523026016,-0.14178480324501008
1.939224446106207,1.3339397692579351,1.348238918356423,1.0594658979079066,1.2376821343518591,1.7745134079869285,1.7469978789324254,1.153485384072431,1.6079655398606645,1.3896017840339956,2.103221099980588,1.526379515270835,1.2274015664032583,0.7896334554506603,1.6897604626816516,0.7288593512966988,1.9552637457234086,0.930939913435494,2.0027128781095698,1.33859753874477,1.2864788037746941,0.9990847918888935,1.3973467621973528,1.5339518590369605,1.1402667033899616,1.38103033447781,0.9258789186030588,1.673891993819914,0.6336964316560849,1.3065080974235816,0.9736996563203506,1.2568766977913557,0.9352222351963724,1.2330637153691215,0.9494778325544935,1.3984576329038452,0.9763473560904411,0.8952725655150002,0.5297802962633917,1.1221794890895358,0.9128611757676449,0.9408091572264997,0.9189531998148088,1.2191289841466224,0.6916872129590537,1.8420356944370118,0.9339318994422591,1.306588079853955,0.9801607703392513,1.0341562672132882,0.8638451614462389,1.1976069733550012,0.9226027736014959,1.5759017757580815,1.2468198450121073,1.0136493856414752,1.1674666971635093,-0.15658371487492947
1.9628540905036975,1.2949377018618877,1.3177179897166422,1.0449908677622857,1.2065102068936493,1.7745134079869285,1.6903532344170333,1.236568960358868,1.666346375481446,1.36700610975566,2.0709220891229143,1.5426677154107558,1.2205215667215892,0.8556291171640721,1.6897604626816516,0.7419617900435695,1.941735741259935,0.9249446329950631,2.0524647629400175,1.283040772184082,1.3336623331802158,0.9990847918888935,1.3973467621973528,1.5096523731523541,1.1041679427924538,1.395106322408967,0.8406729469487793,1.673891993819914,0.6792278388548642,1.3182444249919056,0.9251209061174316,1.2459271765616444,0.889960719924637,1.2330637153691215,0.9241264603497354,1.3554034019678565,0.9951620502093084,0.8869278916591439,0.506266911064678,1.1005455687320176,0.9399998578540809,0.9028732211448082,0.9189531998148088,1.3244647318444527,0.658769258056285,1.840439272933851,0.9221457263326432,1.3608874984366062,0.9654689047921485,1.0341562672132882,0.8638451614462389,1.2041987442878002,0.9290456261559578,1.5818748145338293,1.2043565728338426,1.0136493856414752,1.1934088475790596,-0.13800463204091878
1.9552873211109014,1.2798577194572236,1.3216099210518526,1.0506243184551778,1.2383118711638894,1.7745134079869285,1.730386769965902,1.2782795901850885,1.6521631866528261,1.372578222964937,1.9795790089003646,1.4885268027394225,1.2136386935052303,0.8455838212064207,1.6897604626816516,0.6762909045427329,1.9501571916520173,0.9218001750839044,2.1192548086369616,1.2536917468469841,1.3246212062199545,0.9990847918888935,1.3973467621973528,1.5810320290606295,1.1592616575646806,1.383928554061241,0.8462659805473244,1.673891993819914,0.6828426958918753,1.2998645310361372,0.9263800495652159,1.2388649731093022,0.8908341653753046,1.2330637153691215,0.968791232892254,1.3694282776892457,1.045810995138823,0.9383401688485178,0.5069984606375272,1.081982705290692,0.9486775694014449,0.8439620524684949,0.9189531998148088,1.262113242398405,0.6819673766080344,1.8291499869035086,0.9401280910115742,1.353664924530076,0.9344861941601433,1.0341562672132882,0.8638451614462389,1.2160288984600789,0.932482584981373,1.5910572217649006,1.2172535291125346,1.0136493856414752,1.1934437590540947,-0.14077010568597412
1.9497134361722595,1.2883496164742467,1.2893338498040636,1.0216739873159113,1.3104584194449285,1.7745134079869285,1.8164319466173615,1.2063902433385134,1.7007536218836683,1.425884166934505,1.9920448949192628,1.5048892260373143,1.2046730220420527,0.8501165895030324,1.6897604626816516,0.6316737604164321,1.8904451136450002,0.9454341444608519,2.0873485619550514,1.2339806635020516,1.3553827274761598,0.9990847918888935,1.3973467621973528,1.572756077829648,1.1886955804204913,1.4077289335320406,0.8949849642707691,1.673891993819914,0.6988529309389171,1.2792413612163753,0.922042039012831,1.250616041434003,0.8880882501744438,1.2330637153691215,0.9517341667688589,1.421217823925002,1.0286983384867516,0.9200668989977225,0.508034323905751,1.0700713942263735,0.9887979059738798,0.8515544305545707,0.9189531998148088,1.3870578554960167,0.7138671214122594,1.8043295796074705,0.9276619036048397,1.3833876630164528,0.9216607462739361,1.0341562672132882,0.8638451614462389,1.2010889698133849,0.9272061232696704,1.5952917633274208,1.1877622321907642,1.0136493856414752,1.17405273551034,-0.14631077155063207
2.109020056074189,1.2753887280111376,1.3435761816273337,1.0558738928285993,1.3346218339500642,1.7745134079869285,1.887459768755252,1.108370428955619,1.777407563155941,1.3837944814253613,2.1049204791404224,1.516114295031691,1.192262707938924,0.8305747950908999,1.6897604626816516,0.6031766929874882,1.8963450098481547,0.961604099105694,2.0542640674023884,1.2903751418000717,1.274371997838297,0.9990847918888935,1.3973467621973528,1.5360080601587132,1.2156152421901891,1.39091508482834,0.8384774251088241,1.673891993819914,0.7476195169399316,1.2929739366575945,0.9047157488667024,1.2741721775139117,0.9619648235060113,1.2330637153691215,1.0622004997690604,1.4960993343803923,1.0096675610977164,0.980547658084947,0.5112332241710077,1.0964030832537621,0.9903117885064665,0.8167470872795605,0.9189531998148088,1.3276042822782879,0.7320244957462444,1.8386984503737194,0.9149655382747512,1.3691665598312426,0.9242159133694721,1.0341562672132882,0.8638451614462389,1.2329605052449697,0.8825202519930253,1.5955977706631654,1.29416324549445,1.0136493856414752,1.1232739853028981,-0.17215832436895276
2.1130507690063056,1.274422937839411,1.306591006384987,1.063270336771044,1.3149251896699978,1.7745134079869285,1.8244213960124034,1.082704222504797,1.8240824402166176,1.345448161802951,2.0791396684804786,1.4848991347787452,1.1672327920903551,0.8345247777578179,1.6897604626816516,0.5505659056860746,1.8981762123520947,0.9694670665777342,2.050473485757969,1.3247358380469165,1.292642664788768,0.9990847918888935,1.3973467621973528,1.5364867308768442,1.2166487935535664,1.4026719843591209,0.819286606599456,1.673891993819914,0.7578862986677669,1.2635584555632986,0.8920165300859731,1.2868755923888011,0.937721346667598,1.2330637153691215,1.0616791187334533,1.4530780705352393,0.971823998055567,0.9933849921495358,0.5018621414891968,1.135588979680432,0.9666779503547878,0.8321984109192023,0.9189531998148088,1.3077661506624891,0.7171739564122385,1.8863642529701081,0.9356970221878855,1.3375110479466608,0.9090588855970894,1.0341562672132882,0.8638451614462389,1.2117798041252965,0.8418428857349255,1.6119672770190099,1.21975500591922,1.0136493856414752,1.1217824246822559,-0.18781125787591862
2.187390222641623,1.2293088886664625,1.3245233064050919,1.0695771464693093,1.3092428969178915,1.7745134079869285,1.7349577345828135,1.0794993421783878,1.8086691410610307,1.2951883052265762,2.1043158710937266,1.4898285212880509,1.1877374105831016,0.7981748812629472,1.6897604626816516,0.5747396168886624,1.8859335639288823,0.9755211135055118,1.9727923876223759,1.346178717649954,1.3174625900458317,0.9990847918888935,1.3973467621973528,1.5481645702519482,1.2497905972121965,1.3901579803694804,0.8765057720742155,1.673891993819914,0.7451679642573125,1.3341687052699838,0.9177466162555219,1.2932534295681073,0.9582085036351374,1.2330637153691215,1.0909453877064654,1.4644814545660614,0.9112632920377599,1.0154730453671967,0.5186065264139698,1.1675376957169135,0.9912241339436431,0.8687573974183161,0.9189531998148088,1.325417082041322,0.7200179532314802,1.9360884054989806,0.9743091604434249,1.3310574811710818,0.9331562742601158,1.0341562672132882,0.8638451614462389,1.2487237831289495,0.8329194194606186,1.629938165068833,1.1339896378571857,1.0136493856414752,1.10375267693259,-0.18347698057867193
2.172229657496822,1.2397462133775001,1.2844759920845077,1.0608395606151146,1.283271332221274,1.7745134079869285,1.7351786237348668,1.0513319846782296,1.8440618154148867,1.384344847742309,2.052879852599138,1.488524009324387,1.2182450130603681,0.7370423277278487,1.6897604626816516,0.4940234347382262,1.9524268786740153,0.9804424122821767,1.931461242958642,1.268099961068103,1.366230090222173,0.9990847918888935,1.3973467621973528,1.770680972260097,1.3186807677190564,1.412662884922231,1.0137305637929799,1.673891993819914,0.7981216677046367,1.4021703471780491,0.8705336823214292,1.3152770046658522,0.9106256799758319,1.2330637153691215,1.0875553564483669,1.4280588067986058,0.9027158061103034,0.9953506270872585,0.529899290171037,1.1553257308245786,0.9405290880502332,0.850688115483707,0.9189531998148088,1.5364377264450326,0.7559878139061593,1.9632196907843755,0.9491917134567025,1.3984783937500493,0.9796100998718857,1.0341562672132882,0.8638451614462389,1.2082762746486109,0.7649994375609125,1.6829593966053824,1.1664408956390313,1.0136493856414752,1.0821818893518682,-0.21718714681459317
2.1471334365064156,1.3585240749277325,1.521652611180319,1.071939546653726,1.3005070714224103,1.7745134079869285,1.7439224681014291,0.9523757101191151,1.835737446194971,1.4321811554447044,2.066524584811074,1.4713383605137111,1.2452392375914347,0.6591739931385595,1.6897604626816516,0.5530822091120341,1.9599480675999008,0.9873454129640713,1.967568133702725,1.1718126318284798,1.3818895240601368,0.9990847918888935,1.3973467621973528,1.7842613636133684,1.3163264880689163,1.4161412174368138,0.9034108296989655,1.673891993819914,0.7933335512598658,1.424920406983938,0.859057493810632,1.312285751623807,0.8652725380441105,1.2330637153691215,1.0603631856786688,1.4407855378382728,0.9794181195687038,1.0222319708640968,0.5296772203527648,1.0952466894616242,0.8955631995139786,0.818542450507931,0.9189531998148088,1.5946595454211465,0.7517642890962933,1.9589604849003428,0.9786181100334665,1.4165103312335923,1.0728105453253434,1.0341562672132882,0.8638451614462389,1.1958011240313922,0.7419074938165161,1.6705421064985602,1.2101639633678805,1.0136493856414752,1.0613898325817401,-0.2104752857858065
2.033650903447237,1.288483832170889,1.7389686332996965,1.108926624817838,1.293624430765748,1.7745134079869285,1.7692328555979928,0.8480014456763428,1.8159908471716921,1.4116931107195172,2.0368606105129112,1.544885143730515,1.3432401322530592,0.8134388616374166,1.6897604626816516,0.6923798722368051,2.1676172677831778,0.9999750711575008,1.9894830993701955,1.1276977709347296,1.3760484115301699,0.9990847918888935,1.3973467621973528,1.675826113293558,1.3033377285837215,1.459541841096195,0.8356657735986284,1.673891993819914,0.721411440260882,1.4324566894813868,0.8068494489256623,1.3436189546588089,0.8161477731709021,1.2330637153691215,1.1725074530600137,1.4376282086656367,0.9578634013349868,1.0996052971226908,0.5807546677598632,1.0775736184828293,0.8984413886710377,0.8313804602110382,0.9189531998148088,1.6791411643930676,0.7369970291847943,1.9931049132909402,0.9832707061746695,1.4293907179460665,1.0497867142171087,1.0341562672132882,0.8638451614462389,1.1465325318171997,0.9834206890505406,1.6887357392199103,1.4338922639164853,1.0136493856414752,1.0345455466532285,-0.18657278312112863
2.090027257573886,1.2778518830802224,1.7763889933221724,1.1144399165080623,1.2845526942339365,1.7745134079869285,1.6935056168527753,0.9409669035928251,1.8205744959612065,1.3521809167868646,1.862130033162967,1.4917464186010234,1.224624574807462,0.8416751382623896,1.6897604626816516,0.7383962493733633,2.2064351078649715,0.9864291410253923,1.97945984096265,1.0924945621358346,1.296786593943138,0.9990847918888935,1.3973467621973528,1.7037329099581902,1.6118228971354134,1.4678432612004135,0.8651201494542416,1.673891993819914,0.7469380950097054,1.3716657555996334,0.7791572374497729,1.3441458255653373,0.8118155711922904,1.2330637153691215,1.2165700233055858,1.3589738099051205,0.9721038355696423,1.0182252981899031,0.5562307500843544,1.0697324187023085,1.1555107613661166,0.7962151617283785,0.9189531998148088,1.6467098229612904,0.709404309255617,2.017749400539082,1.018949729193321,1.3524887999168087,1.0233624835134307,1.0341562672132882,0.8638451614462389,1.1161313039385334,0.9318297368898416,1.6918130888288883,1.4987684300855715,1.0136493856414752,1.0379971631340978,-0.11859506606008549
2.1191557153546396,1.2637367209248207,1.7197779587386217,1.1321815818826704,1.3228083260316101,1.7745134079869285,1.6651741405990308,0.9040783883708802,1.796198723601914,1.2695418492173076,2.087749697096841,1.3871453916902026,1.2132944215057182,1.0706863549676549,1.6897604626816516,0.8081225093574844,2.224704317013651,0.9388897507741801,1.9493058334152746,1.1189324243434802,1.329035969254098,0.9990847918888935,1.3973467621973528,1.577842766385771,1.632819957860573,1.3631948811877403,0.8248216053922295,1.673891993819914,0.7571237395484653,1.3501454315907733,0.7867710987274061,1.3401698381629297,0.7324483269586929,1.2330637153691215,1.0962520855279305,1.5062415763460446,1.0076728748622281,1.0226226260712676,0.555407113780302,1.0697251579452467,1.1203472072545742,0.7869153678659613,0.9189531998148088,1.6429443247030588,0.8628270349110051,2.006931323478491,0.9861499816015287,1.2528214202763819,0.9952231569998761,1.0341562672132882,0.8638451614462389,1.0941426172983126,0.930896140453697,1.7618578192889942,1.531816360397763,1.0136493856414752,1.0353329448104343,-0.10326644706952749
2.100978063771972,1.1803342896773146,1.7414669931528046,1.0946013539903432,1.3319202668485743,1.7745134079869285,1.63150735011642,0.8589547673728801,1.7108914928333299,1.1651891040460698,2.043578279814362,1.3070143414812496,1.3246107200652133,1.15950936880792,1.6897604626816516,0.8444492461676446,2.329009278741309,1.0083319551015497,1.8402486221436614,1.0874873947654007,1.3595375491460462,0.9990847918888935,1.3973467621973528,1.519856108338421,1.6117347033650165,1.2261025121258349,0.8367005630041071,1.673891993819914,0.7503492441656935,1.2916099429672456,0.7902002421700688,1.330731904605604,0.7953030010012608,1.2330637153691215,1.0350646588428984,1.4384072498227818,1.0446384310070913,0.9873224289854632,0.5332237481925193,1.0833141915392852,1.0328653899065598,0.7807434822692378,0.9189531998148088,1.661298175647775,0.8207813357744739,1.9320950036207576,1.0204645873820606,1.235273890899803,0.9757371558123922,1.0341562672132882,0.8638451614462389,1.020803363462396,0.9598503961002217,1.718595179719825,1.4428139128107513,1.0136493856414752,1.0633711321825867,-0.059768189786593574
2.071611903937923,1.225265073664931,1.610322933768588,1.133095438552676,1.3798050914869222,1.7745134079869285,1.7142245656084691,0.7930185765794084,1.8335937448503121,1.2250276869518706,1.8572048098342615,1.4007681654198965,1.402424645266953,1.213181584520091,1.6897604626816516,0.7732432298198253,2.3382586337916034,0.9395865894827231,1.8007971431299215,1.1045404219975978,1.2962930684472251,0.9990847918888935,1.3973467621973528,1.6188127591634747,1.6991990469770981,1.3414538218432495,0.8455408791755634,1.673891993819914,0.7904895968037278,1.1683436905272973,0.7974087983212306,1.2029617810338462,0.7337488888750666,1.2330637153691215,1.0536358809248458,1.5352459406578973,1.1170420988803924,1.0342721011282967,0.5558887238793623,1.0474561534601188,1.0054325248793978,0.8252946539000325,0.9189531998148088,1.741091896098894,0.8268650677695374,2.0002126656723007,1.0498337051321285,1.1673083390545298,0.9937792435588406,1.0341562672132882,0.8638451614462389,0.9879835047934359,1.0655308073058642,1.6929240407376307,1.529122437236512,1.0136493856414752,1.0352335205038412,0.011549032223726127
2.024659556057102,1.234899058723352,1.5743849599371365,1.1343668637663127,1.501307733261867,1.7745134079869285,1.6277230882979135,0.78890306619056,1.7538201794090185,1.2887003650327538,1.7370853699960747,1.3930237873021156,1.413636915076065,1.1923698846695872,1.6897604626816516,0.7079164020413072,2.183810245575429,1.01762009993426,1.8208490244547908,1.0888668867359974,1.314841905750406,0.9990847918888935,1.3973467621973528,1.622220467585681,1.6433967914289893,1.369836022500337,0.9223850608882237,1.673891993819914,0.6627613090972614,1.1668076256222224,0.828313879389911,1.187456551340352,0.7292407989922496,1.2330637153691215,0.9888007825522588,1.536478256984161,1.1061060405834806,1.0804170523726437,0.5189423081602982,1.1435782433448174,0.9913503893737619,0.8059910226286,0.9189531998148088,1.764056702835531,0.7947564446042925,1.9096003446157017,1.0300136400138216,1.1983612316388055,0.9733613564331284,1.0341562672132882,0.8638451614462389,0.9986484164030215,1.0002282034138152,1.6896493461021622,1.5925820816987957,1.0136493856414752,1.0595188882979556,-0.008101876724247696
2.029119004026797,1.1953482490006513,1.6396021867121207,1.2094686517408062,1.440006223561675,1.7745134079869285,1.693103515515177,0.6766577055310288,1.7660408193024524,1.318337250399795,1.704208290186734,1.3622066451459045,1.4690835015862205,1.1938821898654226,1.6897604626816516,0.759369426863523,2.113081869400995,1.1399169752607823,1.7417671099727352,1.1248843158482966,1.3228828539307462,0.9990847918888935,1.3973467621973528,1.5313521026234567,1.6208691351500009,1.3766929775524173,0.8869030300201899,1.673891993819914,0.6858548300624694,1.160133433112161,0.8575344393775891,1.1176352587470673,0.7209265598710084,1.2330637153691215,1.0212435459993445,1.4714223150632144,1.0879396615254866,1.0441772906702902,0.5318133843988128,1.0951356446200065,0.9852894261512144,0.7977758544699591,0.9189531998148088,1.7428791966301609,0.8009218247447966,1.965657515847181,0.9997664657383684,1.2031170376004434,1.005462466085901,1.0341562672132882,0.8638451614462389,0.9655816679189875,0.8991687379219042,1.6990846214096824,1.5263363754487227,1.0136493856414752,1.0587365113498484,0.031337161221919166
2.03456325429623,1.1318304384070552,1.6250365077528972,1.3071529140696125,1.4486936453250687,1.7745134079869285,1.5871747406587366,0.6349799625325077,1.699911599444948,1.3652804429184227,1.6497411922744727,1.3567141872615238,1.5237182611471538,1.1862256598687704,1.6897604626816516,0.7613217841391011,2.101632797906981,1.1117647362142777,1.6971213152121476,1.1438916362286264,1.3485766124061127,0.9990847918888935,1.3973467621973528,1.564240576482952,1.715300391938081,1.3410431445951707,0.9610647070811429,1.673891993819914,0.6963084090304271,1.1202464824900762,0.8899998945258683,1.120082502450983,0.7099294131462819,1.2330637153691215,1.0524692168965228,1.5375233270794118,1.054086710345178,1.0285287511989964,0.5180697516252638,1.103798776274908,0.9674479698496199,0.7990950689689407,0.9189531998148088,1.7428367193815704,0.8393642375011701,1.9010951197392185,0.9789079668505709,1.2103286749773232,0.9697525899753315,1.0341562672132882,0.8638451614462389,0.9544501038614167,0.9557776262144253,1.6870825801394584,1.594664913939183,1.0136493856414752,1.0468752299423698,0.04031454263664485
2.0605562268608013,1.0822692696512513,1.5644256505041505,1.214572440539965,1.4285817875294415,1.7745134079869285,1.5203365070756583,0.6141994872375249,1.740797392746109,1.3234965238610048,1.668391166642041,1.4849290375461308,1.4749205383429027,1.182932586884175,1.6897604626816516,0.8012675166342628,2.0755609876377825,1.137993659377756,1.6681728892977827,1.142338303709244,1.378204169507619,0.9990847918888935,1.3973467621973528,1.5670805194012198,1.7129964783346396,1.1719435034975352,1.0473848379862576,1.673891993819914,0.6687135001696797,1.102517259604842,0.9195076786629689,1.1396005248070908,0.7239880071754402,1.2330637153691215,1.0359315281995882,1.4885751829984033,1.029624447842635,0.9978414516233007,0.5331879391219527,1.0290286069582573,1.0346254468551324,0.7701193566768493,0.9189531998148088,1.688747401600747,0.8299457537742475,1.920567126238381,0.926335386595997,1.1685920341643496,0.9705474199398315,1.0341562672132882,0.8638451614462389,0.9581169518511096,0.9173034918080054,1.7319240853036078,1.5329687238417486,1.0136493856414752,1.043931258404527,0.061668636554419426
2.0881619633336976,1.1105071388267238,1.5814076601063272,1.1321940750216635,1.5203015945319787,1.7745134079869285,1.5759132632041237,0.581844791166941,1.7449872638274548,1.2509765762788239,1.694156164164793,1.5187189209651306,1.4863936844706758,1.1797863184329738,1.6897604626816516,0.8142461142342984,2.1399060042484455,0.9425300412638876,1.5875550578351147,1.167427785169448,1.4578336189041259,0.9990847918888935,1.3973467621973528,1.4911246304562567,1.718889244963048,1.2352330124605588,1.0275404677377549,1.673891993819914,0.7284688155791076,1.0790587230651745,0.9420305677956116,1.1473116791410747,0.8442180494334983,1.2330637153691215,1.0240400439915935,1.4789589272032904,0.9691436270279592,0.9028994602439954,0.5262521072004418,0.9971868816096753,1.0362151652396672,0.7554567327238805,0.9189531998148088,1.6800719426577033,0.8053743185746725,1.906589457461227,0.8416249061961153,1.13331045556372,0.9514772109315146,1.0341562672132882,0.8638451614462389,0.8868898361268617,0.9213603236917561,1.906914098862339,1.5070884263308686,1.0136493856414752,1.062785099790385,0.020604251488822403
2.0722821796387834,1.1174455834289148,1.537228134944227,1.156242431164099,1.455443512116982,1.7745134079869285,1.59394159562147,0.6516977861131824,1.992754049003875,1.2211444539495595,1.6701655971006009,1.5116973008766688,1.467661872591434,1.151497568129387,1.6897604626816516,0.749089042048942,2.0932702033083075,0.9261854478901592,1.533561261330524,1.3021806533538067,1.3623661595565282,0.9990847918888935,1.3973467621973528,1.5033864956168068,1.6252048541147128,1.3473154559324712,1.0667555939896467,1.673891993819914,0.7329287763913344,1.0627006387405564,0.8973978843436883,1.1635797114659951,0.9646068117094134,1.2330637153691215,1.1169266716152522,1.4637190161595817,0.9168730770469644,0.9778462567635612,0.5473937612516392,0.9699472601025865,1.1083213476107945,0.7130526369125242,0.9189531998148088,1.6806634603190866,0.8078873608332695,1.8800554178259525,0.8781029094846586,1.1479425544354172,0.9074196894377428,1.0341562672132882,0.8638451614462389,0.8683525490708688,0.9164550256545839,2.035067702491218,1.4977824476735857,1.0136493856414752,1.0746690884373578,0.05366419889956235
2.0181724723314107,1.0804246750177775,1.4925098859446604,1.231074033158399,1.3941735746882833,1.7745134079869285,1.5864927387019263,0.6269020312746816,2.0116995600406176,1.1468149003806742,1.7567849763931986,1.6406364204965995,1.5521152831082243,1.132577552000698,1.6897604626816516,0.7706853050961953,2.097955759752112,0.8780504552312468,1.5693333840112,1.3063309056090706,1.3815057177400696,0.9990847918888935,1.3973467621973528,1.6210037832988653,1.6502395604439264,1.2435471109376508,1.0596935233646154,1.673891993819914,0.708347632344254,1.0640855418607238,0.8342677691832956,1.2112679668865092,0.8889943944909443,1.2330637153691215,1.1143281350422198,1.3793621699245617,1.0092434518326878,0.9505594135874047,0.5258022172077627,0.9064500892253304,1.1681363172707149,0.7298950292106325,0.9189531998148088,1.6373371662047957,0.7693242937792925,1.9475638154983566,0.8447090660928692,1.0889380794084318,0.9358943129927655,1.0341562672132882,0.8638451614462389,0.8798025183205487,0.8888841151867791,2.2398671725407664,1.5423307645967415,1.0136493856414752,1.072092515002325,0.02814968930761858
2.1639714034647883,1.124488931573181,1.4699273849407435,1.2561570599509824,1.466565321691787,1.7745134079869285,1.5927017342769845,0.5908414692049234,1.9798232169107683,1.1224831820653565,1.7807285461199147,1.6368373141651977,1.634029037591991,1.0844471572872714,1.6897604626816516,0.7849914681474335,2.094328923633676,0.7895463572730971,1.56462374317937,1.3506147934622643,1.3700237329025848,0.9990847918888935,1.3973467621973528,1.6586323591491772,1.585229368119385,1.2516070628844393,1.0036935424724882,1.673891993819914,0.697067915067137,1.0868602586102039,0.8175690968066183,1.3549149927756448,0.9098799408627749,1.2330637153691215,1.1898403810708449,1.3914124491283926,0.9724099655614451,0.9220440238588491,0.5648497265622489,0.8918784906629281,1.195063038702474,0.7106682512353871,0.9189531998148088,1.607902246187566,0.7529594212277338,2.229884080289416,0.7975810396169162,1.0599427967498534,0.9301983214015602,1.0341562672132882,0.8638451614462389,0.8296006399898956,0.8837581409489236,2.2136433924786583,1.5129709006873275,1.0136493856414752,1.0798409321628877,0.023645378179981188
2.129820475664938,1.1054452116824545,1.5178342969714962,0.9651213821083868,1.4166253700257296,1.7745134079869285,1.551286673898505,0.6360604151439768,1.9208028171961384,1.216784951343419,1.7727376723615502,1.5821668105019875,1.5990877879004084,1.091489775349069,1.6897604626816516,0.7355675480242118,2.0308538781507184,0.8097487063868279,1.601345435634439,1.3119728567828706,1.3141710012832026,0.9990847918888935,1.3973467621973528,1.758924205698932,1.5701935740845012,1.3117680495182027,1.0699051674626652,1.673891993819914,0.7527727374945784,1.0439024998642894,0.7895442904287852,1.3771585037680423,0.888120890984589,1.2330637153691215,1.172731291553609,1.36515696133971,0.949137937623102,0.9974789967880069,0.5952604688796553,0.8694464194527726,1.148672145692178,0.722334651978653,0.9189531998148088,1.6362654531580934,0.7208700981402384,2.070840911119958,0.783001922277021,1.012866000793427,0.9111322566841386,1.0341562672132882,0.8638451614462389,0.8972134709243235,0.8669536771053733,1.9979330678820932,1.529115343022862,1.0136493856414752,1.0886686051533598,0.006636925847901173
2.202755527219455,1.1562543347681573,1.483012766736678,0.952325453446739,1.4505956528724473,1.7745134079869285,1.509894534083164,0.7176979273020949,1.97541338689917,1.170426133909944,1.789893117260002,1.597025982891382,1.6543026755035863,1.1892747818927667,1.6897604626816516,0.7159707887692294,1.9019780002048232,0.32404261156447894,1.5736004561232226,1.2700398344585164,1.3398981442479523,0.9990847918888935,1.3973467621973528,1.7088190298181238,1.5868109241989428,1.2914812956725472,1.0319991896807643,1.673891993819914,0.7683774741056589,1.015321766761639,0.7935619555056576,1.5384487709634063,0.8634825315296434,1.2330637153691215,1.1990246709239718,1.368394970395054,0.9088190372755376,1.0228691915760522,0.6261754789808838,0.8332731130141795,1.0987037465737806,0.7424193484987203,0.9189531998148088,1.5464430410773755,0.7118305707717895,1.6036851707788098,0.7765969283857576,1.0367481577671083,0.9809813996703125,1.0341562672132882,0.8638451614462389,0.8686072646113159,0.924891757357678,1.971265639713502,1.493525324771507,1.0136493856414752,1.0645406325597062,0.018695912305895655
2.214294107058444,1.1552384166216336,1.4896407916798853,0.9736622421402134,1.5741132258802726,1.7745134079869285,1.4650521751433467,0.7640540763842322,1.937128282801732,1.1383869853805602,1.7425998705377492,1.5959527595034655,1.7534676356530172,1.21169910993172,1.6897604626816516,0.6939268002969662,1.9761952796725293,0.3305357257848741,1.5437766427824517,1.3384102257733435,1.4425619442901092,0.9990847918888935,1.3973467621973528,1.772964410021207,1.6290570411711929,1.4707184432177254,0.975360028805459,1.673891993819914,0.8025790879256115,1.0012574208476794,0.8155232267384162,1.544984794057989,0.8736706879972932,1.2330637153691215,1.163587519413716,1.2967686027320582,0.864696038535705,0.9754033841994306,0.5746669749999802,0.7724711594838107,1.0546676571361864,0.7168775672080739,0.9189531998148088,1.5062109713223328,0.7039206401560824,1.5907662446913156,0.7347319712573501,1.0900629209259096,0.9781697302438448,1.0341562672132882,0.8638451614462389,0.9142658298596031,0.8995730781717873,2.5975324126019914,1.480835770470727,1.0136493856414752,1.0848058685330007,0.03965150946328547
2.1684310204853063,1.2271739153141046,1.4981686557083234,0.9149413730261575,1.5478363527395012,1.7745134079869285,1.4388070638486106,0.7397771502323345,1.8765052051218798,1.1989392957319576,1.727935604017615,1.551775435882036,1.8576951888890145,1.2251169754108813,1.6897604626816516,0.7251302021948649,1.9468831405634217,1e-06,1.5057677240046774,1.3290743107156557,1.4111545166892994,0.9990847918888935,1.3973467621973528,1.7346110374264392,1.5811274964935704,1.4802574765427008,0.981316233396649,1.673891993819914,0.7979634388862672,0.993646584779385,0.8025847693848391,1.2797934547668315,0.8564618678246784,1.2330637153691215,1.2303342222829972,1.3071987155462255,0.8698009096333532,0.9300816817915588,0.5979253193039704,0.8147203865295539,1.0591465909981475,0.6858995303937742,0.9189531998148088,1.5047906130007007,0.6830223464376395,2.0901311207326687,0.7104132823984779,1.0586380813774294,0.9779926219435708,1.0341562672132882,0.8638451614462389,0.9164210481645508,0.893373714594195,2.5769766969299552,1.5371608098838638,1.0136493856414752,1.0719100217667987,0.043015474370423065
2.1764059797197777,1.1828000858588807,1.4876135319607464,0.12408638679436819,1.4329714079715652,1.7745134079869285,1.4021631093440377,0.7115562091460079,1.7419982883460037,1.1076363669134297,1.6423229717295178,1.416060562750311,1.7597884019662489,1.179854797019473,1.6897604626816516,0.7036018964538139,1.9697806839325362,1e-06,1.3724795264251202,1.2381950570607427,1.3278617886932604,0.9990847918888935,1.3052916790358242,1.6600639881427264,1.5741706310460528,1.8963490012932342,0.9452420132964701,2.6982834874712576,0.8493478880258143,1.0363170245066728,0.9072909826048304,1.8766805337849024,0.849981416663911,1.2330637153691215,1.2799345558289752,1.3611983974419324,0.8501302498590778,0.9529433825348512,0.6010494604166561,0.7859496554769115,1.0942446527605014,0.7123115576594677,0.9189531998148088,1.5720358078536345,0.6900481175335366,2.1409155306244547,0.6979314959903854,1.149941325710539,0.985203368325786,1.0341562672132882,1e-06,1.005130007139212,0.9073209879115273,3.0138948549700304,1.6061408376251154,1e-06,1.0744092845584108,0.0012492757170302713
2.249320468669095,1.151424816176028,1.452675076301095,0.9331378203936368,1.3874091421516992,1.7745134079869285,1.511665152418567,0.7156143006679053,1.7541899109058887,1.1043889884904907,1.7330974715044347,1.3643120231170014,1.7256325808690096,1.1221763828572227,1.6897604626816516,0.7057751046361036,1.8630047498329902,1.0782898263277025,1.5286041820158869,1.2013515734036873,1.3210562433008286,0.9990847918888935,0.7496963025089154,1.6444308475189287,1.579227228228272,0.8178739001122788,0.9506902107316825,1.2874887131758521,0.8627027126985023,1.1810048387054533,0.8554412695063628,1.005057669241708,0.8279581121966088,1.2330637153691215,1.1520881970286772,1.3455005906559203,0.8743976085212876,0.937176366930267,0.5803308331228131,0.7423838355628184,1.0989487330274539,0.6722614144021816,0.9189531998148088,1.5534380384768494,0.7122514805232291,0.9563711281253835,0.6989593914140761,1.1207009543503774,0.9718327665961899,1.0341562672132882,1.6860121529268917,0.9344154837759023,0.8817497751703689,0.9905338739079096,1.5852830672963363,0.9339864051969339,1.096426636265786,0.023332852204548414
2.2264384359994933,1.2468727739030212,1.4093408264214873,1.4279285882668749,1.4590423041287743,1.7745134079869285,1.412185482009528,0.708380221316051,1.6646792531172967,1.1561825169466942,1.708441618195897,1.293946645131966,1.7159453069361799,1.2338226937701615,1.6897604626816516,0.7045248352444158,1.791874352886369,1.0782898263277025,1.5425532103270128,1.2541352943664523,1.2801940991748377,0.9990847918888935,0.4047527256048379,1.6067578363653365,1.4840406296572994,0.8178739001122788,0.952692075212193,1.3287373043030237,0.8311064003950874,1.1251476349169567,0.8212897871231364,1.4506890398717693,0.7954001051394937,1.2330637153691215,1.1212685889483536,1.363268201086454,0.8693451179080173,0.9759411987309307,0.5810835919999229,0.812798215647755,1.080283271835249,0.7115836707073028,0.9189531998148088,1.5768346202108632,0.7458576796520823,0.9563711281253835,0.666022979760204,1.1898988578525584,0.989212381833251,1.0341562672132882,1.0491499396895612,0.9681163457806892,0.9501420525088009,0.9905338739079096,1.607726322341193,0.6839259054844407,1.0964903649656745,0.04365305509020187
2.154381110119598,1.1692805905791317,1.4222284288220906,1.1389512750126234,1.4257338209195745,1.7745134079869285,1.4553843676488027,0.7004315922664358,1.619117181020832,1.135955522053174,1.7406775138170765,1.2524282723479865,1.6926711962637824,1.1957308519288001,1.6897604626816516,0.7098311062960441,1.8199131830131965,1.0782898263277025,1.511621566723666,1.1909016643842842,1.2512874338975173,0.9990847918888935,0.29608828800085346,1.6573106237897806,1.4464857073870359,0.8178739001122788,0.9424269040311588,1.1398689071098236,0.8136353596760638,1.1929117845816324,0.8187681465626616,1.1378696548596048,0.7660533568287617,1.2330637153691215,1.1031262936057653,1.3742212905104807,0.8523188059823883,1.0205657194969575,0.5676725315519896,0.7788762549716122,1.0987545132031635,0.6728735605597144,0.9189531998148088,1.6009694253352176,0.7232839028398723,0.9563711281253835,0.6900271811770378,1.1336042584570882,0.9854554202265615,1.0341562672132882,0.9818573735368112,1.003052003305019,0.9984778937321596,0.9905338739079096,1.6143607638047843,0.5270145422178145,1.1070017408499782,0.0480478681969792
2.155264478389539,1.1419975102822877,1.3172930772808622,1.0438977200759318,1.4179993612822364,1.7745134079869285,1.4532502336855835,0.6827262352964495,1.531622560344271,1.1793598307902502,1.7096893096923031,1.247035428188064,1.6734786452565975,1.1632165741745144,1.6897604626816516,0.6985737486422627,1.7810347833063025,1.0782898263277025,1.4749206374224562,1.1683824043083657,1.3025381633902868,0.9990847918888935,0.9180185896512139,1.6064677266553427,1.4053775779655298,0.8178739001122788,0.9254531171322814,1.1394203467607655,0.8346491365124518,1.2100458779607977,0.7778471190341932,1.0479201280244896,0.7822445155497844,1.2330637153691215,1.1196443519646473,1.3921803650604845,0.8032601036492681,1.0187022430580985,0.5608638170554434,0.788275765366635,1.1373901068685934,0.665274118890896,0.9189531998148088,1.6226485131036863,0.7192068260263134,0.9563711281253835,0.7314289016696889,1.2177327650759509,0.9625686384485049,1.0341562672132882,0.9493497091334603,1.0628332350858734,1.004996728554974,0.9905338739079096,1.648770176520021,0.5968750843119257,1.1139755326953127,0.008201832036903669
2.1239868189758724,1.1596091526330978,1.3597808662030801,1.1125654293900153,1.459188121222514,1.7745134079869285,1.401530836540494,0.6655094392341233,1.530803447231056,1.1372037038419944,1.7321549977946604,1.3100659676892343,1.7750056371987672,1.1297832719811383,1.6897604626816516,0.7101122270174272,1.8845238696990338,1.0782898263277025,1.4457974885169205,1.1487292684865285,1.302118315978627,0.9990847918888935,1.1596424119343494,1.662931904713125,1.3573486378302015,0.8178739001122788,0.9389694503405385,1.0712374370318423,0.8400046264943727,1.1916207951412843,0.7986767778839982,1.3752808517356394,0.7477707461366696,1.2330637153691215,1.0886319620738858,1.3737289145510547,0.8056258914999644,1.038964536000925,0.5574364427887959,0.7719584139698453,1.1061117499368371,0.6453939503634807,0.9189531998148088,1.594146596684422,0.720447595460774,0.9563711281253835,0.7799618414800481,1.158843875883192,0.9890370474531868,1.0341562672132882,1.0324076656898424,1.0500503899870661,0.9968037193725493,0.9905338739079096,1.6560665637940255,0.46599924063542947,1.1267838594906388,-0.008991464238448123
2.1045081412450415,1.1422560041763654,1.4322314688552535,1.1159244557514991,1.476450444216061,1.7745134079869285,1.4252853735200364,0.6667295609307536,1.5514730043515472,1.207202753126442,1.7256526987830618,1.2944037370737245,1.7467460164208244,1.1809611686901031,1.6897604626816516,0.719138240103103,1.8540774364167925,1.0782898263277025,1.463450466724771,1.1396188116698032,1.2984596167052147,0.9990847918888935,1.1060326920162495,1.6145660671679913,1.3119142289270787,0.8178739001122788,0.9556706543666491,0.9225063210730943,0.8528351051865128,1.165382740563822,0.7873038712283206,1.3806087238878495,0.7781884293389807,1.2330637153691215,1.07432213064762,1.3647217961044749,0.7583822095627863,1.0154887693992,0.5307065932073136,0.7704828796116214,1.0756327075630863,0.6417796189678827,0.9189531998148088,1.5821949169741654,0.6687355257961056,0.9563711281253835,0.761827036248821,1.1087880083221349,1.0226799075228916,1.0341562672132882,1.0644436247609985,1.0083519485913663,0.9994062955302384,0.9905338739079096,1.6399920107634822,0.607183463302213,1.1430378051285779,0.003747289252171208
2.0490599854164713,1.0842840121178914,1.4954344951875589,1.2047913244450532,1.5401955115565096,1.7745134079869285,1.4008839425433341,0.6440109279084147,1.514619975765348,1.2748248967020746,1.6715881207373573,1.3234442570050726,1.7460430782429166,1.135678608963529,1.6897604626816516,0.7108767665101787,1.889581039883746,1.0782898263277025,1.501844057860843,1.1073792955966624,1.2681764174331578,0.9990847918888935,0.8964670050783088,1.6368696498920101,1.289617327919419,0.8178739001122788,0.937291808130999,1.034126669091608,0.8808597320963785,1.1781887967303226,0.8446965376917314,1.2547243517895308,0.8314476887129942,1.2330637153691215,1.1086987642716415,1.3591212574207492,0.7833072329380569,0.9674652153674408,0.5045685220658632,0.754891242442114,1.0477357983679567,0.6666463714236145,0.9189531998148088,1.58906050592322,0.6490070747808617,0.9563711281253835,0.729862848121245,1.1403950491083203,1.0131786123391788,1.0341562672132882,1.1315038972708884,0.9707999069721136,1.0445907170936342,0.9905338739079096,1.6487971834922897,0.5324625326382151,1.13907441085867,0.007408057189696458
2.0222708457362653,1.0471895907014679,1.4948427693133295,1.4053963968204244,1.4927535815599602,1.7745134079869285,1.4591929456343753,0.6299124312282286,1.5070405395958868,1.3665674195530466,1.6260874618471755,1.3167224422796047,1.7297184474011231,1.074106227868086,1.6897604626816516,0.6891817973100246,1.7938590265624001,1.0782898263277025,1.4812411451815128,1.0957162898994457,1.245042926474554,0.9990847918888935,0.9751541563813547,1.640667314225247,1.2277051394446714,0.8178739001122788,0.9257035882610528,1.1589105783036704,0.935367522425973,1.2081225166389702,0.8175558212704247,1.2726024151874769,0.8251763944784466,1.2330637153691215,1.0726717712188887,1.3920935528923335,0.795271069893241,0.9907566213298288,0.48553230323794744,0.7229054486637819,1.1265674821948002,0.7372542921718201,0.9189531998148088,1.6086418469731858,0.6422944158402799,0.9563711281253835,0.7699808435280585,1.1712029710653082,1.0213628142516784,1.0341562672132882,1.100575232632449,0.9689856065545339,1.0573359835614782,0.9905338739079096,1.6489746002218988,0.5335855955347752,1.142305124417175,0.03227278405997499
2.034153993998699,1.1235451476524787,1.4860454491891177,1.3001447830021675,1.519276817265635,1.7745134079869285,1.3928285508073615,0.6044750808308753,1.496531305883202,1.3878968322683525,1.6337821122653233,1.2579513119605565,1.7570843523476827,1.0895475119766178,1.6897604626816516,0.6808749428472172,1.8408645236554497,1.0782898263277025,1.467619296039288,1.0490136334951004,1.290723865275399,0.9990847918888935,0.8638864545610356,1.6038022718627896,1.2538355631399372,0.8178739001122788,0.936424110231578,1.1604342272402892,0.8945375584059059,1.1640886390099086,0.8477809953745945,1.2661479682745522,0.7795712454528972,1.2330637153691215,1.0445705817104995,1.3599766382651441,0.8409983575429961,0.9944692667629439,0.4505378680625937,0.7208037127311255,1.0972545332043573,0.7319827519997516,0.9189531998148088,1.5663875122601265,0.6383095618956324,0.9563711281253835,0.7222233520868538,1.1930997057713912,0.9759025274434339,1.0341562672132882,1.1482201554365348,0.956360728357706,1.0674566702070099,0.9905338739079096,1.6245084849084215,0.5604864782282686,1.1722185926568454,0.025560542612166764
1.967231844991375,1.1511272047392698,1.44282793620359,1.316749640478062,1.4399534582987665,1.7745134079869285,1.3998353066991798,0.5971722382073262,1.472214167703822,1.4023722344372427,1.6537925813472318,1.348084227072692,1.6886556238725994,1.1070601046852167,1.6897604626816516,0.687281631847127,1.8810888172141411,1.0782898263277025,1.4863104027003153,0.999669174037333,1.2423374019976194,0.9990847918888935,0.8553931923159567,1.643116138380153,1.2716921788533952,0.8178739001122788,0.8984042269573004,1.2911971750318159,0.898251639320494,1.1582295658505504,0.9084046193702533,1.3051154779256933,0.7354167338710699,1.2330637153691215,1.0459024826598915,1.3288061548547148,0.8628177268227019,0.9803143293536936,0.4715990626757947,0.6828110483227355,1.0264505245311788,0.6963672170712705,0.9189531998148088,1.5723795055077079,0.5985010620914748,0.9563711281253835,0.6910739783962823,1.197379708303614,0.9793001585553909,1.0341562672132882,1.2182140000163737,0.9187458162657091,1.0469520913338086,0.9905338739079096,1.5909720752542857,0.6156981854318334,1.2140347833317418,0.00698590925792198
1.9034293186526547,1.2128617741473888,1.4535261414152514,1.2186517239427257,1.459258405587317,1.7745134079869285,1.4120630069589113,0.6040994652127298,1.5196414477900015,1.3769032533529562,1.7554656381824847,1.375942018489466,1.7113301417970452,1.1257085607628707,1.6897604626816516,0.6873345826105853,1.876400792892659,1.0782898263277025,1.5059276850262084,0.9712766936674901,1.2540849509304388,0.9990847918888935,0.8899617259822871,1.6430441644915208,1.346550595473297,0.8178739001122788,0.9173514659322932,1.2021282660425023,0.9479043919993774,1.1513895978412607,0.9346680310314539,1.3108111151290986,0.7017122313242179,1.2330637153691215,1.0977207351238152,1.3316826707677376,0.8480469530450468,0.9817158127299397,0.483857647482872,0.6816211587729352,1.008351225166441,0.6687312721136043,0.9189531998148088,1.5804069692625868,0.6186741991788631,0.9563711281253835,0.6663335589962942,1.2088786174579669,0.9490147187106085,1.0341562672132882,1.2323136256923684,0.9156143752886299,0.991328311530031,0.9905338739079096,1.584439062359214,0.6195617672883331,1.1932908967075004,0.029847153682963017
1.8803809369646718,1.1612835890708983,1.4967111945677025,1.2064908135146648,1.4481955476506723,1.7745134079869285,1.402687215287101,0.6137882960695338,1.6260186910883143,1.4023392382584392,1.741981022995294,1.3408791081458258,1.7107573607314215,1.1360864386595222,1.6897604626816516,0.70092766362215,1.89495355079177,1.0782898263277025,1.5141739852281395,0.936294532279207,1.2649506586907493,0.9990847918888935,1.0112895825253891,1.6532598183285856,1.28417487291936,0.8178739001122788,0.9047245452400765,1.345150717123483,0.9304328803327812,1.1575412307119644,0.9829707213032359,1.349012656956144,0.7329658678947799,1.2330637153691215,1.1231304882385351,1.3435100557329018,0.8601086254038371,0.9798981512776003,0.4894861530941769,0.6631120366719795,0.9781462576301689,0.7552279382347467,0.9189531998148088,1.6023376278779153,0.659517922954424,0.9563711281253835,0.6721378172806501,1.189970380377886,0.9462226174993319,1.0341562672132882,1.2681467769793724,0.9183775274377389,0.9955743463041653,0.9905338739079096,1.619506563068377,0.6960677900155894,1.1630031371522822,0.022485278606771315
1.8590750872009112,1.1547993735361273,1.4503177199256796,1.1339441878797387,1.401239018265472,1.7745134079869285,1.400070865981123,0.6025633161975992,1.6285150490690297,1.3750800193126076,1.736034930286155,1.4229654933873634,1.7613724806157327,1.1345989987981366,1.6897604626816516,0.6735926442677874,2.0257613721353316,1.0782898263277025,1.484968875513448,0.8724493833684019,1.3779108229597965,0.9990847918888935,1.1686138245368323,1.6209261791184988,1.2690231162620766,0.8178739001122788,0.9029290597163239,1.3324525458224539,0.9164469319621097,1.1504076887013932,0.9658712612745144,1.2941452793595054,0.7040970707182269,1.2330637153691215,1.1224856929893219,1.3398899395906096,0.8633094898631146,0.9730815201219376,0.4721198914382543,0.6945964714665953,1.042823195816198,0.7258708842374614,0.9189531998148088,1.5920328225055758,0.7144390122162338,0.9563711281253835,0.721391011428256,1.1706905149618305,1.0028281154388958,1.0341562672132882,1.2101965513242816,0.9231261113229017,0.9666905339822747,0.9905338739079096,1.6337546371847977,0.6748780654673696,1.166087808180608,0.03373769003726185
1.8817709677722962,1.1280310266246172,1.3812558872303005,1.1178784361350633,1.4190321382912505,1.7745134079869285,1.4147025093499104,0.5914290272509721,1.6108057946051058,1.4337936753192664,1.6984167110289914,1.4628489828892504,1.7322051649884682,1.188199471522109,1.6897604626816516,0.6709910314039321,2.0717868819035656,1.0782898263277025,1.4122957778808263,0.8626353861739895,1.370743794815529,0.9990847918888935,1.2980845280560798,1.5394942972594723,1.2436078406924749,0.8178739001122788,0.9133010670962396,1.2610934495950579,0.963245512957284,1.1007864761045767,0.9196277526701122,1.268037920044467,0.7056817211592271,1.2330637153691215,1.0801093355313935,1.3235577372735667,0.8642528659976139,0.9819933523497338,0.4912875981650295,0.6793885258054423,1.0334394790204522,0.6879944136777483,0.9189531998148088,1.6161465931219297,0.687524956167449,0.9563711281253835,0.6950776044652315,1.2101725689458707,1.018384735723949,1.0341562672132882,1.2456618137258109,0.9321358864720168,1.0099992813654772,0.9905338739079096,1.6520326945738901,0.7370249872671496,1.177781898669833,0.0187031800250523
1.8649381135854444,1.1748810392446247,1.4913743681630547,1.1800088757330292,1.3954724462325472,1.7745134079869285,1.3811687261000671,0.5626851051921227,1.5708200843208573,1.5343841235956692,1.6958737979139318,1.509782894121971,1.6859530469897968,1.1542436275179062,1.6897604626816516,0.6635717271748877,2.122105686181767,1.0782898263277025,1.4260787446548353,0.8868706308103637,1.4115106692451642,0.9990847918888935,1.288821098752259,1.5048518166561227,1.3020178121603305,0.8178739001122788,0.9284578955440415,1.2386330039121807,0.9126593656815478,1.1172324365401378,0.9801992484018691,1.3140041280678905,0.7364048415832124,1.2330637153691215,1.1055007499142464,1.3187028790720454,0.8447531311067338,1.039843836406363,0.5050083973150371,0.703536026144227,1.0104943097143702,0.7037434822039227,0.9189531998148088,1.5771714730196673,0.661724756035231,0.9563711281253835,0.6683880591352056,1.180260988592363,1.032625216808218,1.0341562672132882,1.1821238744342177,0.9148647768979937,0.9704775636619448,0.9905338739079096,1.6556068507710824,0.6765733991026701,1.1720505486191215,0.01909586054281985
1.8650907590550434,1.1461698542433405,1.4523016780403082,1.1709265969732567,1.378126932757682,1.7745134079869285,1.3528110249475254,0.540694332832495,1.6024495374807954,1.5317675241542241,1.7026180789954888,1.5318318759756118,1.6388198259668956,1.1341158088806718,1.6897604626816516,0.6703812418558512,2.1282699307081283,1.0782898263277025,1.4420471876156833,0.8544669292809989,1.3883327624021193,0.9990847918888935,1.4832930997076854,1.4997795757315306,1.245090195384607,0.8178739001122788,0.9259202609983971,1.1570535541203086,0.9029320129368994,1.1229170713448826,0.9791514479549392,1.2593310568099214,0.8038205866653658,1.2330637153691215,1.0932795326889502,1.3277994232932575,0.8565632302018062,1.0449607959721938,0.4914546261676203,0.705424452736361,0.9777052185898099,0.7064659348627406,0.9189531998148088,1.6085940189931303,0.6406735435564546,0.9563711281253835,0.6802816751548887,1.1853691142991658,1.0060471286657673,1.0341562672132882,1.1632133565195864,0.8931336081731491,0.9563363834616216,0.9905338739079096,1.6680204104771645,0.6250663181572996,1.1784676509210634,0.007929453225459487
1.8571165204321893,1.1077524770922669,1.4608288513640326,1.1103799830037824,1.310152891796135,1.7745134079869285,1.3375175350099642,0.5502090410912841,1.5413751706522996,1.5115569351470253,1.717338763687577,1.5709125997488758,1.6539469840499674,1.0910245193218198,1.6897604626816516,0.6845368894990371,2.154313687578627,1.0782898263277025,1.4398730450326587,0.874922117267065,1.3707264255882323,0.9990847918888935,1.4917756502263864,1.585671489033445,1.2501709636234337,0.8178739001122788,0.9167297819541749,1.123840072174343,0.9086940475235212,1.116375333054391,1.0358304778141745,1.2033497320630915,0.8020746855992469,1.2330637153691215,1.0593722565119796,1.311804165417834,0.8433449744164192,1.015907839634116,0.49911338663026383,0.7025248463659282,0.9708160696407592,0.6874705989907282,0.9189531998148088,1.5819110362233588,0.6351042381634211,0.9563711281253835,0.7055571626803693,1.1720274947296416,0.9789422590444535,1.0341562672132882,1.1421029382282128,0.8887454830140795,0.9630919163804997,0.9905338739079096,1.6783712654182277,0.6292769438123195,1.180759550414208,0.025623999432284016
1.6740835054064134,1.1237599037353037,1.4923926490513715,1.1136284622585138,1.2840024292236563,1.7745134079869285,1.224594241253461,0.5556222080457768,1.5743285194928138,1.4623871666119364,1.7772882112995443,1.5912953228490267,1.6876602189869465,1.1188922743476801,1.6897604626816516,0.7017676374748106,2.073326398327609,1.0782898263277025,1.4681526762783206,0.8559002385551928,1.3687208449507315,0.9990847918888935,1.3357303861391736,1.463550996538762,1.2103100721605753,0.8178739001122788,0.9167389192552261,1.0226840791994372,0.8482536268797752,1.1423507455384654,1.0779101561803779,1.2814255860213513,0.8035739295127545,1.2330637153691215,0.9602689755481489,1.3139725031894387,0.8716642577466636,1.0248029269797778,0.5066506974201779,0.7692138817182995,1.0204306834782475,0.6809101321757736,0.9189531998148088,1.642489023767238,0.6054192547123431,0.9563711281253835,0.7462372719649,1.168345679412461,0.9588738318869824,1.0341562672132882,0.9864477268164894,0.8415695711982076,1.0057089051586088,0.9905338739079096,1.6821643941914257,0.5375031742102602,1.1787248907320462,-0.0787757163651611
1.6976270882315763,1.0309590670545044,1.5814624850617043,0.9635054037324193,1.2088148556156604,1.7745134079869285,1.2408816109545673,0.5484255914804793,1.5907967905626987,1.430617488856548,1.864073948431323,1.6750343340049425,1.6446874227871986,1.1795192168152415,1.6897604626816516,0.716786197662649,2.0085534244740986,1.0782898263277025,1.4695814056580836,0.9741360723799164,1.3953730404167415,0.9990847918888935,1.2612077358878133,1.6905914119681797,1.2067776602287876,0.8178739001122788,0.9159468258532849,1.0270982802377933,0.864408794882003,1.2098365494232886,1.11840855476642,1.213598266320209,0.8171846952492183,1.2330637153691215,0.9337536005119229,1.2845776979093324,0.8100736763610497,0.9642086643399296,0.5497395771898188,0.7491259414267426,0.9520918753772053,0.8115979784137414,0.9189531998148088,1.6213675129300258,0.599774314315194,0.9563711281253835,0.6865247540828892,1.091363869691129,0.9644165297416448,1.0341562672132882,0.939081922706102,0.8819617747212265,1.0418408091844789,0.9905338739079096,1.66935532068467,0.550022242295812,1.1970458929249788,-0.10936259313338233
